{
  "Top": "cnn_stream_top",
  "RtlTop": "cnn_stream_top",
  "RtlPrefix": "",
  "SourceLanguage": "cpp",
  "ResetStyle": "control",
  "GenerateBdFiles": "1",
  "HostMachineBits": "64",
  "Target": {
    "Family": "zynq",
    "Device": "xc7z020",
    "Package": "clg484",
    "Speed": "-1"
  },
  "HlsSolution": {"Config": [
      "config_compile -no_signed_zeros=0",
      "config_compile -unsafe_math_optimizations=0",
      "config_schedule -effort=medium",
      "config_schedule -enable_dsp_full_reg=0",
      "config_schedule -relax_ii_for_timing=0",
      "config_schedule -verbose=0",
      "config_bind -effort=medium",
      "config_sdx -optimization_level=none",
      "config_sdx -target=none",
      "config_export -display_name=CNN_IP",
      "config_export -format=ip_catalog",
      "config_export -rtl=verilog",
      "config_export -version=0.0.0"
    ]},
  "ClockInfo": {
    "ClockName": "ap_clk",
    "ClockPeriod": "10",
    "IsCombLogic": "0",
    "II": "x",
    "Latency": "2767944",
    "Uncertainty": "1.25"
  },
  "Xdc": {"OocClocks": ["create_clock -name ap_clk -period 10.000 [get_ports ap_clk]"]},
  "Ipx": {
    "Vendor": "xilinx.com",
    "Library": "hls",
    "Name": "cnn_stream_top",
    "Version": "0.0",
    "DisplayName": "CNN_IP",
    "Revision": "0",
    "Description": "An IP generated by Vivado HLS",
    "Taxonomy": "\/VIVADO_HLS_IP",
    "AutoFamilySupport": ""
  },
  "Files": {
    "CSource": [
      "..\/cnn_stream_top.cpp",
      "..\/weights.cpp"
    ],
    "Vhdl": [
      "impl\/vhdl\/cnn_stream_top_CTRL_BUS_s_axi.vhd",
      "impl\/vhdl\/cnn_stream_top_mubil.vhd",
      "impl\/vhdl\/cnn_stream_top_mubil_x.vhd",
      "impl\/vhdl\/cnn_stream_top_mubjl.vhd",
      "impl\/vhdl\/cnn_stream_top_mucow.vhd",
      "impl\/vhdl\/cnn_stream_top_muxdS.vhd",
      "impl\/vhdl\/cnn_stream_top_muyd2.vhd",
      "impl\/vhdl\/cnn_stream_top_muyd2_x.vhd",
      "impl\/vhdl\/cnn_stream_top_muzec.vhd",
      "impl\/vhdl\/conv1d_horizontal0iy.vhd",
      "impl\/vhdl\/conv1d_horizontal1iI.vhd",
      "impl\/vhdl\/conv1d_horizontal2iS.vhd",
      "impl\/vhdl\/conv1d_horizontal3i2.vhd",
      "impl\/vhdl\/conv1d_horizontal4jc.vhd",
      "impl\/vhdl\/conv1d_horizontal5jm.vhd",
      "impl\/vhdl\/conv1d_horizontal_la.vhd",
      "impl\/vhdl\/conv1d_horizontalAem.vhd",
      "impl\/vhdl\/conv1d_horizontalBew.vhd",
      "impl\/vhdl\/conv1d_horizontalCeG.vhd",
      "impl\/vhdl\/conv1d_horizontalDeQ.vhd",
      "impl\/vhdl\/conv1d_horizontalEe0.vhd",
      "impl\/vhdl\/conv1d_horizontalFfa.vhd",
      "impl\/vhdl\/conv1d_horizontalGfk.vhd",
      "impl\/vhdl\/conv1d_horizontalHfu.vhd",
      "impl\/vhdl\/conv1d_horizontalIfE.vhd",
      "impl\/vhdl\/conv1d_horizontalJfO.vhd",
      "impl\/vhdl\/conv1d_horizontalKfY.vhd",
      "impl\/vhdl\/conv1d_horizontalLf8.vhd",
      "impl\/vhdl\/conv1d_horizontalMgi.vhd",
      "impl\/vhdl\/conv1d_horizontalNgs.vhd",
      "impl\/vhdl\/conv1d_horizontalOgC.vhd",
      "impl\/vhdl\/conv1d_horizontalPgM.vhd",
      "impl\/vhdl\/conv1d_horizontalQgW.vhd",
      "impl\/vhdl\/conv1d_horizontalRg6.vhd",
      "impl\/vhdl\/conv1d_horizontalShg.vhd",
      "impl\/vhdl\/conv1d_horizontalThq.vhd",
      "impl\/vhdl\/conv1d_horizontalUhA.vhd",
      "impl\/vhdl\/conv1d_horizontalVhK.vhd",
      "impl\/vhdl\/conv1d_horizontalWhU.vhd",
      "impl\/vhdl\/conv1d_horizontalXh4.vhd",
      "impl\/vhdl\/conv1d_horizontalYie.vhd",
      "impl\/vhdl\/conv1d_horizontalZio.vhd",
      "impl\/vhdl\/conv1d_vertical_laye.vhd",
      "impl\/vhdl\/conv1d_vertical_lbkb.vhd",
      "impl\/vhdl\/conv1d_vertical_lcud.vhd",
      "impl\/vhdl\/conv1d_vertical_ldEe.vhd",
      "impl\/vhdl\/conv1d_vertical_leOg.vhd",
      "impl\/vhdl\/conv1d_vertical_lfYi.vhd",
      "impl\/vhdl\/conv2d_layer.vhd",
      "impl\/vhdl\/conv2d_layer_convbIp.vhd",
      "impl\/vhdl\/conv2d_layer_convbJp.vhd",
      "impl\/vhdl\/conv2d_layer_convbKp.vhd",
      "impl\/vhdl\/conv2d_layer_convbLp.vhd",
      "impl\/vhdl\/conv2d_layer_convbMq.vhd",
      "impl\/vhdl\/conv2d_layer_convbNq.vhd",
      "impl\/vhdl\/conv2d_layer_convbOq.vhd",
      "impl\/vhdl\/conv2d_layer_convbPq.vhd",
      "impl\/vhdl\/conv2d_layer_convbQq.vhd",
      "impl\/vhdl\/conv2d_layer_convbRq.vhd",
      "impl\/vhdl\/conv2d_layer_linebkl.vhd",
      "impl\/vhdl\/fc_layer_16_2_s.vhd",
      "impl\/vhdl\/fc_layer_16_2_s_fcpw.vhd",
      "impl\/vhdl\/fc_layer_16_2_s_fcqw.vhd",
      "impl\/vhdl\/fifo_w32_d2_A.vhd",
      "impl\/vhdl\/fifo_w32_d16_A.vhd",
      "impl\/vhdl\/fifo_w32_d32_A.vhd",
      "impl\/vhdl\/fifo_w32_d64_A.vhd",
      "impl\/vhdl\/global_avg_pool_16_s.vhd",
      "impl\/vhdl\/Loop_1_proc134.vhd",
      "impl\/vhdl\/Loop_2_proc135.vhd",
      "impl\/vhdl\/max_pooling1d.vhd",
      "impl\/vhdl\/max_pooling2d.vhd",
      "impl\/vhdl\/max_pooling2d_linbSr.vhd",
      "impl\/vhdl\/start_for_conv1d_crw.vhd",
      "impl\/vhdl\/start_for_conv1d_csw.vhd",
      "impl\/vhdl\/start_for_conv2d_cux.vhd",
      "impl\/vhdl\/start_for_fc_layecxx.vhd",
      "impl\/vhdl\/start_for_global_cwx.vhd",
      "impl\/vhdl\/start_for_Loop_2_cyx.vhd",
      "impl\/vhdl\/start_for_max_pooctx.vhd",
      "impl\/vhdl\/start_for_max_poocvx.vhd",
      "impl\/vhdl\/cnn_stream_top.vhd"
    ],
    "Verilog": [
      "impl\/verilog\/cnn_stream_top_CTRL_BUS_s_axi.v",
      "impl\/verilog\/cnn_stream_top_mubil.v",
      "impl\/verilog\/cnn_stream_top_mubil_x.v",
      "impl\/verilog\/cnn_stream_top_mubjl.v",
      "impl\/verilog\/cnn_stream_top_mucow.v",
      "impl\/verilog\/cnn_stream_top_muxdS.v",
      "impl\/verilog\/cnn_stream_top_muyd2.v",
      "impl\/verilog\/cnn_stream_top_muyd2_x.v",
      "impl\/verilog\/cnn_stream_top_muzec.v",
      "impl\/verilog\/conv1d_horizontal0iy.v",
      "impl\/verilog\/conv1d_horizontal0iy_rom.dat",
      "impl\/verilog\/conv1d_horizontal1iI.v",
      "impl\/verilog\/conv1d_horizontal1iI_rom.dat",
      "impl\/verilog\/conv1d_horizontal2iS.v",
      "impl\/verilog\/conv1d_horizontal2iS_rom.dat",
      "impl\/verilog\/conv1d_horizontal3i2.v",
      "impl\/verilog\/conv1d_horizontal3i2_rom.dat",
      "impl\/verilog\/conv1d_horizontal4jc.v",
      "impl\/verilog\/conv1d_horizontal4jc_rom.dat",
      "impl\/verilog\/conv1d_horizontal5jm.v",
      "impl\/verilog\/conv1d_horizontal5jm_rom.dat",
      "impl\/verilog\/conv1d_horizontal_la.v",
      "impl\/verilog\/conv1d_horizontalAem.v",
      "impl\/verilog\/conv1d_horizontalAem_rom.dat",
      "impl\/verilog\/conv1d_horizontalBew.v",
      "impl\/verilog\/conv1d_horizontalBew_rom.dat",
      "impl\/verilog\/conv1d_horizontalCeG.v",
      "impl\/verilog\/conv1d_horizontalCeG_rom.dat",
      "impl\/verilog\/conv1d_horizontalDeQ.v",
      "impl\/verilog\/conv1d_horizontalDeQ_rom.dat",
      "impl\/verilog\/conv1d_horizontalEe0.v",
      "impl\/verilog\/conv1d_horizontalEe0_rom.dat",
      "impl\/verilog\/conv1d_horizontalFfa.v",
      "impl\/verilog\/conv1d_horizontalFfa_rom.dat",
      "impl\/verilog\/conv1d_horizontalGfk.v",
      "impl\/verilog\/conv1d_horizontalGfk_rom.dat",
      "impl\/verilog\/conv1d_horizontalHfu.v",
      "impl\/verilog\/conv1d_horizontalHfu_rom.dat",
      "impl\/verilog\/conv1d_horizontalIfE.v",
      "impl\/verilog\/conv1d_horizontalIfE_rom.dat",
      "impl\/verilog\/conv1d_horizontalJfO.v",
      "impl\/verilog\/conv1d_horizontalJfO_rom.dat",
      "impl\/verilog\/conv1d_horizontalKfY.v",
      "impl\/verilog\/conv1d_horizontalKfY_rom.dat",
      "impl\/verilog\/conv1d_horizontalLf8.v",
      "impl\/verilog\/conv1d_horizontalLf8_rom.dat",
      "impl\/verilog\/conv1d_horizontalMgi.v",
      "impl\/verilog\/conv1d_horizontalMgi_rom.dat",
      "impl\/verilog\/conv1d_horizontalNgs.v",
      "impl\/verilog\/conv1d_horizontalNgs_rom.dat",
      "impl\/verilog\/conv1d_horizontalOgC.v",
      "impl\/verilog\/conv1d_horizontalOgC_rom.dat",
      "impl\/verilog\/conv1d_horizontalPgM.v",
      "impl\/verilog\/conv1d_horizontalPgM_rom.dat",
      "impl\/verilog\/conv1d_horizontalQgW.v",
      "impl\/verilog\/conv1d_horizontalQgW_rom.dat",
      "impl\/verilog\/conv1d_horizontalRg6.v",
      "impl\/verilog\/conv1d_horizontalRg6_rom.dat",
      "impl\/verilog\/conv1d_horizontalShg.v",
      "impl\/verilog\/conv1d_horizontalShg_rom.dat",
      "impl\/verilog\/conv1d_horizontalThq.v",
      "impl\/verilog\/conv1d_horizontalThq_rom.dat",
      "impl\/verilog\/conv1d_horizontalUhA.v",
      "impl\/verilog\/conv1d_horizontalUhA_rom.dat",
      "impl\/verilog\/conv1d_horizontalVhK.v",
      "impl\/verilog\/conv1d_horizontalVhK_rom.dat",
      "impl\/verilog\/conv1d_horizontalWhU.v",
      "impl\/verilog\/conv1d_horizontalWhU_rom.dat",
      "impl\/verilog\/conv1d_horizontalXh4.v",
      "impl\/verilog\/conv1d_horizontalXh4_rom.dat",
      "impl\/verilog\/conv1d_horizontalYie.v",
      "impl\/verilog\/conv1d_horizontalYie_rom.dat",
      "impl\/verilog\/conv1d_horizontalZio.v",
      "impl\/verilog\/conv1d_horizontalZio_rom.dat",
      "impl\/verilog\/conv1d_vertical_laye.v",
      "impl\/verilog\/conv1d_vertical_lbkb.v",
      "impl\/verilog\/conv1d_vertical_lbkb_rom.dat",
      "impl\/verilog\/conv1d_vertical_lcud.v",
      "impl\/verilog\/conv1d_vertical_lcud_rom.dat",
      "impl\/verilog\/conv1d_vertical_ldEe.v",
      "impl\/verilog\/conv1d_vertical_ldEe_rom.dat",
      "impl\/verilog\/conv1d_vertical_leOg.v",
      "impl\/verilog\/conv1d_vertical_leOg_rom.dat",
      "impl\/verilog\/conv1d_vertical_lfYi.v",
      "impl\/verilog\/conv1d_vertical_lfYi_ram.dat",
      "impl\/verilog\/conv2d_layer.v",
      "impl\/verilog\/conv2d_layer_convbIp.v",
      "impl\/verilog\/conv2d_layer_convbIp_rom.dat",
      "impl\/verilog\/conv2d_layer_convbJp.v",
      "impl\/verilog\/conv2d_layer_convbJp_rom.dat",
      "impl\/verilog\/conv2d_layer_convbKp.v",
      "impl\/verilog\/conv2d_layer_convbKp_rom.dat",
      "impl\/verilog\/conv2d_layer_convbLp.v",
      "impl\/verilog\/conv2d_layer_convbLp_rom.dat",
      "impl\/verilog\/conv2d_layer_convbMq.v",
      "impl\/verilog\/conv2d_layer_convbMq_rom.dat",
      "impl\/verilog\/conv2d_layer_convbNq.v",
      "impl\/verilog\/conv2d_layer_convbNq_rom.dat",
      "impl\/verilog\/conv2d_layer_convbOq.v",
      "impl\/verilog\/conv2d_layer_convbOq_rom.dat",
      "impl\/verilog\/conv2d_layer_convbPq.v",
      "impl\/verilog\/conv2d_layer_convbPq_rom.dat",
      "impl\/verilog\/conv2d_layer_convbQq.v",
      "impl\/verilog\/conv2d_layer_convbQq_rom.dat",
      "impl\/verilog\/conv2d_layer_convbRq.v",
      "impl\/verilog\/conv2d_layer_convbRq_rom.dat",
      "impl\/verilog\/conv2d_layer_linebkl.v",
      "impl\/verilog\/conv2d_layer_linebkl_ram.dat",
      "impl\/verilog\/fc_layer_16_2_s.v",
      "impl\/verilog\/fc_layer_16_2_s_fcpw.v",
      "impl\/verilog\/fc_layer_16_2_s_fcpw_rom.dat",
      "impl\/verilog\/fc_layer_16_2_s_fcqw.v",
      "impl\/verilog\/fc_layer_16_2_s_fcqw_rom.dat",
      "impl\/verilog\/fifo_w32_d2_A.v",
      "impl\/verilog\/fifo_w32_d16_A.v",
      "impl\/verilog\/fifo_w32_d32_A.v",
      "impl\/verilog\/fifo_w32_d64_A.v",
      "impl\/verilog\/global_avg_pool_16_s.v",
      "impl\/verilog\/Loop_1_proc134.v",
      "impl\/verilog\/Loop_2_proc135.v",
      "impl\/verilog\/max_pooling1d.v",
      "impl\/verilog\/max_pooling2d.v",
      "impl\/verilog\/max_pooling2d_linbSr.v",
      "impl\/verilog\/start_for_conv1d_crw.v",
      "impl\/verilog\/start_for_conv1d_csw.v",
      "impl\/verilog\/start_for_conv2d_cux.v",
      "impl\/verilog\/start_for_fc_layecxx.v",
      "impl\/verilog\/start_for_global_cwx.v",
      "impl\/verilog\/start_for_Loop_2_cyx.v",
      "impl\/verilog\/start_for_max_pooctx.v",
      "impl\/verilog\/start_for_max_poocvx.v",
      "impl\/verilog\/cnn_stream_top.v"
    ],
    "SwDriver": [
      "impl\/misc\/drivers\/cnn_stream_top_v0_0\/data\/cnn_stream_top.mdd",
      "impl\/misc\/drivers\/cnn_stream_top_v0_0\/data\/cnn_stream_top.tcl",
      "impl\/misc\/drivers\/cnn_stream_top_v0_0\/src\/Makefile",
      "impl\/misc\/drivers\/cnn_stream_top_v0_0\/src\/xcnn_stream_top.c",
      "impl\/misc\/drivers\/cnn_stream_top_v0_0\/src\/xcnn_stream_top.h",
      "impl\/misc\/drivers\/cnn_stream_top_v0_0\/src\/xcnn_stream_top_hw.h",
      "impl\/misc\/drivers\/cnn_stream_top_v0_0\/src\/xcnn_stream_top_linux.c",
      "impl\/misc\/drivers\/cnn_stream_top_v0_0\/src\/xcnn_stream_top_sinit.c"
    ],
    "Misc": ["impl\/misc\/logo.png"],
    "DesignXml": "E:\/SOFTWARE2\/Xilinx\/Vivado\/project\/CNN_HLS2\/CNN_HLS2\/solution1\/.autopilot\/db\/cnn_stream_top.design.xml"
  },
  "SubcoreInfo": {
    "HasXpmMemory": false,
    "HasClockedDsp": false,
    "IP": []
  },
  "Interfaces": {
    "ap_clk": {
      "type": "clock",
      "ctype": {"CLK": {"Type": "bool"}},
      "buses": "s_axi_CTRL_BUS din dout",
      "reset": "ap_rst_n"
    },
    "ap_rst_n": {
      "type": "reset",
      "polarity": "ACTIVE_LOW",
      "ctype": {"RST": {"Type": "bool"}}
    },
    "din": {
      "type": "axi4stream",
      "mode": "slave",
      "port_prefix": "din",
      "has_tready": "1",
      "ctype": {
        "TDATA": {
          "Type": "real fixed signed 21",
          "Width": "32"
        },
        "TLAST": {
          "Type": "integer unsigned",
          "Width": "1"
        },
        "TVALID": {"Type": "bool"},
        "TREADY": {"Type": "bool"}
      },
      "port_width": {
        "TDATA": "32",
        "TLAST": "1"
      }
    },
    "dout": {
      "type": "axi4stream",
      "mode": "master",
      "port_prefix": "dout",
      "has_tready": "1",
      "ctype": {
        "TDATA": {
          "Type": "real fixed signed 21",
          "Width": "32"
        },
        "TLAST": {
          "Type": "integer unsigned",
          "Width": "1"
        },
        "TVALID": {"Type": "bool"},
        "TREADY": {"Type": "bool"}
      },
      "port_width": {
        "TDATA": "32",
        "TLAST": "1"
      }
    },
    "interrupt": {
      "type": "interrupt",
      "ctype": {"INTERRUPT": {"Type": "bool"}}
    },
    "s_axi_CTRL_BUS": {
      "type": "axi4lite",
      "is_adaptor": "true",
      "mode": "slave",
      "port_prefix": "s_axi_CTRL_BUS",
      "param_prefix": "C_S_AXI_CTRL_BUS",
      "addr_bits": "4",
      "registers": [
        {
          "offset": "0x00",
          "name": "CTRL",
          "access": "RW",
          "reset_value": "0x0",
          "description": "Control signals",
          "fields": [
            {
              "offset": "0",
              "width": "1",
              "name": "AP_START",
              "access": "RW",
              "reset_value": "0",
              "description": "Control signal Register for 'ap_start'."
            },
            {
              "offset": "1",
              "width": "1",
              "name": "AP_DONE",
              "access": "R",
              "reset_value": "0",
              "description": "Control signal Register for 'ap_done'."
            },
            {
              "offset": "2",
              "width": "1",
              "name": "AP_IDLE",
              "access": "R",
              "reset_value": "0",
              "description": "Control signal Register for 'ap_idle'."
            },
            {
              "offset": "3",
              "width": "1",
              "name": "AP_READY",
              "access": "R",
              "reset_value": "0",
              "description": "Control signal Register for 'ap_ready'."
            },
            {
              "offset": "4",
              "width": "3",
              "name": "RESERVED_1",
              "access": "R",
              "reset_value": "0",
              "description": "Reserved.  0s on read."
            },
            {
              "offset": "7",
              "width": "1",
              "name": "AUTO_RESTART",
              "access": "RW",
              "reset_value": "0",
              "description": "Control signal Register for 'auto_restart'."
            },
            {
              "offset": "8",
              "width": "24",
              "name": "RESERVED_2",
              "access": "R",
              "reset_value": "0",
              "description": "Reserved.  0s on read."
            }
          ]
        },
        {
          "offset": "0x04",
          "name": "GIER",
          "access": "RW",
          "reset_value": "0x0",
          "description": "Global Interrupt Enable Register",
          "fields": [
            {
              "offset": "0",
              "width": "1",
              "name": "Enable",
              "access": "RW",
              "reset_value": "0",
              "description": "Master enable for the device interrupt output to the system interrupt controller: 0 = Disabled, 1 = Enabled"
            },
            {
              "offset": "1",
              "width": "31",
              "name": "RESERVED",
              "access": "R",
              "reset_value": "0",
              "description": "Reserved.  0s on read."
            }
          ]
        },
        {
          "offset": "0x08",
          "name": "IP_IER",
          "access": "RW",
          "reset_value": "0x0",
          "description": "IP Interrupt Enable Register",
          "fields": [
            {
              "offset": "0",
              "width": "1",
              "name": "CHAN0_INT_EN",
              "access": "RW",
              "reset_value": "0",
              "description": "Enable Channel 0 (ap_done) Interrupt.  0 = Disabled, 1 = Enabled."
            },
            {
              "offset": "1",
              "width": "1",
              "name": "CHAN1_INT_EN",
              "access": "RW",
              "reset_value": "0",
              "description": "Enable Channel 1 (ap_ready) Interrupt.  0 = Disabled, 1 = Enabled."
            },
            {
              "offset": "2",
              "width": "30",
              "name": "RESERVED",
              "access": "R",
              "reset_value": "0",
              "description": "Reserved.  0s on read."
            }
          ]
        },
        {
          "offset": "0x0c",
          "name": "IP_ISR",
          "access": "RW",
          "reset_value": "0x0",
          "description": "IP Interrupt Status Register",
          "fields": [
            {
              "offset": "0",
              "width": "1",
              "name": "CHAN0_INT_ST",
              "access": "RTOW",
              "reset_value": "0",
              "description": "Channel 0 (ap_done) Interrupt Status. 0 = No Channel 0 input interrupt, 1 = Channel 0 input interrup"
            },
            {
              "offset": "1",
              "width": "1",
              "name": "CHAN1_INT_ST",
              "access": "RTOW",
              "reset_value": "0",
              "description": "Channel 1 (ap_ready) Interrupt Status. 0 = No Channel 1 input interrupt, 1 = Channel 1 input interrup"
            },
            {
              "offset": "2",
              "width": "30",
              "name": "RESERVED",
              "access": "R",
              "reset_value": "0",
              "description": "Reserved.  0s on read."
            }
          ]
        }
      ],
      "memories": "",
      "ctype": {
        "AWVALID": {"Type": "bool"},
        "AWREADY": {"Type": "bool"},
        "WVALID": {"Type": "bool"},
        "WREADY": {"Type": "bool"},
        "BVALID": {"Type": "bool"},
        "BREADY": {"Type": "bool"},
        "BRESP": {
          "Type": "integer unsigned",
          "Width": "2"
        },
        "ARVALID": {"Type": "bool"},
        "ARREADY": {"Type": "bool"},
        "RVALID": {"Type": "bool"},
        "RREADY": {"Type": "bool"},
        "RRESP": {
          "Type": "integer unsigned",
          "Width": "2"
        },
        "AWADDR": {
          "Type": "integer unsigned",
          "Width": "4"
        },
        "WDATA": {
          "Type": "null",
          "Width": "32"
        },
        "WSTRB": {
          "Type": "integer unsigned",
          "Width": "4"
        },
        "ARADDR": {
          "Type": "integer unsigned",
          "Width": "4"
        },
        "RDATA": {
          "Type": "null",
          "Width": "32"
        }
      },
      "data_width": "32",
      "port_width": {
        "ARADDR": "4",
        "AWADDR": "4",
        "RDATA": "32",
        "WDATA": "32",
        "WSTRB": "4"
      }
    }
  },
  "RtlPorts": {
    "s_axi_CTRL_BUS_AWVALID": {
      "dir": "in",
      "width": "1"
    },
    "s_axi_CTRL_BUS_AWREADY": {
      "dir": "out",
      "width": "1"
    },
    "s_axi_CTRL_BUS_AWADDR": {
      "dir": "in",
      "width": "4"
    },
    "s_axi_CTRL_BUS_WVALID": {
      "dir": "in",
      "width": "1"
    },
    "s_axi_CTRL_BUS_WREADY": {
      "dir": "out",
      "width": "1"
    },
    "s_axi_CTRL_BUS_WDATA": {
      "dir": "in",
      "width": "32"
    },
    "s_axi_CTRL_BUS_WSTRB": {
      "dir": "in",
      "width": "4"
    },
    "s_axi_CTRL_BUS_ARVALID": {
      "dir": "in",
      "width": "1"
    },
    "s_axi_CTRL_BUS_ARREADY": {
      "dir": "out",
      "width": "1"
    },
    "s_axi_CTRL_BUS_ARADDR": {
      "dir": "in",
      "width": "4"
    },
    "s_axi_CTRL_BUS_RVALID": {
      "dir": "out",
      "width": "1"
    },
    "s_axi_CTRL_BUS_RREADY": {
      "dir": "in",
      "width": "1"
    },
    "s_axi_CTRL_BUS_RDATA": {
      "dir": "out",
      "width": "32"
    },
    "s_axi_CTRL_BUS_RRESP": {
      "dir": "out",
      "width": "2"
    },
    "s_axi_CTRL_BUS_BVALID": {
      "dir": "out",
      "width": "1"
    },
    "s_axi_CTRL_BUS_BREADY": {
      "dir": "in",
      "width": "1"
    },
    "s_axi_CTRL_BUS_BRESP": {
      "dir": "out",
      "width": "2"
    },
    "ap_clk": {
      "dir": "in",
      "width": "1"
    },
    "ap_rst_n": {
      "dir": "in",
      "width": "1"
    },
    "interrupt": {
      "dir": "out",
      "width": "1",
      "isVector": "true"
    },
    "din_TDATA": {
      "dir": "in",
      "width": "32"
    },
    "din_TLAST": {
      "dir": "in",
      "width": "1",
      "isVector": "true"
    },
    "din_TVALID": {
      "dir": "in",
      "width": "1"
    },
    "din_TREADY": {
      "dir": "out",
      "width": "1"
    },
    "dout_TDATA": {
      "dir": "out",
      "width": "32"
    },
    "dout_TLAST": {
      "dir": "out",
      "width": "1",
      "isVector": "true"
    },
    "dout_TVALID": {
      "dir": "out",
      "width": "1"
    },
    "dout_TREADY": {
      "dir": "in",
      "width": "1"
    }
  },
  "CPorts": {
    "ap_ctrl": {
      "interfaceRef": "s_axi_CTRL_BUS",
      "dir": "in",
      "offset": "0"
    },
    "din_V_data_V": {
      "interfaceRef": "din",
      "dir": "in"
    },
    "din_V_last_V": {
      "interfaceRef": "din",
      "dir": "in"
    },
    "dout_V_data_V": {
      "interfaceRef": "dout",
      "dir": "out",
      "firstOutLatency": "2"
    },
    "dout_V_last_V": {
      "interfaceRef": "dout",
      "dir": "out",
      "firstOutLatency": "2"
    }
  },
  "ModuleInfo": {
    "Hierarchy": {
      "ModuleName": "cnn_stream_top",
      "Instances": [
        {
          "ModuleName": "max_pooling1d",
          "InstanceName": "max_pooling1d_U0"
        },
        {
          "ModuleName": "conv2d_layer",
          "InstanceName": "conv2d_layer_U0"
        },
        {
          "ModuleName": "conv1d_horizontal_la",
          "InstanceName": "conv1d_horizontal_la_U0"
        },
        {
          "ModuleName": "max_pooling2d",
          "InstanceName": "max_pooling2d_U0"
        },
        {
          "ModuleName": "conv1d_vertical_laye",
          "InstanceName": "conv1d_vertical_laye_U0"
        },
        {
          "ModuleName": "global_avg_pool_16_s",
          "InstanceName": "global_avg_pool_16_U0"
        },
        {
          "ModuleName": "fc_layer_16_2_s",
          "InstanceName": "fc_layer_16_2_U0"
        },
        {
          "ModuleName": "Loop_1_proc134",
          "InstanceName": "Loop_1_proc134_U0"
        },
        {
          "ModuleName": "Loop_2_proc135",
          "InstanceName": "Loop_2_proc135_U0"
        }
      ]
    },
    "Metrics": {
      "Loop_1_proc134": {
        "Latency": {
          "LatencyBest": "3002",
          "LatencyAvg": "3002",
          "LatencyWorst": "3002",
          "PipelineII": "3002",
          "PipelineDepth": "",
          "PipelineType": "none"
        },
        "Timing": {
          "Target": "10.00",
          "Uncertainty": "1.25",
          "Estimate": "3.634"
        },
        "Loops": [{
            "Name": "Loop 1",
            "TripCount": "3000",
            "Latency": "3000",
            "PipelineII": "1",
            "PipelineDepth": "2"
          }],
        "Area": {
          "FF": "122",
          "LUT": "169",
          "BRAM_18K": "0",
          "DSP48E": "0"
        }
      },
      "conv1d_vertical_laye": {
        "Latency": {
          "LatencyBest": "25415",
          "LatencyAvg": "112415",
          "LatencyWorst": "199415",
          "PipelineIIMin": "25415",
          "PipelineIIMax": "199415",
          "PipelineII": "25415 ~ 199415",
          "PipelineDepth": "",
          "PipelineType": "none"
        },
        "Timing": {
          "Target": "10.00",
          "Uncertainty": "1.25",
          "Estimate": "8.510"
        },
        "Loops": [
          {
            "Name": "Loop 1",
            "TripCount": "2",
            "Latency": "16",
            "PipelineII": "",
            "PipelineDepth": "8",
            "Loops": [{
                "Name": "Loop 1.1",
                "TripCount": "6",
                "Latency": "6",
                "PipelineII": "",
                "PipelineDepth": "1"
              }]
          },
          {
            "Name": "RowLoop",
            "TripCount": "500",
            "LatencyMin": "25000",
            "LatencyMax": "199000",
            "Latency": "25000 ~ 199000",
            "PipelineII": "",
            "PipelineDepthMin": "50",
            "PipelineDepthMax": "398",
            "PipelineDepth": "50 ~ 398",
            "Loops": [
              {
                "Name": "RowLoop.1",
                "TripCount": "2",
                "Latency": "40",
                "PipelineII": "",
                "PipelineDepth": "20",
                "Loops": [{
                    "Name": "RowLoop.1.1",
                    "TripCount": "6",
                    "Latency": "18",
                    "PipelineII": "",
                    "PipelineDepth": "3"
                  }]
              },
              {
                "Name": "RowLoop.2",
                "TripCount": "6",
                "Latency": "6",
                "PipelineII": "",
                "PipelineDepth": "1"
              },
              {
                "Name": "ColLoop",
                "TripCount": "6",
                "Latency": "348",
                "PipelineII": "",
                "PipelineDepth": "58",
                "Loops": [{
                    "Name": "ColLoop.1",
                    "TripCount": "4",
                    "Latency": "56",
                    "PipelineII": "",
                    "PipelineDepth": "14",
                    "Loops": [{
                        "Name": "ConvKernelLoop",
                        "TripCount": "3",
                        "Latency": "12",
                        "PipelineII": "",
                        "PipelineDepth": "4"
                      }]
                  }]
              }
            ]
          },
          {
            "Name": "Loop 3",
            "TripCount": "2",
            "Latency": "40",
            "PipelineII": "",
            "PipelineDepth": "20",
            "Loops": [{
                "Name": "Loop 3.1",
                "TripCount": "6",
                "Latency": "18",
                "PipelineII": "",
                "PipelineDepth": "3"
              }]
          },
          {
            "Name": "Loop 4",
            "TripCount": "6",
            "Latency": "6",
            "PipelineII": "",
            "PipelineDepth": "1"
          },
          {
            "Name": "FinalColLoop",
            "TripCount": "6",
            "Latency": "348",
            "PipelineII": "",
            "PipelineDepth": "58",
            "Loops": [{
                "Name": "FinalColLoop.1",
                "TripCount": "4",
                "Latency": "56",
                "PipelineII": "",
                "PipelineDepth": "14",
                "Loops": [{
                    "Name": "FinalConvKernelLoop",
                    "TripCount": "3",
                    "Latency": "12",
                    "PipelineII": "",
                    "PipelineDepth": "4"
                  }]
              }]
          }
        ],
        "Area": {
          "BRAM_18K": "18",
          "DSP48E": "4",
          "FF": "578",
          "LUT": "2130"
        }
      },
      "conv1d_horizontal_la": {
        "Latency": {
          "LatencyBest": "141001",
          "LatencyAvg": "396501",
          "LatencyWorst": "648501",
          "PipelineIIMin": "141001",
          "PipelineIIMax": "648501",
          "PipelineII": "141001 ~ 648501",
          "PipelineDepth": "",
          "PipelineType": "none"
        },
        "Timing": {
          "Target": "10.00",
          "Uncertainty": "1.25",
          "Estimate": "8.510"
        },
        "Loops": [{
            "Name": "RowLoop",
            "TripCount": "500",
            "LatencyMin": "141000",
            "LatencyMax": "648500",
            "Latency": "141000 ~ 648500",
            "PipelineII": "",
            "PipelineDepthMin": "282",
            "PipelineDepthMax": "1297",
            "PipelineDepth": "282 ~ 1297",
            "Loops": [{
                "Name": "ColLoop",
                "TripCount": "7",
                "LatencyMin": "280",
                "LatencyMax": "1295",
                "Latency": "280 ~ 1295",
                "PipelineII": "",
                "PipelineDepthMin": "40",
                "PipelineDepthMax": "185",
                "PipelineDepth": "40 ~ 185",
                "Loops": [
                  {
                    "Name": "ColLoop.1",
                    "TripCount": "4",
                    "Latency": "32",
                    "PipelineII": "",
                    "PipelineDepth": "8",
                    "Loops": [{
                        "Name": "ColLoop.1.1",
                        "TripCount": "2",
                        "Latency": "6",
                        "PipelineII": "",
                        "PipelineDepth": "3"
                      }]
                  },
                  {
                    "Name": "ColLoop.2",
                    "TripCount": "4",
                    "Latency": "4",
                    "PipelineII": "",
                    "PipelineDepth": "1"
                  },
                  {
                    "Name": "ColLoop.3",
                    "TripCount": "4",
                    "Latency": "4",
                    "PipelineII": "",
                    "PipelineDepth": "1"
                  },
                  {
                    "Name": "ColLoop.4",
                    "TripCount": "4",
                    "Latency": "8",
                    "PipelineII": "",
                    "PipelineDepth": "2"
                  },
                  {
                    "Name": "ColLoop.5",
                    "TripCount": "8",
                    "Latency": "136",
                    "PipelineII": "",
                    "PipelineDepth": "17",
                    "Loops": [{
                        "Name": "ColLoop.5.1",
                        "TripCount": "3",
                        "Latency": "15",
                        "PipelineII": "",
                        "PipelineDepth": "5"
                      }]
                  }
                ]
              }]
          }],
        "Area": {
          "BRAM_18K": "12",
          "DSP48E": "16",
          "FF": "1760",
          "LUT": "3192"
        }
      },
      "max_pooling1d": {
        "Latency": {
          "LatencyBest": "28001",
          "LatencyAvg": "40001",
          "LatencyWorst": "49001",
          "PipelineIIMin": "28001",
          "PipelineIIMax": "49001",
          "PipelineII": "28001 ~ 49001",
          "PipelineDepth": "",
          "PipelineType": "none"
        },
        "Timing": {
          "Target": "10.00",
          "Uncertainty": "1.25",
          "Estimate": "6.805"
        },
        "Loops": [{
            "Name": "Loop 1",
            "TripCount": "500",
            "LatencyMin": "28000",
            "LatencyMax": "49000",
            "Latency": "28000 ~ 49000",
            "PipelineII": "",
            "PipelineDepthMin": "56",
            "PipelineDepthMax": "98",
            "PipelineDepth": "56 ~ 98",
            "Loops": [{
                "Name": "Loop 1.1",
                "TripCount": "6",
                "LatencyMin": "54",
                "LatencyMax": "96",
                "Latency": "54 ~ 96",
                "PipelineII": "",
                "PipelineDepthMin": "9",
                "PipelineDepthMax": "16",
                "PipelineDepth": "9 ~ 16"
              }]
          }],
        "Area": {
          "FF": "2061",
          "LUT": "4289",
          "BRAM_18K": "0",
          "DSP48E": "0"
        }
      },
      "conv2d_layer": {
        "Latency": {
          "LatencyBest": "2764857",
          "LatencyAvg": "2770107",
          "LatencyWorst": "2775107",
          "PipelineIIMin": "2764857",
          "PipelineIIMax": "2775107",
          "PipelineII": "2764857 ~ 2775107",
          "PipelineDepth": "",
          "PipelineType": "none"
        },
        "Timing": {
          "Target": "10.00",
          "Uncertainty": "1.25",
          "Estimate": "8.657"
        },
        "Loops": [
          {
            "Name": "Loop 1",
            "TripCount": "6",
            "Latency": "6",
            "PipelineII": "1",
            "PipelineDepth": "1"
          },
          {
            "Name": "Loop 2",
            "TripCount": "12",
            "Latency": "96",
            "PipelineII": "8",
            "PipelineDepth": "9"
          },
          {
            "Name": "RowLoop",
            "TripCount": "250",
            "LatencyMin": "2764750",
            "LatencyMax": "2775000",
            "Latency": "2764750 ~ 2775000",
            "PipelineII": "",
            "PipelineDepthMin": "11059",
            "PipelineDepthMax": "11100",
            "PipelineDepth": "11059 ~ 11100",
            "Loops": [
              {
                "Name": "ColLoop",
                "TripCount": "6",
                "Latency": "10638",
                "PipelineII": "",
                "PipelineDepth": "1773",
                "Loops": [
                  {
                    "Name": "ColLoop.1",
                    "TripCount": "9",
                    "Latency": "9",
                    "PipelineII": "1",
                    "PipelineDepth": "2"
                  },
                  {
                    "Name": "ColLoop.2",
                    "TripCount": "16",
                    "Latency": "1760",
                    "PipelineII": "",
                    "PipelineDepth": "110",
                    "Loops": [
                      {
                        "Name": "ColLoop.2.1",
                        "TripCount": "8",
                        "Latency": "10",
                        "PipelineII": "1",
                        "PipelineDepth": "4"
                      },
                      {
                        "Name": "ColLoop.2.2",
                        "TripCount": "8",
                        "Latency": "10",
                        "PipelineII": "1",
                        "PipelineDepth": "4"
                      },
                      {
                        "Name": "ColLoop.2.3",
                        "TripCount": "8",
                        "Latency": "10",
                        "PipelineII": "1",
                        "PipelineDepth": "4"
                      },
                      {
                        "Name": "ColLoop.2.4",
                        "TripCount": "8",
                        "Latency": "10",
                        "PipelineII": "1",
                        "PipelineDepth": "4"
                      },
                      {
                        "Name": "ColLoop.2.5",
                        "TripCount": "8",
                        "Latency": "10",
                        "PipelineII": "1",
                        "PipelineDepth": "4"
                      },
                      {
                        "Name": "ColLoop.2.6",
                        "TripCount": "8",
                        "Latency": "10",
                        "PipelineII": "1",
                        "PipelineDepth": "4"
                      },
                      {
                        "Name": "ColLoop.2.7",
                        "TripCount": "8",
                        "Latency": "10",
                        "PipelineII": "1",
                        "PipelineDepth": "4"
                      },
                      {
                        "Name": "ColLoop.2.8",
                        "TripCount": "8",
                        "Latency": "10",
                        "PipelineII": "1",
                        "PipelineDepth": "4"
                      },
                      {
                        "Name": "ColLoop.2.9",
                        "TripCount": "8",
                        "Latency": "10",
                        "PipelineII": "1",
                        "PipelineDepth": "4"
                      }
                    ]
                  }
                ]
              },
              {
                "Name": "RowLoop.2",
                "TripCount": "2",
                "Latency": "412",
                "PipelineII": "",
                "PipelineDepth": "206",
                "Loops": [{
                    "Name": "RowLoop.2.1",
                    "TripCount": "6",
                    "Latency": "204",
                    "PipelineII": "",
                    "PipelineDepth": "34",
                    "Loops": [{
                        "Name": "RowLoop.2.1.1",
                        "TripCount": "8",
                        "Latency": "32",
                        "PipelineII": "",
                        "PipelineDepth": "4"
                      }]
                  }]
              }
            ]
          }
        ],
        "Area": {
          "BRAM_18K": "33",
          "DSP48E": "18",
          "FF": "4663",
          "LUT": "5913"
        }
      },
      "max_pooling2d": {
        "Latency": {
          "LatencyBest": "65001",
          "LatencyAvg": "65001",
          "LatencyWorst": "65001",
          "PipelineII": "65001",
          "PipelineDepth": "",
          "PipelineType": "none"
        },
        "Timing": {
          "Target": "10.00",
          "Uncertainty": "1.25",
          "Estimate": "8.406"
        },
        "Loops": [{
            "Name": "RowLoop",
            "TripCount": "125",
            "Latency": "65000",
            "PipelineII": "",
            "PipelineDepth": "520",
            "Loops": [
              {
                "Name": "RowLoop.1",
                "TripCount": "2",
                "Latency": "412",
                "PipelineII": "",
                "PipelineDepth": "206",
                "Loops": [{
                    "Name": "RowLoop.1.1",
                    "TripCount": "6",
                    "Latency": "204",
                    "PipelineII": "",
                    "PipelineDepth": "34",
                    "Loops": [{
                        "Name": "RowLoop.1.1.1",
                        "TripCount": "16",
                        "Latency": "32",
                        "PipelineII": "",
                        "PipelineDepth": "2"
                      }]
                  }]
              },
              {
                "Name": "ColLoop",
                "TripCount": "3",
                "Latency": "105",
                "PipelineII": "",
                "PipelineDepth": "35",
                "Loops": [{
                    "Name": "ColLoop.1",
                    "TripCount": "16",
                    "Latency": "32",
                    "PipelineII": "",
                    "PipelineDepth": "2"
                  }]
              }
            ]
          }],
        "Area": {
          "BRAM_18K": "0",
          "FF": "4310",
          "LUT": "1272",
          "DSP48E": "0"
        }
      },
      "global_avg_pool_16_s": {
        "Latency": {
          "LatencyBest": "6066",
          "LatencyAvg": "6066",
          "LatencyWorst": "6066",
          "PipelineII": "6066",
          "PipelineDepth": "",
          "PipelineType": "none"
        },
        "Timing": {
          "Target": "10.00",
          "Uncertainty": "1.25",
          "Estimate": "8.495"
        },
        "Loops": [
          {
            "Name": "AccumLoop",
            "TripCount": "375",
            "Latency": "6000",
            "PipelineII": "",
            "PipelineDepth": "16"
          },
          {
            "Name": "AvgLoop",
            "TripCount": "16",
            "Latency": "64",
            "PipelineII": "",
            "PipelineDepth": "4"
          }
        ],
        "Area": {
          "DSP48E": "4",
          "FF": "1189",
          "LUT": "1309",
          "BRAM_18K": "0"
        }
      },
      "fc_layer_16_2_s": {
        "Latency": {
          "LatencyBest": "168",
          "LatencyAvg": "168",
          "LatencyWorst": "168",
          "PipelineII": "168",
          "PipelineDepth": "",
          "PipelineType": "none"
        },
        "Timing": {
          "Target": "10.00",
          "Uncertainty": "1.25",
          "Estimate": "8.510"
        },
        "Loops": [
          {
            "Name": "Loop 1",
            "TripCount": "16",
            "Latency": "32",
            "PipelineII": "",
            "PipelineDepth": "2"
          },
          {
            "Name": "Loop 2",
            "TripCount": "2",
            "Latency": "134",
            "PipelineII": "",
            "PipelineDepth": "67",
            "Loops": [{
                "Name": "Loop 2.1",
                "TripCount": "16",
                "Latency": "64",
                "PipelineII": "",
                "PipelineDepth": "4"
              }]
          }
        ],
        "Area": {
          "BRAM_18K": "0",
          "DSP48E": "2",
          "FF": "733",
          "LUT": "373"
        }
      },
      "Loop_2_proc135": {
        "Latency": {
          "LatencyBest": "5",
          "LatencyAvg": "5",
          "LatencyWorst": "5",
          "PipelineII": "5",
          "PipelineDepth": "",
          "PipelineType": "none"
        },
        "Timing": {
          "Target": "10.00",
          "Uncertainty": "1.25",
          "Estimate": "3.634"
        },
        "Loops": [{
            "Name": "Loop 1",
            "TripCount": "2",
            "Latency": "3",
            "PipelineII": "1",
            "PipelineDepth": "3"
          }],
        "Area": {
          "FF": "86",
          "LUT": "192",
          "BRAM_18K": "0",
          "DSP48E": "0"
        }
      },
      "cnn_stream_top": {
        "Latency": {
          "LatencyBest": "2767944",
          "LatencyAvg": "2773194",
          "LatencyWorst": "2778194",
          "PipelineIIMin": "2764858",
          "PipelineIIMax": "2775108",
          "PipelineII": "2764858 ~ 2775108",
          "PipelineDepth": "",
          "PipelineType": "dataflow"
        },
        "Timing": {
          "Target": "10.00",
          "Uncertainty": "1.25",
          "Estimate": "8.657"
        },
        "Area": {
          "BRAM_18K": "75",
          "DSP48E": "44",
          "FF": "15870",
          "LUT": "19298"
        }
      }
    }
  },
  "Sdx": {
    "Target": "none",
    "ProfileOption": "0",
    "ProfileType": "none",
    "XO": "",
    "KernelName": "cnn_stream_top",
    "EnableXoSwEmu": "1"
  },
  "GenData": {
    "DataVersion": "0.1",
    "Time": "2025-08-11 03:12:44 +0800",
    "ToolName": "vivado_hls",
    "ToolVersion": "2018.3"
  }
}
