<profile>

<section name = "Vivado HLS Report for 'cnn_stream_top'" level="0">
<item name = "Date">Mon Aug 11 03:12:08 2025
</item>
<item name = "Version">2018.3 (Build 2405991 on Thu Dec 06 23:56:15 MST 2018)</item>
<item name = "Project">CNN_HLS2</item>
<item name = "Solution">solution1</item>
<item name = "Product family">zynq</item>
<item name = "Target device">xc7z020clg484-1</item>
</section>

<section name = "Performance Estimates" level="0">
<item name = "Timing (ns)">
<section name = "" level="1">
<item name = "Target clock period (ns)">10.00</item>
<item name = "Clock uncertainty (ns)">1.25</item>
<item name = "Estimated clock period (ns)">8.657</item>
</section>
</item>
<item name = "Latency (clock cycles)">
<section name = "" level="1">
<item name = "Summary"><table name="" hasTotal="0">
<keys size="6">, min, max, min, max, Type</keys>
<column name="">2767944, 2778194, 2764858, 2775108, dataflow</column>
</table>
</item>
<item name = "Detail">
<section name = "" level="1">
<item name = "Instance"><table name="" hasTotal="0">
<keys size="7">Instance, Module, min, max, min, max, Type</keys>
<column name="max_pooling1d_U0">max_pooling1d, 28001, 49001, 28001, 49001, none</column>
<column name="conv2d_layer_U0">conv2d_layer, 2764857, 2775107, 2764857, 2775107, none</column>
<column name="conv1d_horizontal_la_U0">conv1d_horizontal_la, 141001, 648501, 141001, 648501, none</column>
<column name="max_pooling2d_U0">max_pooling2d, 65001, 65001, 65001, 65001, none</column>
<column name="conv1d_vertical_laye_U0">conv1d_vertical_laye, 25415, 199415, 25415, 199415, none</column>
<column name="global_avg_pool_16_U0">global_avg_pool_16_s, 6066, 6066, 6066, 6066, none</column>
<column name="fc_layer_16_2_U0">fc_layer_16_2_s, 168, 168, 168, 168, none</column>
<column name="Loop_1_proc134_U0">Loop_1_proc134, 3002, 3002, 3002, 3002, none</column>
<column name="Loop_2_proc135_U0">Loop_2_proc135, 5, 5, 5, 5, none</column>
</table>
</item>
<item name = "Loop"><table name="" hasTotal="0">
<keys size="8">Loop Name, min, max, Latency, achieved, target, Count, Pipelined</keys>
</table>
</item>
</section>
</item>
</section>
</item>
</section>

<section name = "Utilization Estimates" level="0">
<item name = "Summary"><table name="" hasTotal="1">
<keys size="5">Name, BRAM_18K, DSP48E, FF, LUT</keys>
<column name="DSP">-, -, -, -</column>
<column name="Expression">-, -, 0, 2</column>
<column name="FIFO">12, -, 332, 417</column>
<column name="Instance">63, 44, 15538, 18879</column>
<column name="Memory">-, -, -, -</column>
<column name="Multiplexer">-, -, -, -</column>
<column name="Register">-, -, -, -</column>
<specialColumn name="Available">280, 220, 106400, 53200</specialColumn>
<specialColumn name="Utilization (%)">26, 20, 14, 36</specialColumn>
</table>
</item>
<item name = "Detail">
<section name = "" level="1">
<item name = "Instance"><table name="" hasTotal="1">
<keys size="6">Instance, Module, BRAM_18K, DSP48E, FF, LUT</keys>
<column name="Loop_1_proc134_U0">Loop_1_proc134, 0, 0, 122, 169</column>
<column name="Loop_2_proc135_U0">Loop_2_proc135, 0, 0, 86, 192</column>
<column name="cnn_stream_top_CTRL_BUS_s_axi_U">cnn_stream_top_CTRL_BUS_s_axi, 0, 0, 36, 40</column>
<column name="conv1d_horizontal_la_U0">conv1d_horizontal_la, 12, 16, 1760, 3192</column>
<column name="conv1d_vertical_laye_U0">conv1d_vertical_laye, 18, 4, 578, 2130</column>
<column name="conv2d_layer_U0">conv2d_layer, 33, 18, 4663, 5913</column>
<column name="fc_layer_16_2_U0">fc_layer_16_2_s, 0, 2, 733, 373</column>
<column name="global_avg_pool_16_U0">global_avg_pool_16_s, 0, 4, 1189, 1309</column>
<column name="max_pooling1d_U0">max_pooling1d, 0, 0, 2061, 4289</column>
<column name="max_pooling2d_U0">max_pooling2d, 0, 0, 4310, 1272</column>
</table>
</item>
<item name = "DSP48"><table name="" hasTotal="0">
<keys size="3">Instance, Module, Expression</keys>
</table>
</item>
<item name = "Memory"><table name="" hasTotal="1">
<keys size="9">Memory, Module, BRAM_18K, FF, LUT, Words, Bits, Banks, W*Bits*Banks</keys>
</table>
</item>
<item name = "FIFO"><table name="" hasTotal="1">
<keys size="7">Name, BRAM_18K, FF, LUT, Depth, Bits, Size:D*B</keys>
<column name="conv1_out_V_V_U">2, 54, 56, 64, 32, 2048</column>
<column name="conv2_out_V_V_U">2, 54, 56, 64, 32, 2048</column>
<column name="conv3_out_V_V_U">2, 54, 56, 64, 32, 2048</column>
<column name="fc_out_V_V_U">0, 5, 44, 2, 32, 64</column>
<column name="gap_out_V_V_U">0, 7, 49, 16, 32, 512</column>
<column name="internal_din_V_V_U">2, 54, 56, 64, 32, 2048</column>
<column name="pool2_out_V_V_U">2, 54, 56, 64, 32, 2048</column>
<column name="pool3_out_V_V_U">2, 50, 44, 32, 32, 1024</column>
</table>
</item>
<item name = "Expression"><table name="" hasTotal="1">
<keys size="7">Variable Name, Operation, DSP48E, FF, LUT, Bitwidth P0, Bitwidth P1</keys>
<column name="ap_idle">and, 0, 0, 2, 1, 1</column>
</table>
</item>
<item name = "Multiplexer"><table name="" hasTotal="1">
<keys size="5">Name, LUT, Input Size, Bits, Total Bits</keys>
</table>
</item>
<item name = "Register"><table name="" hasTotal="1">
<keys size="5">Name, FF, LUT, Bits, Const Bits</keys>
</table>
</item>
</section>
</item>
</section>

<section name = "Interface" level="0">
<item name = "Summary"><table name="" hasTotal="0">
<keys size="6">RTL Ports, Dir, Bits, Protocol, Source Object, C Type</keys>
<column name="s_axi_CTRL_BUS_AWVALID">in, 1, s_axi, CTRL_BUS, return void</column>
<column name="s_axi_CTRL_BUS_AWREADY">out, 1, s_axi, CTRL_BUS, return void</column>
<column name="s_axi_CTRL_BUS_AWADDR">in, 4, s_axi, CTRL_BUS, return void</column>
<column name="s_axi_CTRL_BUS_WVALID">in, 1, s_axi, CTRL_BUS, return void</column>
<column name="s_axi_CTRL_BUS_WREADY">out, 1, s_axi, CTRL_BUS, return void</column>
<column name="s_axi_CTRL_BUS_WDATA">in, 32, s_axi, CTRL_BUS, return void</column>
<column name="s_axi_CTRL_BUS_WSTRB">in, 4, s_axi, CTRL_BUS, return void</column>
<column name="s_axi_CTRL_BUS_ARVALID">in, 1, s_axi, CTRL_BUS, return void</column>
<column name="s_axi_CTRL_BUS_ARREADY">out, 1, s_axi, CTRL_BUS, return void</column>
<column name="s_axi_CTRL_BUS_ARADDR">in, 4, s_axi, CTRL_BUS, return void</column>
<column name="s_axi_CTRL_BUS_RVALID">out, 1, s_axi, CTRL_BUS, return void</column>
<column name="s_axi_CTRL_BUS_RREADY">in, 1, s_axi, CTRL_BUS, return void</column>
<column name="s_axi_CTRL_BUS_RDATA">out, 32, s_axi, CTRL_BUS, return void</column>
<column name="s_axi_CTRL_BUS_RRESP">out, 2, s_axi, CTRL_BUS, return void</column>
<column name="s_axi_CTRL_BUS_BVALID">out, 1, s_axi, CTRL_BUS, return void</column>
<column name="s_axi_CTRL_BUS_BREADY">in, 1, s_axi, CTRL_BUS, return void</column>
<column name="s_axi_CTRL_BUS_BRESP">out, 2, s_axi, CTRL_BUS, return void</column>
<column name="ap_clk">in, 1, ap_ctrl_hs, cnn_stream_top, return value</column>
<column name="ap_rst_n">in, 1, ap_ctrl_hs, cnn_stream_top, return value</column>
<column name="interrupt">out, 1, ap_ctrl_hs, cnn_stream_top, return value</column>
<column name="din_TDATA">in, 32, axis, din_V_data_V, pointer</column>
<column name="din_TLAST">in, 1, axis, din_V_last_V, pointer</column>
<column name="din_TVALID">in, 1, axis, din_V_last_V, pointer</column>
<column name="din_TREADY">out, 1, axis, din_V_last_V, pointer</column>
<column name="dout_TDATA">out, 32, axis, dout_V_data_V, pointer</column>
<column name="dout_TLAST">out, 1, axis, dout_V_last_V, pointer</column>
<column name="dout_TVALID">out, 1, axis, dout_V_last_V, pointer</column>
<column name="dout_TREADY">in, 1, axis, dout_V_last_V, pointer</column>
</table>
</item>
</section>

<section name = "Critical Path" level="0">
<item name = "Max Delay">0.00</item>
<item name = "Critical Path Table"><table name="Critical Path Table" hasTotal="0">
<keys size="15">Name, Operator, Delay, Accumulated Delay, Store Source, Resource, Core, Interface, Type, Port, Array, Scope, Pointer, Callee, Phi Node</keys>
</table>
</item>
</section>
</profile>
