<profile>

<section name = "Vivado HLS Report for 'cnn_stream_top'" level="0">
<item name = "Date">Mon Aug 11 03:11:54 2025
</item>
<item name = "Version">2018.3 (Build 2405991 on Thu Dec 06 23:56:15 MST 2018)</item>
<item name = "Project">CNN_HLS2</item>
<item name = "Solution">solution1</item>
<item name = "Product family">zynq</item>
<item name = "Target device">xc7z020clg484-1</item>
</section>

<section name = "Performance Estimates" level="0">
<item name = "Timing (ns)">
<section name = "" level="1">
<item name = "Summary"><table name="" hasTotal="0">
<keys size="4">Clock, Target, Estimated, Uncertainty</keys>
<column name="ap_clk">10.00, 8.657, 1.25</column>
</table>
</item>
</section>
</item>
<item name = "Latency (clock cycles)">
<section name = "" level="1">
<item name = "Summary"><table name="" hasTotal="0">
<keys size="6">, min, max, min, max, Type</keys>
<column name="">2767944, 2778194, 2764858, 2775108, dataflow</column>
</table>
</item>
<item name = "Detail">
<section name = "" level="1">
<item name = "Instance"><table name="" hasTotal="0">
<keys size="7">Instance, Module, min, max, min, max, Type</keys>
<column name="grp_max_pooling1d_fu_556">max_pooling1d, 28001, 49001, 28001, 49001, none</column>
<column name="grp_conv2d_layer_fu_564">conv2d_layer, 2764857, 2775107, 2764857, 2775107, none</column>
<column name="grp_conv1d_horizontal_la_fu_784">conv1d_horizontal_la, 141001, 648501, 141001, 648501, none</column>
<column name="grp_max_pooling2d_fu_880">max_pooling2d, 65001, 65001, 65001, 65001, none</column>
<column name="grp_conv1d_vertical_laye_fu_888">conv1d_vertical_laye, 25415, 199415, 25415, 199415, none</column>
<column name="grp_global_avg_pool_16_s_fu_940">global_avg_pool_16_s, 6066, 6066, 6066, 6066, none</column>
<column name="grp_fc_layer_16_2_s_fu_948">fc_layer_16_2_s, 168, 168, 168, 168, none</column>
<column name="grp_Loop_1_proc134_fu_960">Loop_1_proc134, 3002, 3002, 3002, 3002, none</column>
<column name="grp_Loop_2_proc135_fu_970">Loop_2_proc135, 5, 5, 5, 5, none</column>
</table>
</item>
<item name = "Loop"><table name="" hasTotal="0">
<keys size="8">Loop Name, min, max, Latency, achieved, target, Count, Pipelined</keys>
</table>
</item>
</section>
</item>
</section>
</item>
</section>
</profile>
