<profile>

<section name = "Vivado HLS Report for 'conv2d_layer'" level="0">
<item name = "Date">Mon Aug 11 03:12:01 2025
</item>
<item name = "Version">2018.3 (Build 2405991 on Thu Dec 06 23:56:15 MST 2018)</item>
<item name = "Project">CNN_HLS2</item>
<item name = "Solution">solution1</item>
<item name = "Product family">zynq</item>
<item name = "Target device">xc7z020clg484-1</item>
</section>

<section name = "Performance Estimates" level="0">
<item name = "Timing (ns)">
<section name = "" level="1">
<item name = "Summary"><table name="" hasTotal="0">
<keys size="4">Clock, Target, Estimated, Uncertainty</keys>
<column name="ap_clk">10.00, 8.657, 1.25</column>
</table>
</item>
</section>
</item>
<item name = "Latency (clock cycles)">
<section name = "" level="1">
<item name = "Summary"><table name="" hasTotal="0">
<keys size="6">, min, max, min, max, Type</keys>
<column name="">2764857, 2775107, 2764857, 2775107, none</column>
</table>
</item>
<item name = "Detail">
<section name = "" level="1">
<item name = "Instance"><table name="" hasTotal="0">
<keys size="7">Instance, Module, min, max, min, max, Type</keys>
</table>
</item>
<item name = "Loop"><table name="" hasTotal="0">
<keys size="8">Loop Name, min, max, Latency, achieved, target, Count, Pipelined</keys>
<column name="- Loop 1">6, 6, 1, 1, 1, 6, yes</column>
<column name="- Loop 2">96, 96, 9, 8, 1, 12, yes</column>
<column name="- RowLoop">2764750, 2775000, 11059 ~ 11100, -, -, 250, no</column>
<column name=" + ColLoop">10638, 10638, 1773, -, -, 6, no</column>
<column name="  ++ ColLoop.1">9, 9, 2, 1, 1, 9, yes</column>
<column name="  ++ ColLoop.2">1760, 1760, 110, -, -, 16, no</column>
<column name="   +++ ColLoop.2.1">10, 10, 4, 1, 1, 8, yes</column>
<column name="   +++ ColLoop.2.2">10, 10, 4, 1, 1, 8, yes</column>
<column name="   +++ ColLoop.2.3">10, 10, 4, 1, 1, 8, yes</column>
<column name="   +++ ColLoop.2.4">10, 10, 4, 1, 1, 8, yes</column>
<column name="   +++ ColLoop.2.5">10, 10, 4, 1, 1, 8, yes</column>
<column name="   +++ ColLoop.2.6">10, 10, 4, 1, 1, 8, yes</column>
<column name="   +++ ColLoop.2.7">10, 10, 4, 1, 1, 8, yes</column>
<column name="   +++ ColLoop.2.8">10, 10, 4, 1, 1, 8, yes</column>
<column name="   +++ ColLoop.2.9">10, 10, 4, 1, 1, 8, yes</column>
<column name=" + RowLoop.2">412, 412, 206, -, -, 2, no</column>
<column name="  ++ RowLoop.2.1">204, 204, 34, -, -, 6, no</column>
<column name="   +++ RowLoop.2.1.1">32, 32, 4, -, -, 8, no</column>
</table>
</item>
</section>
</item>
</section>
</item>
</section>

<section name = "Utilization Estimates" level="0">
<item name = "Summary"><table name="" hasTotal="1">
<keys size="5">Name, BRAM_18K, DSP48E, FF, LUT</keys>
<column name="DSP">-, -, -, -</column>
<column name="Expression">-, 18, 0, 1590</column>
<column name="FIFO">-, -, -, -</column>
<column name="Instance">-, -, 0, 1235</column>
<column name="Memory">33, -, 24, 6</column>
<column name="Multiplexer">-, -, -, 2794</column>
<column name="Register">0, -, 4639, 288</column>
<specialColumn name="Available">280, 220, 106400, 53200</specialColumn>
<specialColumn name="Utilization (%)">11, 8, 4, 11</specialColumn>
</table>
</item>
<item name = "Detail">
<section name = "" level="1">
<item name = "Instance"><table name="" hasTotal="1">
<keys size="6">Instance, Module, BRAM_18K, DSP48E, FF, LUT</keys>
<column name="cnn_stream_top_mubil_x_U95">cnn_stream_top_mubil_x, 0, 0, 0, 65</column>
<column name="cnn_stream_top_mubil_x_U96">cnn_stream_top_mubil_x, 0, 0, 0, 65</column>
<column name="cnn_stream_top_mubil_x_U97">cnn_stream_top_mubil_x, 0, 0, 0, 65</column>
<column name="cnn_stream_top_mubil_x_U98">cnn_stream_top_mubil_x, 0, 0, 0, 65</column>
<column name="cnn_stream_top_mubil_x_U99">cnn_stream_top_mubil_x, 0, 0, 0, 65</column>
<column name="cnn_stream_top_mubil_x_U100">cnn_stream_top_mubil_x, 0, 0, 0, 65</column>
<column name="cnn_stream_top_mubil_x_U101">cnn_stream_top_mubil_x, 0, 0, 0, 65</column>
<column name="cnn_stream_top_mubil_x_U102">cnn_stream_top_mubil_x, 0, 0, 0, 65</column>
<column name="cnn_stream_top_mubil_x_U103">cnn_stream_top_mubil_x, 0, 0, 0, 65</column>
<column name="cnn_stream_top_mubil_x_U104">cnn_stream_top_mubil_x, 0, 0, 0, 65</column>
<column name="cnn_stream_top_mubil_x_U105">cnn_stream_top_mubil_x, 0, 0, 0, 65</column>
<column name="cnn_stream_top_mubjl_U87">cnn_stream_top_mubjl, 0, 0, 0, 65</column>
<column name="cnn_stream_top_mubjl_U88">cnn_stream_top_mubjl, 0, 0, 0, 65</column>
<column name="cnn_stream_top_mubjl_U89">cnn_stream_top_mubjl, 0, 0, 0, 65</column>
<column name="cnn_stream_top_mubjl_U90">cnn_stream_top_mubjl, 0, 0, 0, 65</column>
<column name="cnn_stream_top_mubjl_U91">cnn_stream_top_mubjl, 0, 0, 0, 65</column>
<column name="cnn_stream_top_mubjl_U92">cnn_stream_top_mubjl, 0, 0, 0, 65</column>
<column name="cnn_stream_top_mubjl_U93">cnn_stream_top_mubjl, 0, 0, 0, 65</column>
<column name="cnn_stream_top_mubjl_U94">cnn_stream_top_mubjl, 0, 0, 0, 65</column>
</table>
</item>
<item name = "DSP48"><table name="" hasTotal="0">
<keys size="3">Instance, Module, Expression</keys>
</table>
</item>
<item name = "Memory"><table name="" hasTotal="1">
<keys size="9">Memory, Module, BRAM_18K, FF, LUT, Words, Bits, Banks, W*Bits*Banks</keys>
<column name="conv3_bias_V_U">conv2d_layer_convbIp, 0, 24, 6, 16, 24, 1, 384</column>
<column name="conv3_weight_V_0_0_U">conv2d_layer_convbJp, 1, 0, 0, 128, 23, 1, 2944</column>
<column name="conv3_weight_V_0_1_U">conv2d_layer_convbKp, 1, 0, 0, 128, 23, 1, 2944</column>
<column name="conv3_weight_V_0_2_U">conv2d_layer_convbLp, 1, 0, 0, 128, 23, 1, 2944</column>
<column name="conv3_weight_V_1_0_U">conv2d_layer_convbMq, 1, 0, 0, 128, 23, 1, 2944</column>
<column name="conv3_weight_V_1_1_U">conv2d_layer_convbNq, 1, 0, 0, 128, 23, 1, 2944</column>
<column name="conv3_weight_V_1_2_U">conv2d_layer_convbOq, 1, 0, 0, 128, 23, 1, 2944</column>
<column name="conv3_weight_V_2_0_U">conv2d_layer_convbPq, 1, 0, 0, 128, 23, 1, 2944</column>
<column name="conv3_weight_V_2_1_U">conv2d_layer_convbQq, 1, 0, 0, 128, 23, 1, 2944</column>
<column name="conv3_weight_V_2_2_U">conv2d_layer_convbRq, 1, 0, 0, 128, 23, 1, 2944</column>
<column name="line_buffer_V_1_0_0_U">conv2d_layer_linebkl, 1, 0, 0, 6, 32, 1, 192</column>
<column name="line_buffer_V_1_0_1_U">conv2d_layer_linebkl, 1, 0, 0, 6, 32, 1, 192</column>
<column name="line_buffer_V_1_0_2_U">conv2d_layer_linebkl, 1, 0, 0, 6, 32, 1, 192</column>
<column name="line_buffer_V_1_0_3_U">conv2d_layer_linebkl, 1, 0, 0, 6, 32, 1, 192</column>
<column name="line_buffer_V_1_0_4_U">conv2d_layer_linebkl, 1, 0, 0, 6, 32, 1, 192</column>
<column name="line_buffer_V_1_0_5_U">conv2d_layer_linebkl, 1, 0, 0, 6, 32, 1, 192</column>
<column name="line_buffer_V_1_0_6_U">conv2d_layer_linebkl, 1, 0, 0, 6, 32, 1, 192</column>
<column name="line_buffer_V_1_0_7_U">conv2d_layer_linebkl, 1, 0, 0, 6, 32, 1, 192</column>
<column name="line_buffer_V_1_1_0_U">conv2d_layer_linebkl, 1, 0, 0, 6, 32, 1, 192</column>
<column name="line_buffer_V_1_2_0_U">conv2d_layer_linebkl, 1, 0, 0, 6, 32, 1, 192</column>
<column name="line_buffer_V_1_1_1_U">conv2d_layer_linebkl, 1, 0, 0, 6, 32, 1, 192</column>
<column name="line_buffer_V_1_2_1_U">conv2d_layer_linebkl, 1, 0, 0, 6, 32, 1, 192</column>
<column name="line_buffer_V_1_1_2_U">conv2d_layer_linebkl, 1, 0, 0, 6, 32, 1, 192</column>
<column name="line_buffer_V_1_2_2_U">conv2d_layer_linebkl, 1, 0, 0, 6, 32, 1, 192</column>
<column name="line_buffer_V_1_1_3_U">conv2d_layer_linebkl, 1, 0, 0, 6, 32, 1, 192</column>
<column name="line_buffer_V_1_2_3_U">conv2d_layer_linebkl, 1, 0, 0, 6, 32, 1, 192</column>
<column name="line_buffer_V_1_1_4_U">conv2d_layer_linebkl, 1, 0, 0, 6, 32, 1, 192</column>
<column name="line_buffer_V_1_2_4_U">conv2d_layer_linebkl, 1, 0, 0, 6, 32, 1, 192</column>
<column name="line_buffer_V_1_1_5_U">conv2d_layer_linebkl, 1, 0, 0, 6, 32, 1, 192</column>
<column name="line_buffer_V_1_2_5_U">conv2d_layer_linebkl, 1, 0, 0, 6, 32, 1, 192</column>
<column name="line_buffer_V_1_1_6_U">conv2d_layer_linebkl, 1, 0, 0, 6, 32, 1, 192</column>
<column name="line_buffer_V_1_2_6_U">conv2d_layer_linebkl, 1, 0, 0, 6, 32, 1, 192</column>
<column name="line_buffer_V_1_1_7_U">conv2d_layer_linebkl, 1, 0, 0, 6, 32, 1, 192</column>
<column name="line_buffer_V_1_2_7_U">conv2d_layer_linebkl, 1, 0, 0, 6, 32, 1, 192</column>
</table>
</item>
<item name = "FIFO"><table name="" hasTotal="1">
<keys size="7">Name, BRAM_18K, FF, LUT, Depth, Bits, Size:D*B</keys>
</table>
</item>
<item name = "Expression"><table name="" hasTotal="1">
<keys size="7">Variable Name, Operation, DSP48E, FF, LUT, Bitwidth P0, Bitwidth P1</keys>
<column name="r_V_4_0_1_i_fu_3249_p2">*, 2, 0, 20, 23, 32</column>
<column name="r_V_4_0_2_i_fu_3371_p2">*, 2, 0, 20, 23, 32</column>
<column name="r_V_4_0_i_fu_3127_p2">*, 2, 0, 20, 23, 32</column>
<column name="r_V_4_1_1_i_fu_3615_p2">*, 2, 0, 20, 23, 32</column>
<column name="r_V_4_1_2_i_fu_3737_p2">*, 2, 0, 20, 23, 32</column>
<column name="r_V_4_1_i_fu_3493_p2">*, 2, 0, 20, 23, 32</column>
<column name="r_V_4_2_1_i_fu_3981_p2">*, 2, 0, 20, 23, 32</column>
<column name="r_V_4_2_2_i_fu_4103_p2">*, 2, 0, 20, 23, 32</column>
<column name="r_V_4_2_i_fu_3859_p2">*, 2, 0, 20, 23, 32</column>
<column name="c_2_fu_4195_p2">+, 0, 0, 12, 3, 1</column>
<column name="c_3_fu_1911_p2">+, 0, 0, 12, 3, 1</column>
<column name="c_4_i_fu_1814_p2">+, 0, 0, 12, 3, 1</column>
<column name="c_fu_1934_p2">+, 0, 0, 12, 3, 1</column>
<column name="ch_19_0_1_i_fu_3166_p2">+, 0, 0, 13, 4, 1</column>
<column name="ch_19_0_2_i_fu_3288_p2">+, 0, 0, 13, 4, 1</column>
<column name="ch_19_0_i_fu_3044_p2">+, 0, 0, 13, 4, 1</column>
<column name="ch_19_1_1_i_fu_3532_p2">+, 0, 0, 13, 4, 1</column>
<column name="ch_19_1_2_i_fu_3654_p2">+, 0, 0, 13, 4, 1</column>
<column name="ch_19_1_i_fu_3410_p2">+, 0, 0, 13, 4, 1</column>
<column name="ch_19_2_1_i_fu_3898_p2">+, 0, 0, 13, 4, 1</column>
<column name="ch_19_2_2_i_fu_4020_p2">+, 0, 0, 13, 4, 1</column>
<column name="ch_19_2_i_fu_3776_p2">+, 0, 0, 13, 4, 1</column>
<column name="ch_fu_4235_p2">+, 0, 0, 13, 4, 1</column>
<column name="i_1_fu_4171_p2">+, 0, 0, 10, 2, 1</column>
<column name="i_fu_1844_p2">+, 0, 0, 10, 2, 1</column>
<column name="indvar_flatten_next7_fu_1950_p2">+, 0, 0, 13, 4, 1</column>
<column name="indvar_flatten_next_fu_1838_p2">+, 0, 0, 13, 4, 1</column>
<column name="kh_fu_1956_p2">+, 0, 0, 10, 2, 1</column>
<column name="kw_fu_2037_p2">+, 0, 0, 10, 2, 1</column>
<column name="oc_fu_3001_p2">+, 0, 0, 15, 5, 1</column>
<column name="r_fu_1922_p2">+, 0, 0, 15, 8, 1</column>
<column name="ret_V_0_1_i_fu_3266_p2">+, 0, 0, 65, 58, 58</column>
<column name="ret_V_0_2_i_fu_3388_p2">+, 0, 0, 65, 58, 58</column>
<column name="ret_V_0_i_fu_3144_p2">+, 0, 0, 65, 58, 58</column>
<column name="ret_V_1_1_i_fu_3632_p2">+, 0, 0, 65, 58, 58</column>
<column name="ret_V_1_2_i_fu_3754_p2">+, 0, 0, 65, 58, 58</column>
<column name="ret_V_1_i_fu_3510_p2">+, 0, 0, 65, 58, 58</column>
<column name="ret_V_2_1_i_fu_3998_p2">+, 0, 0, 65, 58, 58</column>
<column name="ret_V_2_2_i_fu_4120_p2">+, 0, 0, 65, 58, 58</column>
<column name="ret_V_2_i_fu_3876_p2">+, 0, 0, 65, 58, 58</column>
<column name="tmp_10_i_fu_1998_p2">+, 0, 0, 13, 4, 4</column>
<column name="tmp_22_fu_3054_p2">+, 0, 0, 15, 9, 9</column>
<column name="tmp_24_fu_3176_p2">+, 0, 0, 15, 9, 9</column>
<column name="tmp_26_fu_3298_p2">+, 0, 0, 15, 9, 9</column>
<column name="tmp_28_fu_3420_p2">+, 0, 0, 15, 9, 9</column>
<column name="tmp_30_fu_3542_p2">+, 0, 0, 15, 9, 9</column>
<column name="tmp_32_fu_3664_p2">+, 0, 0, 15, 9, 9</column>
<column name="tmp_34_fu_3786_p2">+, 0, 0, 15, 9, 9</column>
<column name="tmp_36_fu_3908_p2">+, 0, 0, 15, 9, 9</column>
<column name="tmp_41_fu_4030_p2">+, 0, 0, 15, 9, 9</column>
<column name="tmp_fu_1988_p2">+, 0, 0, 12, 3, 2</column>
<column name="ap_block_pp1_stage0_11001">and, 0, 0, 2, 1, 1</column>
<column name="ap_block_pp1_stage1_11001">and, 0, 0, 2, 1, 1</column>
<column name="ap_block_state10_pp1_stage6_iter0">and, 0, 0, 2, 1, 1</column>
<column name="ap_block_state124">and, 0, 0, 2, 1, 1</column>
<column name="ap_block_state66">and, 0, 0, 2, 1, 1</column>
<column name="ap_condition_3932">and, 0, 0, 2, 1, 1</column>
<column name="ap_condition_3935">and, 0, 0, 2, 1, 1</column>
<column name="ap_condition_3939">and, 0, 0, 2, 1, 1</column>
<column name="ap_condition_3943">and, 0, 0, 2, 1, 1</column>
<column name="ap_condition_3947">and, 0, 0, 2, 1, 1</column>
<column name="ap_condition_3952">and, 0, 0, 2, 1, 1</column>
<column name="ap_condition_3956">and, 0, 0, 2, 1, 1</column>
<column name="ap_condition_3960">and, 0, 0, 2, 1, 1</column>
<column name="ap_condition_3964">and, 0, 0, 2, 1, 1</column>
<column name="ap_predicate_op1147_read_state66">and, 0, 0, 2, 1, 1</column>
<column name="cond1_i_fu_4177_p2">icmp, 0, 0, 8, 2, 1</column>
<column name="cond_i_fu_1870_p2">icmp, 0, 0, 8, 2, 1</column>
<column name="cond_i_mid1_fu_1864_p2">icmp, 0, 0, 8, 2, 1</column>
<column name="exitcond10_i_fu_4229_p2">icmp, 0, 0, 11, 4, 5</column>
<column name="exitcond1_i_fu_4165_p2">icmp, 0, 0, 9, 2, 3</column>
<column name="exitcond22_0_1_i_fu_3160_p2">icmp, 0, 0, 11, 4, 5</column>
<column name="exitcond22_0_2_i_fu_3282_p2">icmp, 0, 0, 11, 4, 5</column>
<column name="exitcond22_0_i_fu_3038_p2">icmp, 0, 0, 11, 4, 5</column>
<column name="exitcond22_1_1_i_fu_3526_p2">icmp, 0, 0, 11, 4, 5</column>
<column name="exitcond22_1_2_i_fu_3648_p2">icmp, 0, 0, 11, 4, 5</column>
<column name="exitcond22_1_i_fu_3404_p2">icmp, 0, 0, 11, 4, 5</column>
<column name="exitcond22_2_1_i_fu_3892_p2">icmp, 0, 0, 11, 4, 5</column>
<column name="exitcond22_2_2_i_fu_4014_p2">icmp, 0, 0, 11, 4, 5</column>
<column name="exitcond22_2_i_fu_3770_p2">icmp, 0, 0, 11, 4, 5</column>
<column name="exitcond3_i_fu_2995_p2">icmp, 0, 0, 11, 5, 6</column>
<column name="exitcond4_i_fu_1962_p2">icmp, 0, 0, 8, 2, 2</column>
<column name="exitcond5_i_fu_4189_p2">icmp, 0, 0, 9, 3, 3</column>
<column name="exitcond6_i_fu_1928_p2">icmp, 0, 0, 9, 3, 3</column>
<column name="exitcond7_i_fu_1916_p2">icmp, 0, 0, 11, 8, 4</column>
<column name="exitcond8_i_fu_1850_p2">icmp, 0, 0, 9, 3, 3</column>
<column name="exitcond9_i_fu_1808_p2">icmp, 0, 0, 9, 3, 3</column>
<column name="exitcond_flatten8_fu_1944_p2">icmp, 0, 0, 9, 4, 4</column>
<column name="exitcond_flatten_fu_1832_p2">icmp, 0, 0, 9, 4, 4</column>
<column name="switch_i_fu_2031_p2">icmp, 0, 0, 9, 4, 3</column>
<column name="tmp_6_i_fu_4183_p2">icmp, 0, 0, 11, 8, 5</column>
<column name="ap_block_state1">or, 0, 0, 2, 1, 1</column>
<column name="c2_i_mid2_fu_1856_p3">select, 0, 0, 3, 1, 1</column>
<column name="cond_i_mid2_fu_1876_p3">select, 0, 0, 2, 1, 1</column>
<column name="i1_i_mid2_fu_1884_p3">select, 0, 0, 2, 1, 2</column>
<column name="kh_i_mid2_fu_1976_p3">select, 0, 0, 2, 1, 2</column>
<column name="kw_i_mid2_fu_1968_p3">select, 0, 0, 2, 1, 1</column>
<column name="line_buffer_V_1_load_fu_4287_p3">select, 0, 0, 32, 1, 32</column>
<column name="tmp_40_fu_4148_p3">select, 0, 0, 27, 1, 1</column>
<column name="ap_enable_pp1">xor, 0, 0, 2, 1, 2</column>
<column name="ap_enable_pp10">xor, 0, 0, 2, 1, 2</column>
<column name="ap_enable_pp11">xor, 0, 0, 2, 1, 2</column>
<column name="ap_enable_pp2">xor, 0, 0, 2, 1, 2</column>
<column name="ap_enable_pp3">xor, 0, 0, 2, 1, 2</column>
<column name="ap_enable_pp4">xor, 0, 0, 2, 1, 2</column>
<column name="ap_enable_pp5">xor, 0, 0, 2, 1, 2</column>
<column name="ap_enable_pp6">xor, 0, 0, 2, 1, 2</column>
<column name="ap_enable_pp7">xor, 0, 0, 2, 1, 2</column>
<column name="ap_enable_pp8">xor, 0, 0, 2, 1, 2</column>
<column name="ap_enable_pp9">xor, 0, 0, 2, 1, 2</column>
<column name="ap_enable_reg_pp10_iter1">xor, 0, 0, 2, 2, 1</column>
<column name="ap_enable_reg_pp11_iter1">xor, 0, 0, 2, 2, 1</column>
<column name="ap_enable_reg_pp2_iter1">xor, 0, 0, 2, 2, 1</column>
<column name="ap_enable_reg_pp3_iter1">xor, 0, 0, 2, 2, 1</column>
<column name="ap_enable_reg_pp4_iter1">xor, 0, 0, 2, 2, 1</column>
<column name="ap_enable_reg_pp5_iter1">xor, 0, 0, 2, 2, 1</column>
<column name="ap_enable_reg_pp6_iter1">xor, 0, 0, 2, 2, 1</column>
<column name="ap_enable_reg_pp7_iter1">xor, 0, 0, 2, 2, 1</column>
<column name="ap_enable_reg_pp8_iter1">xor, 0, 0, 2, 2, 1</column>
<column name="ap_enable_reg_pp9_iter1">xor, 0, 0, 2, 2, 1</column>
</table>
</item>
<item name = "Multiplexer"><table name="" hasTotal="1">
<keys size="5">Name, LUT, Input Size, Bits, Total Bits</keys>
<column name="ap_NS_fsm">417, 96, 1, 96</column>
<column name="ap_done">9, 2, 1, 2</column>
<column name="ap_enable_reg_pp10_iter1">9, 2, 1, 2</column>
<column name="ap_enable_reg_pp10_iter3">9, 2, 1, 2</column>
<column name="ap_enable_reg_pp11_iter1">9, 2, 1, 2</column>
<column name="ap_enable_reg_pp11_iter3">9, 2, 1, 2</column>
<column name="ap_enable_reg_pp1_iter1">9, 2, 1, 2</column>
<column name="ap_enable_reg_pp2_iter1">15, 3, 1, 3</column>
<column name="ap_enable_reg_pp3_iter1">9, 2, 1, 2</column>
<column name="ap_enable_reg_pp3_iter3">9, 2, 1, 2</column>
<column name="ap_enable_reg_pp4_iter1">9, 2, 1, 2</column>
<column name="ap_enable_reg_pp4_iter3">9, 2, 1, 2</column>
<column name="ap_enable_reg_pp5_iter1">9, 2, 1, 2</column>
<column name="ap_enable_reg_pp5_iter3">9, 2, 1, 2</column>
<column name="ap_enable_reg_pp6_iter1">9, 2, 1, 2</column>
<column name="ap_enable_reg_pp6_iter3">9, 2, 1, 2</column>
<column name="ap_enable_reg_pp7_iter1">9, 2, 1, 2</column>
<column name="ap_enable_reg_pp7_iter3">9, 2, 1, 2</column>
<column name="ap_enable_reg_pp8_iter1">9, 2, 1, 2</column>
<column name="ap_enable_reg_pp8_iter3">9, 2, 1, 2</column>
<column name="ap_enable_reg_pp9_iter1">9, 2, 1, 2</column>
<column name="ap_enable_reg_pp9_iter3">9, 2, 1, 2</column>
<column name="ap_phi_mux_c2_i_phi_fu_1490_p4">9, 2, 3, 6</column>
<column name="ap_phi_mux_i1_i_phi_fu_1479_p4">9, 2, 2, 4</column>
<column name="ap_phi_mux_indvar_flatten_phi_fu_1468_p4">9, 2, 4, 8</column>
<column name="ap_phi_mux_kh_i_phi_fu_1535_p4">9, 2, 2, 4</column>
<column name="ap_phi_mux_storemerge_i_phi_fu_1799_p4">9, 2, 32, 64</column>
<column name="c2_i_reg_1486">9, 2, 3, 6</column>
<column name="c4_i_reg_1509">9, 2, 3, 6</column>
<column name="c6_i_reg_1773">9, 2, 3, 6</column>
<column name="c_i_reg_1453">9, 2, 3, 6</column>
<column name="ch8_0_1_i_reg_1597">9, 2, 4, 8</column>
<column name="ch8_0_2_i_reg_1619">9, 2, 4, 8</column>
<column name="ch8_0_i_reg_1575">9, 2, 4, 8</column>
<column name="ch8_1_1_i_reg_1663">9, 2, 4, 8</column>
<column name="ch8_1_2_i_reg_1685">9, 2, 4, 8</column>
<column name="ch8_1_i_reg_1641">9, 2, 4, 8</column>
<column name="ch8_2_1_i_reg_1729">9, 2, 4, 8</column>
<column name="ch8_2_2_i_reg_1751">9, 2, 4, 8</column>
<column name="ch8_2_i_reg_1707">9, 2, 4, 8</column>
<column name="ch_i_reg_1784">9, 2, 4, 8</column>
<column name="conv3_out_V_V_blk_n">9, 2, 1, 2</column>
<column name="i1_i_reg_1475">9, 2, 2, 4</column>
<column name="i9_i_reg_1762">9, 2, 2, 4</column>
<column name="indvar_flatten6_reg_1520">9, 2, 4, 8</column>
<column name="indvar_flatten_reg_1464">9, 2, 4, 8</column>
<column name="kh_i_reg_1531">9, 2, 2, 4</column>
<column name="kw_i_reg_1542">9, 2, 2, 4</column>
<column name="line_buffer_V_1_0_0_address1">15, 3, 3, 9</column>
<column name="line_buffer_V_1_0_0_d1">15, 3, 32, 96</column>
<column name="line_buffer_V_1_0_1_address1">15, 3, 3, 9</column>
<column name="line_buffer_V_1_0_1_d1">15, 3, 32, 96</column>
<column name="line_buffer_V_1_0_2_address1">15, 3, 3, 9</column>
<column name="line_buffer_V_1_0_2_d1">15, 3, 32, 96</column>
<column name="line_buffer_V_1_0_3_address1">15, 3, 3, 9</column>
<column name="line_buffer_V_1_0_3_d1">15, 3, 32, 96</column>
<column name="line_buffer_V_1_0_4_address1">15, 3, 3, 9</column>
<column name="line_buffer_V_1_0_4_d1">15, 3, 32, 96</column>
<column name="line_buffer_V_1_0_5_address1">15, 3, 3, 9</column>
<column name="line_buffer_V_1_0_5_d1">15, 3, 32, 96</column>
<column name="line_buffer_V_1_0_6_address1">15, 3, 3, 9</column>
<column name="line_buffer_V_1_0_6_d1">15, 3, 32, 96</column>
<column name="line_buffer_V_1_0_7_address1">15, 3, 3, 9</column>
<column name="line_buffer_V_1_0_7_d1">15, 3, 32, 96</column>
<column name="line_buffer_V_1_1_0_address0">15, 3, 3, 9</column>
<column name="line_buffer_V_1_1_0_address1">15, 3, 3, 9</column>
<column name="line_buffer_V_1_1_0_d1">15, 3, 32, 96</column>
<column name="line_buffer_V_1_1_1_address0">15, 3, 3, 9</column>
<column name="line_buffer_V_1_1_1_address1">15, 3, 3, 9</column>
<column name="line_buffer_V_1_1_1_d1">15, 3, 32, 96</column>
<column name="line_buffer_V_1_1_2_address0">15, 3, 3, 9</column>
<column name="line_buffer_V_1_1_2_address1">15, 3, 3, 9</column>
<column name="line_buffer_V_1_1_2_d1">15, 3, 32, 96</column>
<column name="line_buffer_V_1_1_3_address0">15, 3, 3, 9</column>
<column name="line_buffer_V_1_1_3_address1">15, 3, 3, 9</column>
<column name="line_buffer_V_1_1_3_d1">15, 3, 32, 96</column>
<column name="line_buffer_V_1_1_4_address0">15, 3, 3, 9</column>
<column name="line_buffer_V_1_1_4_address1">15, 3, 3, 9</column>
<column name="line_buffer_V_1_1_4_d1">15, 3, 32, 96</column>
<column name="line_buffer_V_1_1_5_address0">15, 3, 3, 9</column>
<column name="line_buffer_V_1_1_5_address1">15, 3, 3, 9</column>
<column name="line_buffer_V_1_1_5_d1">15, 3, 32, 96</column>
<column name="line_buffer_V_1_1_6_address0">15, 3, 3, 9</column>
<column name="line_buffer_V_1_1_6_address1">15, 3, 3, 9</column>
<column name="line_buffer_V_1_1_6_d1">15, 3, 32, 96</column>
<column name="line_buffer_V_1_1_7_address0">15, 3, 3, 9</column>
<column name="line_buffer_V_1_1_7_address1">15, 3, 3, 9</column>
<column name="line_buffer_V_1_1_7_d1">15, 3, 32, 96</column>
<column name="line_buffer_V_1_2_0_address0">15, 3, 3, 9</column>
<column name="line_buffer_V_1_2_0_address1">41, 8, 3, 24</column>
<column name="line_buffer_V_1_2_0_d1">15, 3, 32, 96</column>
<column name="line_buffer_V_1_2_1_address0">15, 3, 3, 9</column>
<column name="line_buffer_V_1_2_1_address1">41, 8, 3, 24</column>
<column name="line_buffer_V_1_2_1_d1">15, 3, 32, 96</column>
<column name="line_buffer_V_1_2_2_address0">15, 3, 3, 9</column>
<column name="line_buffer_V_1_2_2_address1">41, 8, 3, 24</column>
<column name="line_buffer_V_1_2_2_d1">15, 3, 32, 96</column>
<column name="line_buffer_V_1_2_3_address0">15, 3, 3, 9</column>
<column name="line_buffer_V_1_2_3_address1">41, 8, 3, 24</column>
<column name="line_buffer_V_1_2_3_d1">15, 3, 32, 96</column>
<column name="line_buffer_V_1_2_4_address0">15, 3, 3, 9</column>
<column name="line_buffer_V_1_2_4_address1">41, 8, 3, 24</column>
<column name="line_buffer_V_1_2_4_d1">15, 3, 32, 96</column>
<column name="line_buffer_V_1_2_5_address0">15, 3, 3, 9</column>
<column name="line_buffer_V_1_2_5_address1">41, 8, 3, 24</column>
<column name="line_buffer_V_1_2_5_d1">15, 3, 32, 96</column>
<column name="line_buffer_V_1_2_6_address0">15, 3, 3, 9</column>
<column name="line_buffer_V_1_2_6_address1">41, 8, 3, 24</column>
<column name="line_buffer_V_1_2_6_d1">15, 3, 32, 96</column>
<column name="line_buffer_V_1_2_7_address0">15, 3, 3, 9</column>
<column name="line_buffer_V_1_2_7_address1">41, 8, 3, 24</column>
<column name="line_buffer_V_1_2_7_d1">21, 4, 32, 128</column>
<column name="oc_i_reg_1553">9, 2, 5, 10</column>
<column name="p_Val2_8_0_1_i_reg_1586">9, 2, 32, 64</column>
<column name="p_Val2_8_0_2_i_reg_1608">9, 2, 32, 64</column>
<column name="p_Val2_8_0_i_reg_1565">9, 2, 32, 64</column>
<column name="p_Val2_8_1_1_i_reg_1652">9, 2, 32, 64</column>
<column name="p_Val2_8_1_2_i_reg_1674">9, 2, 32, 64</column>
<column name="p_Val2_8_1_i_reg_1630">9, 2, 32, 64</column>
<column name="p_Val2_8_2_1_i_reg_1718">9, 2, 32, 64</column>
<column name="p_Val2_8_2_2_i_reg_1740">9, 2, 32, 64</column>
<column name="p_Val2_8_2_i_reg_1696">9, 2, 32, 64</column>
<column name="pool2_out_V_V_blk_n">9, 2, 1, 2</column>
<column name="r_i_reg_1497">9, 2, 8, 16</column>
<column name="real_start">9, 2, 1, 2</column>
<column name="storemerge_i_reg_1795">9, 2, 32, 64</column>
<column name="window_V_0_0_0">9, 2, 32, 64</column>
<column name="window_V_0_0_1">9, 2, 32, 64</column>
<column name="window_V_0_0_2">9, 2, 32, 64</column>
<column name="window_V_0_0_3">9, 2, 32, 64</column>
<column name="window_V_0_0_4">9, 2, 32, 64</column>
<column name="window_V_0_0_5">9, 2, 32, 64</column>
<column name="window_V_0_0_6">9, 2, 32, 64</column>
<column name="window_V_0_0_7">9, 2, 32, 64</column>
<column name="window_V_0_1_0">9, 2, 32, 64</column>
<column name="window_V_0_1_1">9, 2, 32, 64</column>
<column name="window_V_0_1_2">9, 2, 32, 64</column>
<column name="window_V_0_1_3">9, 2, 32, 64</column>
<column name="window_V_0_1_4">9, 2, 32, 64</column>
<column name="window_V_0_1_5">9, 2, 32, 64</column>
<column name="window_V_0_1_6">9, 2, 32, 64</column>
<column name="window_V_0_1_7">9, 2, 32, 64</column>
<column name="window_V_0_2_0">9, 2, 32, 64</column>
<column name="window_V_0_2_1">9, 2, 32, 64</column>
<column name="window_V_0_2_2">9, 2, 32, 64</column>
<column name="window_V_0_2_3">9, 2, 32, 64</column>
<column name="window_V_0_2_4">9, 2, 32, 64</column>
<column name="window_V_0_2_5">9, 2, 32, 64</column>
<column name="window_V_0_2_6">9, 2, 32, 64</column>
<column name="window_V_0_2_7">9, 2, 32, 64</column>
<column name="window_V_1_0_0">9, 2, 32, 64</column>
<column name="window_V_1_0_1">9, 2, 32, 64</column>
<column name="window_V_1_0_2">9, 2, 32, 64</column>
<column name="window_V_1_0_3">9, 2, 32, 64</column>
<column name="window_V_1_0_4">9, 2, 32, 64</column>
<column name="window_V_1_0_5">9, 2, 32, 64</column>
<column name="window_V_1_0_6">9, 2, 32, 64</column>
<column name="window_V_1_0_7">9, 2, 32, 64</column>
<column name="window_V_1_1_0">9, 2, 32, 64</column>
<column name="window_V_1_1_1">9, 2, 32, 64</column>
<column name="window_V_1_1_2">9, 2, 32, 64</column>
<column name="window_V_1_1_3">9, 2, 32, 64</column>
<column name="window_V_1_1_4">9, 2, 32, 64</column>
<column name="window_V_1_1_5">9, 2, 32, 64</column>
<column name="window_V_1_1_6">9, 2, 32, 64</column>
<column name="window_V_1_1_7">9, 2, 32, 64</column>
<column name="window_V_1_2_0">9, 2, 32, 64</column>
<column name="window_V_1_2_1">9, 2, 32, 64</column>
<column name="window_V_1_2_2">9, 2, 32, 64</column>
<column name="window_V_1_2_3">9, 2, 32, 64</column>
<column name="window_V_1_2_4">9, 2, 32, 64</column>
<column name="window_V_1_2_5">9, 2, 32, 64</column>
<column name="window_V_1_2_6">9, 2, 32, 64</column>
<column name="window_V_1_2_7">9, 2, 32, 64</column>
<column name="window_V_2_0_0">9, 2, 32, 64</column>
<column name="window_V_2_0_1">9, 2, 32, 64</column>
<column name="window_V_2_0_2">9, 2, 32, 64</column>
<column name="window_V_2_0_3">9, 2, 32, 64</column>
<column name="window_V_2_0_4">9, 2, 32, 64</column>
<column name="window_V_2_0_5">9, 2, 32, 64</column>
<column name="window_V_2_0_6">9, 2, 32, 64</column>
<column name="window_V_2_0_7">9, 2, 32, 64</column>
<column name="window_V_2_1_0">9, 2, 32, 64</column>
<column name="window_V_2_1_1">9, 2, 32, 64</column>
<column name="window_V_2_1_2">9, 2, 32, 64</column>
<column name="window_V_2_1_3">9, 2, 32, 64</column>
<column name="window_V_2_1_4">9, 2, 32, 64</column>
<column name="window_V_2_1_5">9, 2, 32, 64</column>
<column name="window_V_2_1_6">9, 2, 32, 64</column>
<column name="window_V_2_1_7">9, 2, 32, 64</column>
<column name="window_V_2_2_0">9, 2, 32, 64</column>
<column name="window_V_2_2_1">9, 2, 32, 64</column>
<column name="window_V_2_2_2">9, 2, 32, 64</column>
<column name="window_V_2_2_3">9, 2, 32, 64</column>
<column name="window_V_2_2_4">9, 2, 32, 64</column>
<column name="window_V_2_2_5">9, 2, 32, 64</column>
<column name="window_V_2_2_6">9, 2, 32, 64</column>
<column name="window_V_2_2_7">9, 2, 32, 64</column>
</table>
</item>
<item name = "Register"><table name="" hasTotal="1">
<keys size="5">Name, FF, LUT, Bits, Const Bits</keys>
<column name="ap_CS_fsm">95, 0, 95, 0</column>
<column name="ap_done_reg">1, 0, 1, 0</column>
<column name="ap_enable_reg_pp10_iter0">1, 0, 1, 0</column>
<column name="ap_enable_reg_pp10_iter1">1, 0, 1, 0</column>
<column name="ap_enable_reg_pp10_iter2">1, 0, 1, 0</column>
<column name="ap_enable_reg_pp10_iter3">1, 0, 1, 0</column>
<column name="ap_enable_reg_pp11_iter0">1, 0, 1, 0</column>
<column name="ap_enable_reg_pp11_iter1">1, 0, 1, 0</column>
<column name="ap_enable_reg_pp11_iter2">1, 0, 1, 0</column>
<column name="ap_enable_reg_pp11_iter3">1, 0, 1, 0</column>
<column name="ap_enable_reg_pp1_iter0">1, 0, 1, 0</column>
<column name="ap_enable_reg_pp1_iter1">1, 0, 1, 0</column>
<column name="ap_enable_reg_pp2_iter0">1, 0, 1, 0</column>
<column name="ap_enable_reg_pp2_iter1">1, 0, 1, 0</column>
<column name="ap_enable_reg_pp3_iter0">1, 0, 1, 0</column>
<column name="ap_enable_reg_pp3_iter1">1, 0, 1, 0</column>
<column name="ap_enable_reg_pp3_iter2">1, 0, 1, 0</column>
<column name="ap_enable_reg_pp3_iter3">1, 0, 1, 0</column>
<column name="ap_enable_reg_pp4_iter0">1, 0, 1, 0</column>
<column name="ap_enable_reg_pp4_iter1">1, 0, 1, 0</column>
<column name="ap_enable_reg_pp4_iter2">1, 0, 1, 0</column>
<column name="ap_enable_reg_pp4_iter3">1, 0, 1, 0</column>
<column name="ap_enable_reg_pp5_iter0">1, 0, 1, 0</column>
<column name="ap_enable_reg_pp5_iter1">1, 0, 1, 0</column>
<column name="ap_enable_reg_pp5_iter2">1, 0, 1, 0</column>
<column name="ap_enable_reg_pp5_iter3">1, 0, 1, 0</column>
<column name="ap_enable_reg_pp6_iter0">1, 0, 1, 0</column>
<column name="ap_enable_reg_pp6_iter1">1, 0, 1, 0</column>
<column name="ap_enable_reg_pp6_iter2">1, 0, 1, 0</column>
<column name="ap_enable_reg_pp6_iter3">1, 0, 1, 0</column>
<column name="ap_enable_reg_pp7_iter0">1, 0, 1, 0</column>
<column name="ap_enable_reg_pp7_iter1">1, 0, 1, 0</column>
<column name="ap_enable_reg_pp7_iter2">1, 0, 1, 0</column>
<column name="ap_enable_reg_pp7_iter3">1, 0, 1, 0</column>
<column name="ap_enable_reg_pp8_iter0">1, 0, 1, 0</column>
<column name="ap_enable_reg_pp8_iter1">1, 0, 1, 0</column>
<column name="ap_enable_reg_pp8_iter2">1, 0, 1, 0</column>
<column name="ap_enable_reg_pp8_iter3">1, 0, 1, 0</column>
<column name="ap_enable_reg_pp9_iter0">1, 0, 1, 0</column>
<column name="ap_enable_reg_pp9_iter1">1, 0, 1, 0</column>
<column name="ap_enable_reg_pp9_iter2">1, 0, 1, 0</column>
<column name="ap_enable_reg_pp9_iter3">1, 0, 1, 0</column>
<column name="c2_i_mid2_reg_4311">3, 0, 3, 0</column>
<column name="c2_i_reg_1486">3, 0, 3, 0</column>
<column name="c4_cast_i_reg_4418">3, 0, 4, 1</column>
<column name="c4_i_reg_1509">3, 0, 3, 0</column>
<column name="c6_i_reg_1773">3, 0, 3, 0</column>
<column name="c_2_reg_4980">3, 0, 3, 0</column>
<column name="c_3_reg_4396">3, 0, 3, 0</column>
<column name="c_i_reg_1453">3, 0, 3, 0</column>
<column name="c_reg_4413">3, 0, 3, 0</column>
<column name="ch8_0_1_i_reg_1597">4, 0, 4, 0</column>
<column name="ch8_0_2_i_reg_1619">4, 0, 4, 0</column>
<column name="ch8_0_i_reg_1575">4, 0, 4, 0</column>
<column name="ch8_1_1_i_reg_1663">4, 0, 4, 0</column>
<column name="ch8_1_2_i_reg_1685">4, 0, 4, 0</column>
<column name="ch8_1_i_reg_1641">4, 0, 4, 0</column>
<column name="ch8_2_1_i_reg_1729">4, 0, 4, 0</column>
<column name="ch8_2_2_i_reg_1751">4, 0, 4, 0</column>
<column name="ch8_2_i_reg_1707">4, 0, 4, 0</column>
<column name="ch_i_reg_1784">4, 0, 4, 0</column>
<column name="ch_reg_5116">4, 0, 4, 0</column>
<column name="cond1_i_reg_4968">1, 0, 1, 0</column>
<column name="cond_i_mid2_reg_4317">1, 0, 1, 0</column>
<column name="conv3_weight_V_0_0_l_reg_4633">23, 0, 23, 0</column>
<column name="conv3_weight_V_0_1_l_reg_4672">23, 0, 23, 0</column>
<column name="conv3_weight_V_0_2_l_reg_4711">23, 0, 23, 0</column>
<column name="conv3_weight_V_1_0_l_reg_4750">23, 0, 23, 0</column>
<column name="conv3_weight_V_1_1_l_reg_4789">23, 0, 23, 0</column>
<column name="conv3_weight_V_1_2_l_reg_4828">23, 0, 23, 0</column>
<column name="conv3_weight_V_2_0_l_reg_4867">23, 0, 23, 0</column>
<column name="conv3_weight_V_2_1_l_reg_4906">23, 0, 23, 0</column>
<column name="conv3_weight_V_2_2_l_reg_4945">23, 0, 23, 0</column>
<column name="exitcond22_0_1_i_reg_4648">1, 0, 1, 0</column>
<column name="exitcond22_0_2_i_reg_4687">1, 0, 1, 0</column>
<column name="exitcond22_0_i_reg_4609">1, 0, 1, 0</column>
<column name="exitcond22_1_1_i_reg_4765">1, 0, 1, 0</column>
<column name="exitcond22_1_2_i_reg_4804">1, 0, 1, 0</column>
<column name="exitcond22_1_i_reg_4726">1, 0, 1, 0</column>
<column name="exitcond22_2_1_i_reg_4882">1, 0, 1, 0</column>
<column name="exitcond22_2_2_i_reg_4921">1, 0, 1, 0</column>
<column name="exitcond22_2_i_reg_4843">1, 0, 1, 0</column>
<column name="exitcond_flatten8_reg_4423">1, 0, 1, 0</column>
<column name="exitcond_flatten_reg_4302">1, 0, 1, 0</column>
<column name="i1_i_mid2_reg_4321">2, 0, 2, 0</column>
<column name="i1_i_reg_1475">2, 0, 2, 0</column>
<column name="i9_i_reg_1762">2, 0, 2, 0</column>
<column name="i_1_reg_4963">2, 0, 2, 0</column>
<column name="indvar_flatten6_reg_1520">4, 0, 4, 0</column>
<column name="indvar_flatten_next_reg_4306">4, 0, 4, 0</column>
<column name="indvar_flatten_reg_1464">4, 0, 4, 0</column>
<column name="kh_i_mid2_reg_4436">2, 0, 2, 0</column>
<column name="kh_i_reg_1531">2, 0, 2, 0</column>
<column name="kw_i_mid2_reg_4432">2, 0, 2, 0</column>
<column name="kw_i_reg_1542">2, 0, 2, 0</column>
<column name="line_buffer_V_1_0_0_3_reg_4985">3, 0, 3, 0</column>
<column name="line_buffer_V_1_0_1_3_reg_4990">3, 0, 3, 0</column>
<column name="line_buffer_V_1_0_2_3_reg_4995">3, 0, 3, 0</column>
<column name="line_buffer_V_1_0_3_3_reg_5000">3, 0, 3, 0</column>
<column name="line_buffer_V_1_0_4_3_reg_5005">3, 0, 3, 0</column>
<column name="line_buffer_V_1_0_5_3_reg_5010">3, 0, 3, 0</column>
<column name="line_buffer_V_1_0_6_3_reg_5015">3, 0, 3, 0</column>
<column name="line_buffer_V_1_0_7_3_reg_5020">3, 0, 3, 0</column>
<column name="line_buffer_V_1_1_0_3_reg_5025">3, 0, 3, 0</column>
<column name="line_buffer_V_1_1_1_3_reg_5031">3, 0, 3, 0</column>
<column name="line_buffer_V_1_1_1_s_reg_4326">3, 0, 3, 0</column>
<column name="line_buffer_V_1_1_2_3_reg_5037">3, 0, 3, 0</column>
<column name="line_buffer_V_1_1_2_s_reg_4336">3, 0, 3, 0</column>
<column name="line_buffer_V_1_1_3_3_reg_5043">3, 0, 3, 0</column>
<column name="line_buffer_V_1_1_3_s_reg_4346">3, 0, 3, 0</column>
<column name="line_buffer_V_1_1_4_3_reg_5049">3, 0, 3, 0</column>
<column name="line_buffer_V_1_1_4_s_reg_4356">3, 0, 3, 0</column>
<column name="line_buffer_V_1_1_5_3_reg_5055">3, 0, 3, 0</column>
<column name="line_buffer_V_1_1_5_s_reg_4366">3, 0, 3, 0</column>
<column name="line_buffer_V_1_1_6_3_reg_5061">3, 0, 3, 0</column>
<column name="line_buffer_V_1_1_6_s_reg_4376">3, 0, 3, 0</column>
<column name="line_buffer_V_1_1_7_3_reg_5067">3, 0, 3, 0</column>
<column name="line_buffer_V_1_1_7_s_reg_4386">3, 0, 3, 0</column>
<column name="line_buffer_V_1_2_0_3_reg_5073">3, 0, 3, 0</column>
<column name="line_buffer_V_1_2_1_3_reg_5078">3, 0, 3, 0</column>
<column name="line_buffer_V_1_2_1_s_reg_4331">3, 0, 3, 0</column>
<column name="line_buffer_V_1_2_2_3_reg_5083">3, 0, 3, 0</column>
<column name="line_buffer_V_1_2_2_s_reg_4341">3, 0, 3, 0</column>
<column name="line_buffer_V_1_2_3_3_reg_5088">3, 0, 3, 0</column>
<column name="line_buffer_V_1_2_3_s_reg_4351">3, 0, 3, 0</column>
<column name="line_buffer_V_1_2_4_3_reg_5093">3, 0, 3, 0</column>
<column name="line_buffer_V_1_2_4_s_reg_4361">3, 0, 3, 0</column>
<column name="line_buffer_V_1_2_5_3_reg_5098">3, 0, 3, 0</column>
<column name="line_buffer_V_1_2_5_s_reg_4371">3, 0, 3, 0</column>
<column name="line_buffer_V_1_2_6_3_reg_5103">3, 0, 3, 0</column>
<column name="line_buffer_V_1_2_6_s_reg_4381">3, 0, 3, 0</column>
<column name="line_buffer_V_1_2_7_3_reg_5108">3, 0, 3, 0</column>
<column name="line_buffer_V_1_2_7_s_reg_4391">3, 0, 3, 0</column>
<column name="line_buffer_V_1_load_reg_5127">32, 0, 32, 0</column>
<column name="oc_i_reg_1553">5, 0, 5, 0</column>
<column name="oc_reg_4581">5, 0, 5, 0</column>
<column name="p_Val2_8_0_1_i_reg_1586">32, 0, 32, 0</column>
<column name="p_Val2_8_0_2_i_reg_1608">32, 0, 32, 0</column>
<column name="p_Val2_8_0_i_reg_1565">32, 0, 32, 0</column>
<column name="p_Val2_8_1_1_i_reg_1652">32, 0, 32, 0</column>
<column name="p_Val2_8_1_2_i_reg_1674">32, 0, 32, 0</column>
<column name="p_Val2_8_1_i_reg_1630">32, 0, 32, 0</column>
<column name="p_Val2_8_2_1_i_reg_1718">32, 0, 32, 0</column>
<column name="p_Val2_8_2_2_i_reg_1740">32, 0, 32, 0</column>
<column name="p_Val2_8_2_i_reg_1696">32, 0, 32, 0</column>
<column name="r_V_4_0_1_i_reg_4677">54, 0, 54, 0</column>
<column name="r_V_4_0_2_i_reg_4716">54, 0, 54, 0</column>
<column name="r_V_4_0_i_reg_4638">54, 0, 54, 0</column>
<column name="r_V_4_1_1_i_reg_4794">54, 0, 54, 0</column>
<column name="r_V_4_1_2_i_reg_4833">54, 0, 54, 0</column>
<column name="r_V_4_1_i_reg_4755">54, 0, 54, 0</column>
<column name="r_V_4_2_1_i_reg_4911">54, 0, 54, 0</column>
<column name="r_V_4_2_2_i_reg_4950">54, 0, 54, 0</column>
<column name="r_V_4_2_i_reg_4872">54, 0, 54, 0</column>
<column name="r_i_reg_1497">8, 0, 8, 0</column>
<column name="r_reg_4404">8, 0, 8, 0</column>
<column name="start_once_reg">1, 0, 1, 0</column>
<column name="storemerge_i_reg_1795">32, 0, 32, 0</column>
<column name="switch_i_reg_4449">1, 0, 1, 0</column>
<column name="tmp_11_reg_4823">32, 0, 32, 0</column>
<column name="tmp_13_reg_4862">32, 0, 32, 0</column>
<column name="tmp_14_reg_4901">32, 0, 32, 0</column>
<column name="tmp_16_reg_4940">32, 0, 32, 0</column>
<column name="tmp_21_reg_5121">3, 0, 3, 0</column>
<column name="tmp_23_reg_4623">3, 0, 3, 0</column>
<column name="tmp_25_reg_4662">3, 0, 3, 0</column>
<column name="tmp_27_reg_4701">3, 0, 3, 0</column>
<column name="tmp_29_reg_4740">3, 0, 3, 0</column>
<column name="tmp_31_cast_reg_4591">5, 0, 9, 4</column>
<column name="tmp_31_reg_4779">3, 0, 3, 0</column>
<column name="tmp_33_reg_4818">3, 0, 3, 0</column>
<column name="tmp_35_reg_4857">3, 0, 3, 0</column>
<column name="tmp_37_reg_4896">3, 0, 3, 0</column>
<column name="tmp_42_reg_4935">3, 0, 3, 0</column>
<column name="tmp_4_reg_4628">32, 0, 32, 0</column>
<column name="tmp_5_reg_4667">32, 0, 32, 0</column>
<column name="tmp_6_i_reg_4973">1, 0, 1, 0</column>
<column name="tmp_7_reg_4706">32, 0, 32, 0</column>
<column name="tmp_8_reg_4745">32, 0, 32, 0</column>
<column name="tmp_9_reg_4784">32, 0, 32, 0</column>
<column name="window_V_0_0_0">32, 0, 32, 0</column>
<column name="window_V_0_0_1">32, 0, 32, 0</column>
<column name="window_V_0_0_2">32, 0, 32, 0</column>
<column name="window_V_0_0_3">32, 0, 32, 0</column>
<column name="window_V_0_0_4">32, 0, 32, 0</column>
<column name="window_V_0_0_5">32, 0, 32, 0</column>
<column name="window_V_0_0_6">32, 0, 32, 0</column>
<column name="window_V_0_0_7">32, 0, 32, 0</column>
<column name="window_V_0_1_0">32, 0, 32, 0</column>
<column name="window_V_0_1_1">32, 0, 32, 0</column>
<column name="window_V_0_1_2">32, 0, 32, 0</column>
<column name="window_V_0_1_3">32, 0, 32, 0</column>
<column name="window_V_0_1_4">32, 0, 32, 0</column>
<column name="window_V_0_1_5">32, 0, 32, 0</column>
<column name="window_V_0_1_6">32, 0, 32, 0</column>
<column name="window_V_0_1_7">32, 0, 32, 0</column>
<column name="window_V_0_2_0">32, 0, 32, 0</column>
<column name="window_V_0_2_1">32, 0, 32, 0</column>
<column name="window_V_0_2_2">32, 0, 32, 0</column>
<column name="window_V_0_2_3">32, 0, 32, 0</column>
<column name="window_V_0_2_4">32, 0, 32, 0</column>
<column name="window_V_0_2_5">32, 0, 32, 0</column>
<column name="window_V_0_2_6">32, 0, 32, 0</column>
<column name="window_V_0_2_7">32, 0, 32, 0</column>
<column name="window_V_1_0_0">32, 0, 32, 0</column>
<column name="window_V_1_0_1">32, 0, 32, 0</column>
<column name="window_V_1_0_2">32, 0, 32, 0</column>
<column name="window_V_1_0_3">32, 0, 32, 0</column>
<column name="window_V_1_0_4">32, 0, 32, 0</column>
<column name="window_V_1_0_5">32, 0, 32, 0</column>
<column name="window_V_1_0_6">32, 0, 32, 0</column>
<column name="window_V_1_0_7">32, 0, 32, 0</column>
<column name="window_V_1_1_0">32, 0, 32, 0</column>
<column name="window_V_1_1_1">32, 0, 32, 0</column>
<column name="window_V_1_1_2">32, 0, 32, 0</column>
<column name="window_V_1_1_3">32, 0, 32, 0</column>
<column name="window_V_1_1_4">32, 0, 32, 0</column>
<column name="window_V_1_1_5">32, 0, 32, 0</column>
<column name="window_V_1_1_6">32, 0, 32, 0</column>
<column name="window_V_1_1_7">32, 0, 32, 0</column>
<column name="window_V_1_2_0">32, 0, 32, 0</column>
<column name="window_V_1_2_1">32, 0, 32, 0</column>
<column name="window_V_1_2_2">32, 0, 32, 0</column>
<column name="window_V_1_2_3">32, 0, 32, 0</column>
<column name="window_V_1_2_4">32, 0, 32, 0</column>
<column name="window_V_1_2_5">32, 0, 32, 0</column>
<column name="window_V_1_2_6">32, 0, 32, 0</column>
<column name="window_V_1_2_7">32, 0, 32, 0</column>
<column name="window_V_2_0_0">32, 0, 32, 0</column>
<column name="window_V_2_0_1">32, 0, 32, 0</column>
<column name="window_V_2_0_2">32, 0, 32, 0</column>
<column name="window_V_2_0_3">32, 0, 32, 0</column>
<column name="window_V_2_0_4">32, 0, 32, 0</column>
<column name="window_V_2_0_5">32, 0, 32, 0</column>
<column name="window_V_2_0_6">32, 0, 32, 0</column>
<column name="window_V_2_0_7">32, 0, 32, 0</column>
<column name="window_V_2_1_0">32, 0, 32, 0</column>
<column name="window_V_2_1_1">32, 0, 32, 0</column>
<column name="window_V_2_1_2">32, 0, 32, 0</column>
<column name="window_V_2_1_3">32, 0, 32, 0</column>
<column name="window_V_2_1_4">32, 0, 32, 0</column>
<column name="window_V_2_1_5">32, 0, 32, 0</column>
<column name="window_V_2_1_6">32, 0, 32, 0</column>
<column name="window_V_2_1_7">32, 0, 32, 0</column>
<column name="window_V_2_2_0">32, 0, 32, 0</column>
<column name="window_V_2_2_1">32, 0, 32, 0</column>
<column name="window_V_2_2_2">32, 0, 32, 0</column>
<column name="window_V_2_2_3">32, 0, 32, 0</column>
<column name="window_V_2_2_4">32, 0, 32, 0</column>
<column name="window_V_2_2_5">32, 0, 32, 0</column>
<column name="window_V_2_2_6">32, 0, 32, 0</column>
<column name="window_V_2_2_7">32, 0, 32, 0</column>
<column name="exitcond22_0_1_i_reg_4648">64, 32, 1, 0</column>
<column name="exitcond22_0_2_i_reg_4687">64, 32, 1, 0</column>
<column name="exitcond22_0_i_reg_4609">64, 32, 1, 0</column>
<column name="exitcond22_1_1_i_reg_4765">64, 32, 1, 0</column>
<column name="exitcond22_1_2_i_reg_4804">64, 32, 1, 0</column>
<column name="exitcond22_1_i_reg_4726">64, 32, 1, 0</column>
<column name="exitcond22_2_1_i_reg_4882">64, 32, 1, 0</column>
<column name="exitcond22_2_2_i_reg_4921">64, 32, 1, 0</column>
<column name="exitcond22_2_i_reg_4843">64, 32, 1, 0</column>
</table>
</item>
</section>
</item>
</section>

<section name = "Interface" level="0">
<item name = "Summary"><table name="" hasTotal="0">
<keys size="6">RTL Ports, Dir, Bits, Protocol, Source Object, C Type</keys>
<column name="ap_clk">in, 1, ap_ctrl_hs, conv2d_layer, return value</column>
<column name="ap_rst">in, 1, ap_ctrl_hs, conv2d_layer, return value</column>
<column name="ap_start">in, 1, ap_ctrl_hs, conv2d_layer, return value</column>
<column name="start_full_n">in, 1, ap_ctrl_hs, conv2d_layer, return value</column>
<column name="ap_done">out, 1, ap_ctrl_hs, conv2d_layer, return value</column>
<column name="ap_continue">in, 1, ap_ctrl_hs, conv2d_layer, return value</column>
<column name="ap_idle">out, 1, ap_ctrl_hs, conv2d_layer, return value</column>
<column name="ap_ready">out, 1, ap_ctrl_hs, conv2d_layer, return value</column>
<column name="start_out">out, 1, ap_ctrl_hs, conv2d_layer, return value</column>
<column name="start_write">out, 1, ap_ctrl_hs, conv2d_layer, return value</column>
<column name="pool2_out_V_V_dout">in, 32, ap_fifo, pool2_out_V_V, pointer</column>
<column name="pool2_out_V_V_empty_n">in, 1, ap_fifo, pool2_out_V_V, pointer</column>
<column name="pool2_out_V_V_read">out, 1, ap_fifo, pool2_out_V_V, pointer</column>
<column name="conv3_out_V_V_din">out, 32, ap_fifo, conv3_out_V_V, pointer</column>
<column name="conv3_out_V_V_full_n">in, 1, ap_fifo, conv3_out_V_V, pointer</column>
<column name="conv3_out_V_V_write">out, 1, ap_fifo, conv3_out_V_V, pointer</column>
</table>
</item>
</section>
</profile>
