<profile>

<section name = "Vivado HLS Report for 'conv2d_layer'" level="0">
<item name = "Date">Mon Aug 11 03:11:49 2025
</item>
<item name = "Version">2018.3 (Build 2405991 on Thu Dec 06 23:56:15 MST 2018)</item>
<item name = "Project">CNN_HLS2</item>
<item name = "Solution">solution1</item>
<item name = "Product family">zynq</item>
<item name = "Target device">xc7z020clg484-1</item>
</section>

<section name = "Performance Estimates" level="0">
<item name = "Timing (ns)">
<section name = "" level="1">
<item name = "Summary"><table name="" hasTotal="0">
<keys size="4">Clock, Target, Estimated, Uncertainty</keys>
<column name="ap_clk">10.00, 8.657, 1.25</column>
</table>
</item>
</section>
</item>
<item name = "Latency (clock cycles)">
<section name = "" level="1">
<item name = "Summary"><table name="" hasTotal="0">
<keys size="6">, min, max, min, max, Type</keys>
<column name="">2764857, 2775107, 2764857, 2775107, none</column>
</table>
</item>
<item name = "Detail">
<section name = "" level="1">
<item name = "Instance"><table name="" hasTotal="0">
<keys size="7">Instance, Module, min, max, min, max, Type</keys>
</table>
</item>
<item name = "Loop"><table name="" hasTotal="0">
<keys size="8">Loop Name, min, max, Latency, achieved, target, Count, Pipelined</keys>
<column name="- Loop 1">6, 6, 1, 1, 1, 6, yes</column>
<column name="- Loop 2">96, 96, 9, 8, 1, 12, yes</column>
<column name="- RowLoop">2764750, 2775000, 11059 ~ 11100, -, -, 250, no</column>
<column name=" + ColLoop">10638, 10638, 1773, -, -, 6, no</column>
<column name="  ++ ColLoop.1">9, 9, 2, 1, 1, 9, yes</column>
<column name="  ++ ColLoop.2">1760, 1760, 110, -, -, 16, no</column>
<column name="   +++ ColLoop.2.1">10, 10, 4, 1, 1, 8, yes</column>
<column name="   +++ ColLoop.2.2">10, 10, 4, 1, 1, 8, yes</column>
<column name="   +++ ColLoop.2.3">10, 10, 4, 1, 1, 8, yes</column>
<column name="   +++ ColLoop.2.4">10, 10, 4, 1, 1, 8, yes</column>
<column name="   +++ ColLoop.2.5">10, 10, 4, 1, 1, 8, yes</column>
<column name="   +++ ColLoop.2.6">10, 10, 4, 1, 1, 8, yes</column>
<column name="   +++ ColLoop.2.7">10, 10, 4, 1, 1, 8, yes</column>
<column name="   +++ ColLoop.2.8">10, 10, 4, 1, 1, 8, yes</column>
<column name="   +++ ColLoop.2.9">10, 10, 4, 1, 1, 8, yes</column>
<column name=" + RowLoop.2">412, 412, 206, -, -, 2, no</column>
<column name="  ++ RowLoop.2.1">204, 204, 34, -, -, 6, no</column>
<column name="   +++ RowLoop.2.1.1">32, 32, 4, -, -, 8, no</column>
</table>
</item>
</section>
</item>
</section>
</item>
</section>
</profile>
