<profile>

<section name = "Vivado HLS Report for 'conv1d_vertical_laye'" level="0">
<item name = "Date">Mon Aug 11 03:11:55 2025
</item>
<item name = "Version">2018.3 (Build 2405991 on Thu Dec 06 23:56:15 MST 2018)</item>
<item name = "Project">CNN_HLS2</item>
<item name = "Solution">solution1</item>
<item name = "Product family">zynq</item>
<item name = "Target device">xc7z020clg484-1</item>
</section>

<section name = "Performance Estimates" level="0">
<item name = "Timing (ns)">
<section name = "" level="1">
<item name = "Summary"><table name="" hasTotal="0">
<keys size="4">Clock, Target, Estimated, Uncertainty</keys>
<column name="ap_clk">10.00, 8.510, 1.25</column>
</table>
</item>
</section>
</item>
<item name = "Latency (clock cycles)">
<section name = "" level="1">
<item name = "Summary"><table name="" hasTotal="0">
<keys size="6">, min, max, min, max, Type</keys>
<column name="">25415, 199415, 25415, 199415, none</column>
</table>
</item>
<item name = "Detail">
<section name = "" level="1">
<item name = "Instance"><table name="" hasTotal="0">
<keys size="7">Instance, Module, min, max, min, max, Type</keys>
</table>
</item>
<item name = "Loop"><table name="" hasTotal="0">
<keys size="8">Loop Name, min, max, Latency, achieved, target, Count, Pipelined</keys>
<column name="- Loop 1">16, 16, 8, -, -, 2, no</column>
<column name=" + Loop 1.1">6, 6, 1, -, -, 6, no</column>
<column name="- RowLoop">25000, 199000, 50 ~ 398, -, -, 500, no</column>
<column name=" + RowLoop.1">40, 40, 20, -, -, 2, no</column>
<column name="  ++ RowLoop.1.1">18, 18, 3, -, -, 6, no</column>
<column name=" + RowLoop.2">6, 6, 1, -, -, 6, no</column>
<column name=" + ColLoop">348, 348, 58, -, -, 6, no</column>
<column name="  ++ ColLoop.1">56, 56, 14, -, -, 4, no</column>
<column name="   +++ ConvKernelLoop">12, 12, 4, -, -, 3, no</column>
<column name="- Loop 3">40, 40, 20, -, -, 2, no</column>
<column name=" + Loop 3.1">18, 18, 3, -, -, 6, no</column>
<column name="- Loop 4">6, 6, 1, -, -, 6, no</column>
<column name="- FinalColLoop">348, 348, 58, -, -, 6, no</column>
<column name=" + FinalColLoop.1">56, 56, 14, -, -, 4, no</column>
<column name="  ++ FinalConvKernelLoop">12, 12, 4, -, -, 3, no</column>
</table>
</item>
</section>
</item>
</section>
</item>
</section>

<section name = "Utilization Estimates" level="0">
<item name = "Summary"><table name="" hasTotal="1">
<keys size="5">Name, BRAM_18K, DSP48E, FF, LUT</keys>
<column name="DSP">-, -, -, -</column>
<column name="Expression">-, 4, 0, 871</column>
<column name="FIFO">-, -, -, -</column>
<column name="Instance">-, -, 0, 520</column>
<column name="Memory">18, -, 91, 8</column>
<column name="Multiplexer">-, -, -, 731</column>
<column name="Register">-, -, 487, -</column>
<specialColumn name="Available">280, 220, 106400, 53200</specialColumn>
<specialColumn name="Utilization (%)">6, 1, ~0, 4</specialColumn>
</table>
</item>
<item name = "Detail">
<section name = "" level="1">
<item name = "Instance"><table name="" hasTotal="1">
<keys size="6">Instance, Module, BRAM_18K, DSP48E, FF, LUT</keys>
<column name="cnn_stream_top_muxdS_U4">cnn_stream_top_muxdS, 0, 0, 0, 65</column>
<column name="cnn_stream_top_muxdS_U5">cnn_stream_top_muxdS, 0, 0, 0, 65</column>
<column name="cnn_stream_top_muxdS_U8">cnn_stream_top_muxdS, 0, 0, 0, 65</column>
<column name="cnn_stream_top_muxdS_U9">cnn_stream_top_muxdS, 0, 0, 0, 65</column>
<column name="cnn_stream_top_muyd2_U6">cnn_stream_top_muyd2, 0, 0, 0, 65</column>
<column name="cnn_stream_top_muyd2_U10">cnn_stream_top_muyd2, 0, 0, 0, 65</column>
<column name="cnn_stream_top_muzec_U7">cnn_stream_top_muzec, 0, 0, 0, 65</column>
<column name="cnn_stream_top_muzec_U11">cnn_stream_top_muzec, 0, 0, 0, 65</column>
</table>
</item>
<item name = "DSP48"><table name="" hasTotal="0">
<keys size="3">Instance, Module, Expression</keys>
</table>
</item>
<item name = "Memory"><table name="" hasTotal="1">
<keys size="9">Memory, Module, BRAM_18K, FF, LUT, Words, Bits, Banks, W*Bits*Banks</keys>
<column name="conv1_weight_V_3_0199_U">conv1d_vertical_lbkb, 0, 23, 2, 3, 23, 1, 69</column>
<column name="conv1_weight_V_0_0192_U">conv1d_vertical_lcud, 0, 22, 2, 3, 22, 1, 66</column>
<column name="conv1_weight_V_1_0195_U">conv1d_vertical_ldEe, 0, 24, 2, 3, 24, 1, 72</column>
<column name="conv1_weight_V_2_0197_U">conv1d_vertical_leOg, 0, 22, 2, 3, 22, 1, 66</column>
<column name="line_buffer_V_1127_0_U">conv1d_vertical_lfYi, 1, 0, 0, 1, 32, 1, 32</column>
<column name="line_buffer_V_1127_1_U">conv1d_vertical_lfYi, 1, 0, 0, 1, 32, 1, 32</column>
<column name="line_buffer_V_1127_2_U">conv1d_vertical_lfYi, 1, 0, 0, 1, 32, 1, 32</column>
<column name="line_buffer_V_1127_3_U">conv1d_vertical_lfYi, 1, 0, 0, 1, 32, 1, 32</column>
<column name="line_buffer_V_1127_4_U">conv1d_vertical_lfYi, 1, 0, 0, 1, 32, 1, 32</column>
<column name="line_buffer_V_1127_5_U">conv1d_vertical_lfYi, 1, 0, 0, 1, 32, 1, 32</column>
<column name="line_buffer_V_2_0_U">conv1d_vertical_lfYi, 1, 0, 0, 1, 32, 1, 32</column>
<column name="line_buffer_V_2_1_U">conv1d_vertical_lfYi, 1, 0, 0, 1, 32, 1, 32</column>
<column name="line_buffer_V_2_2_U">conv1d_vertical_lfYi, 1, 0, 0, 1, 32, 1, 32</column>
<column name="line_buffer_V_2_3_U">conv1d_vertical_lfYi, 1, 0, 0, 1, 32, 1, 32</column>
<column name="line_buffer_V_2_4_U">conv1d_vertical_lfYi, 1, 0, 0, 1, 32, 1, 32</column>
<column name="line_buffer_V_2_5_U">conv1d_vertical_lfYi, 1, 0, 0, 1, 32, 1, 32</column>
<column name="line_buffer_V_0_0_U">conv1d_vertical_lfYi, 1, 0, 0, 1, 32, 1, 32</column>
<column name="line_buffer_V_0_1_U">conv1d_vertical_lfYi, 1, 0, 0, 1, 32, 1, 32</column>
<column name="line_buffer_V_0_2_U">conv1d_vertical_lfYi, 1, 0, 0, 1, 32, 1, 32</column>
<column name="line_buffer_V_0_3_U">conv1d_vertical_lfYi, 1, 0, 0, 1, 32, 1, 32</column>
<column name="line_buffer_V_0_4_U">conv1d_vertical_lfYi, 1, 0, 0, 1, 32, 1, 32</column>
<column name="line_buffer_V_0_5_U">conv1d_vertical_lfYi, 1, 0, 0, 1, 32, 1, 32</column>
</table>
</item>
<item name = "FIFO"><table name="" hasTotal="1">
<keys size="7">Name, BRAM_18K, FF, LUT, Depth, Bits, Size:D*B</keys>
</table>
</item>
<item name = "Expression"><table name="" hasTotal="1">
<keys size="7">Variable Name, Operation, DSP48E, FF, LUT, Bitwidth P0, Bitwidth P1</keys>
<column name="p_i_fu_1114_p2">*, 2, 0, 20, 32, 24</column>
<column name="r_V_6_i_fu_1476_p2">*, 2, 0, 20, 32, 24</column>
<column name="c_4_fu_1226_p2">+, 0, 0, 12, 3, 1</column>
<column name="c_5_fu_858_p2">+, 0, 0, 12, 3, 1</column>
<column name="c_6_fu_1238_p2">+, 0, 0, 12, 3, 1</column>
<column name="c_7_fu_876_p2">+, 0, 0, 12, 3, 1</column>
<column name="c_8_fu_1171_p2">+, 0, 0, 12, 3, 1</column>
<column name="c_9_fu_803_p2">+, 0, 0, 12, 3, 1</column>
<column name="c_fu_761_p2">+, 0, 0, 12, 3, 1</column>
<column name="i_2_fu_1153_p2">+, 0, 0, 10, 2, 1</column>
<column name="i_3_fu_785_p2">+, 0, 0, 10, 2, 1</column>
<column name="i_fu_743_p2">+, 0, 0, 10, 2, 1</column>
<column name="kh_1_fu_960_p2">+, 0, 0, 10, 2, 1</column>
<column name="kh_fu_1322_p2">+, 0, 0, 10, 2, 1</column>
<column name="oc_1_fu_892_p2">+, 0, 0, 12, 3, 1</column>
<column name="oc_fu_1254_p2">+, 0, 0, 12, 3, 1</column>
<column name="r_fu_773_p2">+, 0, 0, 15, 9, 1</column>
<column name="ret_V_i_fu_1493_p2">+, 0, 0, 65, 58, 58</column>
<column name="tmp_105_i_fu_1362_p2">+, 0, 0, 8, 5, 5</column>
<column name="tmp_114_i_fu_1000_p2">+, 0, 0, 8, 5, 5</column>
<column name="tmp_25_i_fu_1131_p2">+, 0, 0, 65, 58, 58</column>
<column name="tmp_103_i_fu_1356_p2">-, 0, 0, 8, 5, 5</column>
<column name="tmp_112_i_fu_994_p2">-, 0, 0, 8, 5, 5</column>
<column name="ap_block_state12">and, 0, 0, 2, 1, 1</column>
<column name="ap_block_state23">and, 0, 0, 2, 1, 1</column>
<column name="ap_block_state9">and, 0, 0, 2, 1, 1</column>
<column name="cond1_i_fu_791_p2">icmp, 0, 0, 8, 2, 1</column>
<column name="cond3_i_fu_1159_p2">icmp, 0, 0, 8, 2, 1</column>
<column name="cond_i_fu_749_p2">icmp, 0, 0, 8, 2, 1</column>
<column name="exitcond11_i_fu_1147_p2">icmp, 0, 0, 9, 2, 3</column>
<column name="exitcond12_i_fu_779_p2">icmp, 0, 0, 9, 2, 3</column>
<column name="exitcond13_i_fu_1248_p2">icmp, 0, 0, 9, 3, 4</column>
<column name="exitcond14_i_fu_1316_p2">icmp, 0, 0, 8, 2, 2</column>
<column name="exitcond15_i_fu_886_p2">icmp, 0, 0, 9, 3, 4</column>
<column name="exitcond16_i_fu_954_p2">icmp, 0, 0, 8, 2, 2</column>
<column name="exitcond1_i_fu_1232_p2">icmp, 0, 0, 9, 3, 3</column>
<column name="exitcond2_i_fu_1220_p2">icmp, 0, 0, 9, 3, 3</column>
<column name="exitcond3_i_fu_1165_p2">icmp, 0, 0, 9, 3, 3</column>
<column name="exitcond4_i_fu_870_p2">icmp, 0, 0, 9, 3, 3</column>
<column name="exitcond5_i_fu_852_p2">icmp, 0, 0, 9, 3, 3</column>
<column name="exitcond6_i_fu_797_p2">icmp, 0, 0, 9, 3, 3</column>
<column name="exitcond7_i_fu_767_p2">icmp, 0, 0, 13, 9, 5</column>
<column name="exitcond8_i_fu_755_p2">icmp, 0, 0, 9, 3, 3</column>
<column name="exitcond_i_fu_737_p2">icmp, 0, 0, 9, 2, 3</column>
<column name="sel_tmp2_i1_fu_1298_p2">icmp, 0, 0, 8, 2, 1</column>
<column name="sel_tmp2_i_fu_936_p2">icmp, 0, 0, 8, 2, 1</column>
<column name="sel_tmp4_i1_fu_1304_p2">icmp, 0, 0, 9, 2, 3</column>
<column name="sel_tmp4_i_fu_942_p2">icmp, 0, 0, 9, 2, 3</column>
<column name="sel_tmp_i1_fu_1292_p2">icmp, 0, 0, 8, 2, 1</column>
<column name="sel_tmp_i_fu_930_p2">icmp, 0, 0, 8, 2, 1</column>
<column name="tmp_i_115_fu_864_p2">icmp, 0, 0, 13, 9, 1</column>
<column name="ap_block_state1">or, 0, 0, 2, 1, 1</column>
<column name="or_cond1_fu_1310_p2">or, 0, 0, 2, 1, 1</column>
<column name="or_cond_fu_948_p2">or, 0, 0, 2, 1, 1</column>
<column name="line_buffer_V_load_1_fu_845_p3">select, 0, 0, 32, 1, 32</column>
<column name="line_buffer_V_load_fu_1213_p3">select, 0, 0, 32, 1, 32</column>
<column name="newSel16_fu_1090_p3">select, 0, 0, 23, 1, 23</column>
<column name="newSel18_fu_1101_p3">select, 0, 0, 24, 1, 24</column>
<column name="newSel20_fu_1445_p3">select, 0, 0, 24, 1, 24</column>
<column name="newSel22_fu_1452_p3">select, 0, 0, 23, 1, 23</column>
<column name="newSel24_fu_1463_p3">select, 0, 0, 24, 1, 24</column>
<column name="newSel_fu_1083_p3">select, 0, 0, 24, 1, 24</column>
<column name="tmp_42_fu_1379_p3">select, 0, 0, 27, 1, 1</column>
<column name="tmp_44_fu_1017_p3">select, 0, 0, 27, 1, 1</column>
</table>
</item>
<item name = "Multiplexer"><table name="" hasTotal="1">
<keys size="5">Name, LUT, Input Size, Bits, Total Bits</keys>
<column name="ap_NS_fsm">125, 27, 1, 27</column>
<column name="ap_done">9, 2, 1, 2</column>
<column name="c10_i_reg_694">9, 2, 3, 6</column>
<column name="c2_i_reg_594">9, 2, 3, 6</column>
<column name="c4_i_reg_606">9, 2, 3, 6</column>
<column name="c6_i_reg_617">9, 2, 3, 6</column>
<column name="c8_i_reg_683">9, 2, 3, 6</column>
<column name="c9_i_reg_671">9, 2, 3, 6</column>
<column name="c_i_reg_560">9, 2, 3, 6</column>
<column name="conv1_out_V_V_blk_n">9, 2, 1, 2</column>
<column name="conv1_out_V_V_din">15, 3, 32, 96</column>
<column name="conv1_weight_V_0_0192_address0">15, 3, 2, 6</column>
<column name="conv1_weight_V_1_0195_address0">15, 3, 2, 6</column>
<column name="conv1_weight_V_2_0197_address0">15, 3, 2, 6</column>
<column name="conv1_weight_V_3_0199_address0">15, 3, 2, 6</column>
<column name="i1_i_reg_583">9, 2, 2, 4</column>
<column name="i8_i_reg_660">9, 2, 2, 4</column>
<column name="i_i_reg_549">9, 2, 2, 4</column>
<column name="internal_din_V_V_blk_n">9, 2, 1, 2</column>
<column name="kh3_i_reg_726">9, 2, 2, 4</column>
<column name="kh_i_reg_649">9, 2, 2, 4</column>
<column name="line_buffer_V_0_0_d1">21, 4, 32, 128</column>
<column name="line_buffer_V_0_1_d1">21, 4, 32, 128</column>
<column name="line_buffer_V_0_2_d1">21, 4, 32, 128</column>
<column name="line_buffer_V_0_3_d1">21, 4, 32, 128</column>
<column name="line_buffer_V_0_4_d1">21, 4, 32, 128</column>
<column name="line_buffer_V_0_5_d1">21, 4, 32, 128</column>
<column name="line_buffer_V_1127_0_d1">21, 4, 32, 128</column>
<column name="line_buffer_V_1127_1_d1">21, 4, 32, 128</column>
<column name="line_buffer_V_1127_2_d1">21, 4, 32, 128</column>
<column name="line_buffer_V_1127_3_d1">21, 4, 32, 128</column>
<column name="line_buffer_V_1127_4_d1">21, 4, 32, 128</column>
<column name="line_buffer_V_1127_5_d1">21, 4, 32, 128</column>
<column name="line_buffer_V_2_0_d1">15, 3, 32, 96</column>
<column name="line_buffer_V_2_1_d1">15, 3, 32, 96</column>
<column name="line_buffer_V_2_2_d1">15, 3, 32, 96</column>
<column name="line_buffer_V_2_3_d1">15, 3, 32, 96</column>
<column name="line_buffer_V_2_4_d1">15, 3, 32, 96</column>
<column name="line_buffer_V_2_5_d1">15, 3, 32, 96</column>
<column name="oc2_i_reg_705">9, 2, 3, 6</column>
<column name="oc_i_reg_628">9, 2, 3, 6</column>
<column name="p_0222_1_i_reg_639">9, 2, 32, 64</column>
<column name="p_0336_1_i_reg_716">9, 2, 32, 64</column>
<column name="r_i_reg_571">9, 2, 9, 18</column>
<column name="real_start">9, 2, 1, 2</column>
</table>
</item>
<item name = "Register"><table name="" hasTotal="1">
<keys size="5">Name, FF, LUT, Bits, Const Bits</keys>
<column name="ap_CS_fsm">26, 0, 26, 0</column>
<column name="ap_done_reg">1, 0, 1, 0</column>
<column name="c10_i_reg_694">3, 0, 3, 0</column>
<column name="c2_i_reg_594">3, 0, 3, 0</column>
<column name="c4_i_reg_606">3, 0, 3, 0</column>
<column name="c6_i_reg_617">3, 0, 3, 0</column>
<column name="c8_i_reg_683">3, 0, 3, 0</column>
<column name="c9_i_reg_671">3, 0, 3, 0</column>
<column name="c_6_reg_1728">3, 0, 3, 0</column>
<column name="c_7_reg_1589">3, 0, 3, 0</column>
<column name="c_8_reg_1696">3, 0, 3, 0</column>
<column name="c_9_reg_1553">3, 0, 3, 0</column>
<column name="c_i_reg_560">3, 0, 3, 0</column>
<column name="cond1_i_reg_1545">1, 0, 1, 0</column>
<column name="cond3_i_reg_1688">1, 0, 1, 0</column>
<column name="cond_i_reg_1517">1, 0, 1, 0</column>
<column name="i1_i_reg_583">2, 0, 2, 0</column>
<column name="i8_i_reg_660">2, 0, 2, 0</column>
<column name="i_2_reg_1683">2, 0, 2, 0</column>
<column name="i_3_reg_1540">2, 0, 2, 0</column>
<column name="i_i_reg_549">2, 0, 2, 0</column>
<column name="i_reg_1512">2, 0, 2, 0</column>
<column name="kh3_i_reg_726">2, 0, 2, 0</column>
<column name="kh_1_reg_1630">2, 0, 2, 0</column>
<column name="kh_i_reg_649">2, 0, 2, 0</column>
<column name="kh_reg_1769">2, 0, 2, 0</column>
<column name="line_buffer_V_load_1_reg_1558">32, 0, 32, 0</column>
<column name="line_buffer_V_load_reg_1701">32, 0, 32, 0</column>
<column name="newSel18_reg_1665">24, 0, 24, 0</column>
<column name="newSel24_reg_1804">24, 0, 24, 0</column>
<column name="oc2_i_reg_705">3, 0, 3, 0</column>
<column name="oc_1_reg_1602">3, 0, 3, 0</column>
<column name="oc_i_reg_628">3, 0, 3, 0</column>
<column name="oc_reg_1741">3, 0, 3, 0</column>
<column name="or_cond1_reg_1761">1, 0, 1, 0</column>
<column name="or_cond_reg_1622">1, 0, 1, 0</column>
<column name="p_0222_1_i_reg_639">32, 0, 32, 0</column>
<column name="p_0336_1_i_reg_716">32, 0, 32, 0</column>
<column name="p_i_reg_1670">55, 0, 55, 0</column>
<column name="r_V_6_i_reg_1809">55, 0, 55, 0</column>
<column name="r_i_reg_571">9, 0, 9, 0</column>
<column name="r_reg_1532">9, 0, 9, 0</column>
<column name="sel_tmp4_i1_reg_1756">1, 0, 1, 0</column>
<column name="sel_tmp4_i_reg_1617">1, 0, 1, 0</column>
<column name="sel_tmp_i1_reg_1751">1, 0, 1, 0</column>
<column name="sel_tmp_i_reg_1612">1, 0, 1, 0</column>
<column name="start_once_reg">1, 0, 1, 0</column>
<column name="tmp_104_i_reg_1733">3, 0, 5, 2</column>
<column name="tmp_105_i_reg_1774">5, 0, 5, 0</column>
<column name="tmp_113_i_reg_1594">3, 0, 5, 2</column>
<column name="tmp_114_i_reg_1635">5, 0, 5, 0</column>
<column name="tmp_23_reg_1799">32, 0, 32, 0</column>
<column name="tmp_24_reg_1660">32, 0, 32, 0</column>
<column name="tmp_i_115_reg_1582">1, 0, 1, 0</column>
</table>
</item>
</section>
</item>
</section>

<section name = "Interface" level="0">
<item name = "Summary"><table name="" hasTotal="0">
<keys size="6">RTL Ports, Dir, Bits, Protocol, Source Object, C Type</keys>
<column name="ap_clk">in, 1, ap_ctrl_hs, conv1d_vertical_laye, return value</column>
<column name="ap_rst">in, 1, ap_ctrl_hs, conv1d_vertical_laye, return value</column>
<column name="ap_start">in, 1, ap_ctrl_hs, conv1d_vertical_laye, return value</column>
<column name="start_full_n">in, 1, ap_ctrl_hs, conv1d_vertical_laye, return value</column>
<column name="ap_done">out, 1, ap_ctrl_hs, conv1d_vertical_laye, return value</column>
<column name="ap_continue">in, 1, ap_ctrl_hs, conv1d_vertical_laye, return value</column>
<column name="ap_idle">out, 1, ap_ctrl_hs, conv1d_vertical_laye, return value</column>
<column name="ap_ready">out, 1, ap_ctrl_hs, conv1d_vertical_laye, return value</column>
<column name="start_out">out, 1, ap_ctrl_hs, conv1d_vertical_laye, return value</column>
<column name="start_write">out, 1, ap_ctrl_hs, conv1d_vertical_laye, return value</column>
<column name="internal_din_V_V_dout">in, 32, ap_fifo, internal_din_V_V, pointer</column>
<column name="internal_din_V_V_empty_n">in, 1, ap_fifo, internal_din_V_V, pointer</column>
<column name="internal_din_V_V_read">out, 1, ap_fifo, internal_din_V_V, pointer</column>
<column name="conv1_out_V_V_din">out, 32, ap_fifo, conv1_out_V_V, pointer</column>
<column name="conv1_out_V_V_full_n">in, 1, ap_fifo, conv1_out_V_V, pointer</column>
<column name="conv1_out_V_V_write">out, 1, ap_fifo, conv1_out_V_V, pointer</column>
</table>
</item>
</section>
</profile>
