<profile>

<section name = "Vivado HLS Report for 'conv1d_vertical_laye'" level="0">
<item name = "Date">Mon Aug 11 03:11:41 2025
</item>
<item name = "Version">2018.3 (Build 2405991 on Thu Dec 06 23:56:15 MST 2018)</item>
<item name = "Project">CNN_HLS2</item>
<item name = "Solution">solution1</item>
<item name = "Product family">zynq</item>
<item name = "Target device">xc7z020clg484-1</item>
</section>

<section name = "Performance Estimates" level="0">
<item name = "Timing (ns)">
<section name = "" level="1">
<item name = "Summary"><table name="" hasTotal="0">
<keys size="4">Clock, Target, Estimated, Uncertainty</keys>
<column name="ap_clk">10.00, 8.510, 1.25</column>
</table>
</item>
</section>
</item>
<item name = "Latency (clock cycles)">
<section name = "" level="1">
<item name = "Summary"><table name="" hasTotal="0">
<keys size="6">, min, max, min, max, Type</keys>
<column name="">25415, 199415, 25415, 199415, none</column>
</table>
</item>
<item name = "Detail">
<section name = "" level="1">
<item name = "Instance"><table name="" hasTotal="0">
<keys size="7">Instance, Module, min, max, min, max, Type</keys>
</table>
</item>
<item name = "Loop"><table name="" hasTotal="0">
<keys size="8">Loop Name, min, max, Latency, achieved, target, Count, Pipelined</keys>
<column name="- Loop 1">16, 16, 8, -, -, 2, no</column>
<column name=" + Loop 1.1">6, 6, 1, -, -, 6, no</column>
<column name="- RowLoop">25000, 199000, 50 ~ 398, -, -, 500, no</column>
<column name=" + RowLoop.1">40, 40, 20, -, -, 2, no</column>
<column name="  ++ RowLoop.1.1">18, 18, 3, -, -, 6, no</column>
<column name=" + RowLoop.2">6, 6, 1, -, -, 6, no</column>
<column name=" + ColLoop">348, 348, 58, -, -, 6, no</column>
<column name="  ++ ColLoop.1">56, 56, 14, -, -, 4, no</column>
<column name="   +++ ConvKernelLoop">12, 12, 4, -, -, 3, no</column>
<column name="- Loop 3">40, 40, 20, -, -, 2, no</column>
<column name=" + Loop 3.1">18, 18, 3, -, -, 6, no</column>
<column name="- Loop 4">6, 6, 1, -, -, 6, no</column>
<column name="- FinalColLoop">348, 348, 58, -, -, 6, no</column>
<column name=" + FinalColLoop.1">56, 56, 14, -, -, 4, no</column>
<column name="  ++ FinalConvKernelLoop">12, 12, 4, -, -, 3, no</column>
</table>
</item>
</section>
</item>
</section>
</item>
</section>
</profile>
