<profile>

<section name = "Vivado HLS Report for 'conv1d_horizontal_la'" level="0">
<item name = "Date">Mon Aug 11 03:11:57 2025
</item>
<item name = "Version">2018.3 (Build 2405991 on Thu Dec 06 23:56:15 MST 2018)</item>
<item name = "Project">CNN_HLS2</item>
<item name = "Solution">solution1</item>
<item name = "Product family">zynq</item>
<item name = "Target device">xc7z020clg484-1</item>
</section>

<section name = "Performance Estimates" level="0">
<item name = "Timing (ns)">
<section name = "" level="1">
<item name = "Summary"><table name="" hasTotal="0">
<keys size="4">Clock, Target, Estimated, Uncertainty</keys>
<column name="ap_clk">10.00, 8.510, 1.25</column>
</table>
</item>
</section>
</item>
<item name = "Latency (clock cycles)">
<section name = "" level="1">
<item name = "Summary"><table name="" hasTotal="0">
<keys size="6">, min, max, min, max, Type</keys>
<column name="">141001, 648501, 141001, 648501, none</column>
</table>
</item>
<item name = "Detail">
<section name = "" level="1">
<item name = "Instance"><table name="" hasTotal="0">
<keys size="7">Instance, Module, min, max, min, max, Type</keys>
</table>
</item>
<item name = "Loop"><table name="" hasTotal="0">
<keys size="8">Loop Name, min, max, Latency, achieved, target, Count, Pipelined</keys>
<column name="- RowLoop">141000, 648500, 282 ~ 1297, -, -, 500, no</column>
<column name=" + ColLoop">280, 1295, 40 ~ 185, -, -, 7, no</column>
<column name="  ++ ColLoop.1">32, 32, 8, -, -, 4, no</column>
<column name="   +++ ColLoop.1.1">6, 6, 3, -, -, 2, no</column>
<column name="  ++ ColLoop.2">4, 4, 1, -, -, 4, no</column>
<column name="  ++ ColLoop.3">4, 4, 1, -, -, 4, no</column>
<column name="  ++ ColLoop.4">8, 8, 2, -, -, 4, no</column>
<column name="  ++ ColLoop.5">136, 136, 17, -, -, 8, no</column>
<column name="   +++ ColLoop.5.1">15, 15, 5, -, -, 3, no</column>
</table>
</item>
</section>
</item>
</section>
</item>
</section>

<section name = "Utilization Estimates" level="0">
<item name = "Summary"><table name="" hasTotal="1">
<keys size="5">Name, BRAM_18K, DSP48E, FF, LUT</keys>
<column name="DSP">-, -, -, -</column>
<column name="Expression">-, 16, 0, 1957</column>
<column name="FIFO">-, -, -, -</column>
<column name="Instance">-, -, 0, 910</column>
<column name="Memory">12, -, 705, 54</column>
<column name="Multiplexer">-, -, -, 271</column>
<column name="Register">-, -, 1055, -</column>
<specialColumn name="Available">280, 220, 106400, 53200</specialColumn>
<specialColumn name="Utilization (%)">4, 7, 1, 6</specialColumn>
</table>
</item>
<item name = "Detail">
<section name = "" level="1">
<item name = "Instance"><table name="" hasTotal="1">
<keys size="6">Instance, Module, BRAM_18K, DSP48E, FF, LUT</keys>
<column name="cnn_stream_top_mubil_U27">cnn_stream_top_mubil, 0, 0, 0, 65</column>
<column name="cnn_stream_top_mubil_U29">cnn_stream_top_mubil, 0, 0, 0, 65</column>
<column name="cnn_stream_top_mubil_U31">cnn_stream_top_mubil, 0, 0, 0, 65</column>
<column name="cnn_stream_top_mubil_U32">cnn_stream_top_mubil, 0, 0, 0, 65</column>
<column name="cnn_stream_top_mubil_U33">cnn_stream_top_mubil, 0, 0, 0, 65</column>
<column name="cnn_stream_top_mubjl_U28">cnn_stream_top_mubjl, 0, 0, 0, 65</column>
<column name="cnn_stream_top_mubjl_U30">cnn_stream_top_mubjl, 0, 0, 0, 65</column>
<column name="cnn_stream_top_mubjl_U34">cnn_stream_top_mubjl, 0, 0, 0, 65</column>
<column name="cnn_stream_top_mubjl_U35">cnn_stream_top_mubjl, 0, 0, 0, 65</column>
<column name="cnn_stream_top_muyd2_x_U22">cnn_stream_top_muyd2_x, 0, 0, 0, 65</column>
<column name="cnn_stream_top_muyd2_x_U23">cnn_stream_top_muyd2_x, 0, 0, 0, 65</column>
<column name="cnn_stream_top_muyd2_x_U24">cnn_stream_top_muyd2_x, 0, 0, 0, 65</column>
<column name="cnn_stream_top_muyd2_x_U25">cnn_stream_top_muyd2_x, 0, 0, 0, 65</column>
<column name="cnn_stream_top_muyd2_x_U26">cnn_stream_top_muyd2_x, 0, 0, 0, 65</column>
</table>
</item>
<item name = "DSP48"><table name="" hasTotal="0">
<keys size="3">Instance, Module, Expression</keys>
</table>
</item>
<item name = "Memory"><table name="" hasTotal="1">
<keys size="9">Memory, Module, BRAM_18K, FF, LUT, Words, Bits, Banks, W*Bits*Banks</keys>
<column name="conv2_weight_V_2_3_U">conv1d_horizontal0iy, 0, 23, 2, 3, 23, 1, 69</column>
<column name="conv2_weight_V_3_3_U">conv1d_horizontal1iI, 0, 23, 2, 3, 23, 1, 69</column>
<column name="conv2_weight_V_4_3_U">conv1d_horizontal2iS, 0, 22, 2, 3, 22, 1, 66</column>
<column name="conv2_weight_V_5_3_U">conv1d_horizontal3i2, 0, 24, 2, 3, 24, 1, 72</column>
<column name="conv2_weight_V_6_3_U">conv1d_horizontal4jc, 0, 21, 1, 3, 21, 1, 63</column>
<column name="conv2_weight_V_7_3_U">conv1d_horizontal5jm, 0, 21, 1, 3, 21, 1, 63</column>
<column name="conv2_weight_V_0_0_U">conv1d_horizontalAem, 0, 22, 2, 3, 22, 1, 66</column>
<column name="conv2_weight_V_1_0_U">conv1d_horizontalBew, 0, 22, 2, 3, 22, 1, 66</column>
<column name="conv2_weight_V_2_0_U">conv1d_horizontalCeG, 0, 23, 2, 3, 23, 1, 69</column>
<column name="conv2_weight_V_3_0_U">conv1d_horizontalDeQ, 0, 22, 2, 3, 22, 1, 66</column>
<column name="conv2_weight_V_4_0_U">conv1d_horizontalEe0, 0, 21, 1, 3, 21, 1, 63</column>
<column name="conv2_weight_V_5_0_U">conv1d_horizontalFfa, 0, 24, 2, 3, 24, 1, 72</column>
<column name="conv2_weight_V_6_0_U">conv1d_horizontalGfk, 0, 20, 1, 3, 20, 1, 60</column>
<column name="conv2_weight_V_7_0_U">conv1d_horizontalHfu, 0, 22, 2, 3, 22, 1, 66</column>
<column name="conv2_weight_V_0_1_U">conv1d_horizontalIfE, 0, 21, 1, 3, 21, 1, 63</column>
<column name="conv2_weight_V_1_1_U">conv1d_horizontalJfO, 0, 22, 2, 3, 22, 1, 66</column>
<column name="conv2_weight_V_2_1_U">conv1d_horizontalKfY, 0, 23, 2, 3, 23, 1, 69</column>
<column name="conv2_weight_V_3_1_U">conv1d_horizontalLf8, 0, 22, 2, 3, 22, 1, 66</column>
<column name="conv2_weight_V_4_1_U">conv1d_horizontalMgi, 0, 21, 1, 3, 21, 1, 63</column>
<column name="conv2_weight_V_5_1_U">conv1d_horizontalNgs, 0, 23, 2, 3, 23, 1, 69</column>
<column name="conv2_weight_V_6_1_U">conv1d_horizontalOgC, 0, 22, 2, 3, 22, 1, 66</column>
<column name="conv2_weight_V_7_1_U">conv1d_horizontalPgM, 0, 22, 2, 3, 22, 1, 66</column>
<column name="conv2_weight_V_0_2_U">conv1d_horizontalQgW, 0, 21, 1, 3, 21, 1, 63</column>
<column name="conv2_weight_V_1_2_U">conv1d_horizontalRg6, 0, 21, 1, 3, 21, 1, 63</column>
<column name="conv2_weight_V_2_2_U">conv1d_horizontalShg, 0, 23, 2, 3, 23, 1, 69</column>
<column name="conv2_weight_V_3_2_U">conv1d_horizontalThq, 0, 22, 2, 3, 22, 1, 66</column>
<column name="conv2_weight_V_4_2_U">conv1d_horizontalUhA, 0, 22, 2, 3, 22, 1, 66</column>
<column name="conv2_weight_V_5_2_U">conv1d_horizontalVhK, 0, 24, 2, 3, 24, 1, 72</column>
<column name="conv2_weight_V_6_2_U">conv1d_horizontalWhU, 0, 22, 2, 3, 22, 1, 66</column>
<column name="conv2_weight_V_7_2_U">conv1d_horizontalXh4, 0, 22, 2, 3, 22, 1, 66</column>
<column name="conv2_weight_V_0_3_U">conv1d_horizontalYie, 0, 21, 1, 3, 21, 1, 63</column>
<column name="conv2_weight_V_1_3_U">conv1d_horizontalZio, 0, 21, 1, 3, 21, 1, 63</column>
<column name="window_buffer_V_1_0_U">conv1d_vertical_lfYi, 1, 0, 0, 1, 32, 1, 32</column>
<column name="window_buffer_V_1_1_U">conv1d_vertical_lfYi, 1, 0, 0, 1, 32, 1, 32</column>
<column name="window_buffer_V_1_2_U">conv1d_vertical_lfYi, 1, 0, 0, 1, 32, 1, 32</column>
<column name="window_buffer_V_1_3_U">conv1d_vertical_lfYi, 1, 0, 0, 1, 32, 1, 32</column>
<column name="window_buffer_V_2_0_U">conv1d_vertical_lfYi, 1, 0, 0, 1, 32, 1, 32</column>
<column name="window_buffer_V_2_1_U">conv1d_vertical_lfYi, 1, 0, 0, 1, 32, 1, 32</column>
<column name="window_buffer_V_2_2_U">conv1d_vertical_lfYi, 1, 0, 0, 1, 32, 1, 32</column>
<column name="window_buffer_V_2_3_U">conv1d_vertical_lfYi, 1, 0, 0, 1, 32, 1, 32</column>
<column name="window_buffer_V_0_0_U">conv1d_vertical_lfYi, 1, 0, 0, 1, 32, 1, 32</column>
<column name="window_buffer_V_0_1_U">conv1d_vertical_lfYi, 1, 0, 0, 1, 32, 1, 32</column>
<column name="window_buffer_V_0_2_U">conv1d_vertical_lfYi, 1, 0, 0, 1, 32, 1, 32</column>
<column name="window_buffer_V_0_3_U">conv1d_vertical_lfYi, 1, 0, 0, 1, 32, 1, 32</column>
</table>
</item>
<item name = "FIFO"><table name="" hasTotal="1">
<keys size="7">Name, BRAM_18K, FF, LUT, Depth, Bits, Size:D*B</keys>
</table>
</item>
<item name = "Expression"><table name="" hasTotal="1">
<keys size="7">Variable Name, Operation, DSP48E, FF, LUT, Bitwidth P0, Bitwidth P1</keys>
<column name="r_V_8_1_i_fu_2002_p2">*, 4, 0, 20, 32, 32</column>
<column name="r_V_8_2_i_fu_2074_p2">*, 4, 0, 20, 32, 32</column>
<column name="r_V_8_3_i_fu_2096_p2">*, 4, 0, 20, 32, 32</column>
<column name="r_V_8_i_fu_1990_p2">*, 4, 0, 20, 32, 32</column>
<column name="c_fu_1050_p2">+, 0, 0, 12, 3, 1</column>
<column name="ch_2_fu_1151_p2">+, 0, 0, 12, 3, 1</column>
<column name="ch_3_fu_1135_p2">+, 0, 0, 12, 3, 1</column>
<column name="ch_4_fu_1179_p2">+, 0, 0, 12, 3, 1</column>
<column name="ch_fu_1062_p2">+, 0, 0, 12, 3, 1</column>
<column name="i_fu_1084_p2">+, 0, 0, 10, 2, 1</column>
<column name="kw_fu_1677_p2">+, 0, 0, 10, 2, 1</column>
<column name="oc_fu_1625_p2">+, 0, 0, 13, 4, 1</column>
<column name="r_fu_1038_p2">+, 0, 0, 15, 9, 1</column>
<column name="ret_V_1_i_fu_2063_p2">+, 0, 0, 65, 58, 58</column>
<column name="ret_V_2_i_fu_2109_p2">+, 0, 0, 65, 58, 58</column>
<column name="ret_V_3_i_fu_2132_p2">+, 0, 0, 65, 58, 58</column>
<column name="ret_V_i_fu_2040_p2">+, 0, 0, 65, 58, 58</column>
<column name="ap_block_state12">and, 0, 0, 2, 1, 1</column>
<column name="ap_block_state8">and, 0, 0, 2, 1, 1</column>
<column name="ap_condition_820">and, 0, 0, 2, 1, 1</column>
<column name="ap_condition_825">and, 0, 0, 2, 1, 1</column>
<column name="ap_condition_831">and, 0, 0, 2, 1, 1</column>
<column name="ap_condition_835">and, 0, 0, 2, 1, 1</column>
<column name="ap_condition_841">and, 0, 0, 2, 1, 1</column>
<column name="ap_condition_845">and, 0, 0, 2, 1, 1</column>
<column name="ap_condition_851">and, 0, 0, 2, 1, 1</column>
<column name="ap_condition_855">and, 0, 0, 2, 1, 1</column>
<column name="ap_predicate_op133_read_state8">and, 0, 0, 2, 1, 1</column>
<column name="cond_i_fu_1090_p2">icmp, 0, 0, 8, 2, 1</column>
<column name="exitcond17_i_fu_1078_p2">icmp, 0, 0, 9, 2, 3</column>
<column name="exitcond18_i_fu_1145_p2">icmp, 0, 0, 9, 3, 4</column>
<column name="exitcond19_i_fu_1129_p2">icmp, 0, 0, 9, 3, 4</column>
<column name="exitcond20_i_fu_1173_p2">icmp, 0, 0, 9, 3, 4</column>
<column name="exitcond21_i_fu_1619_p2">icmp, 0, 0, 11, 4, 5</column>
<column name="exitcond22_i_fu_1671_p2">icmp, 0, 0, 8, 2, 2</column>
<column name="exitcond3_i_fu_1044_p2">icmp, 0, 0, 9, 3, 2</column>
<column name="exitcond4_i_fu_1032_p2">icmp, 0, 0, 13, 9, 5</column>
<column name="exitcond_i_fu_1056_p2">icmp, 0, 0, 9, 3, 4</column>
<column name="sel_tmp3_fu_1215_p2">icmp, 0, 0, 8, 2, 1</column>
<column name="sel_tmp5_fu_1228_p2">icmp, 0, 0, 8, 2, 1</column>
<column name="sel_tmp_fu_1202_p2">icmp, 0, 0, 9, 2, 3</column>
<column name="tmp_28_i_fu_1161_p2">icmp, 0, 0, 9, 3, 1</column>
<column name="tmp_29_i_fu_1167_p2">icmp, 0, 0, 9, 3, 1</column>
<column name="tmp_i_131_fu_1072_p2">icmp, 0, 0, 9, 3, 3</column>
<column name="ap_block_state1">or, 0, 0, 2, 1, 1</column>
<column name="calc_window_0_0_V_3_fu_1281_p3">select, 0, 0, 32, 1, 1</column>
<column name="calc_window_0_0_V_5_fu_1552_p3">select, 0, 0, 32, 1, 32</column>
<column name="calc_window_0_1_V_3_fu_1273_p3">select, 0, 0, 32, 1, 32</column>
<column name="calc_window_0_1_V_5_fu_1545_p3">select, 0, 0, 32, 1, 32</column>
<column name="calc_window_0_2_V_3_fu_1257_p3">select, 0, 0, 32, 1, 32</column>
<column name="calc_window_0_2_V_5_fu_1538_p3">select, 0, 0, 32, 1, 32</column>
<column name="calc_window_0_3_V_10_fu_1334_p3">select, 0, 0, 32, 1, 32</column>
<column name="calc_window_0_3_V_11_fu_1342_p3">select, 0, 0, 32, 1, 32</column>
<column name="calc_window_0_3_V_12_fu_1350_p3">select, 0, 0, 32, 1, 32</column>
<column name="calc_window_0_3_V_13_fu_1358_p3">select, 0, 0, 32, 1, 32</column>
<column name="calc_window_0_3_V_14_fu_1366_p3">select, 0, 0, 32, 1, 32</column>
<column name="calc_window_0_3_V_3_fu_1233_p3">select, 0, 0, 32, 1, 32</column>
<column name="calc_window_0_3_V_4_fu_1318_p3">select, 0, 0, 32, 1, 32</column>
<column name="calc_window_0_3_V_5_fu_1531_p3">select, 0, 0, 32, 1, 32</column>
<column name="calc_window_0_3_V_7_fu_1302_p3">select, 0, 0, 32, 1, 32</column>
<column name="calc_window_0_3_V_8_fu_1310_p3">select, 0, 0, 32, 1, 32</column>
<column name="calc_window_0_3_V_9_fu_1326_p3">select, 0, 0, 32, 1, 32</column>
<column name="calc_window_1_3_V_10_fu_1414_p3">select, 0, 0, 32, 1, 32</column>
<column name="calc_window_1_3_V_11_fu_1422_p3">select, 0, 0, 32, 1, 32</column>
<column name="calc_window_1_3_V_12_fu_1430_p3">select, 0, 0, 32, 1, 32</column>
<column name="calc_window_1_3_V_13_fu_1438_p3">select, 0, 0, 32, 1, 32</column>
<column name="calc_window_1_3_V_3_141_fu_1390_p3">select, 0, 0, 32, 1, 32</column>
<column name="calc_window_1_3_V_6_fu_1374_p3">select, 0, 0, 32, 1, 32</column>
<column name="calc_window_1_3_V_7_fu_1382_p3">select, 0, 0, 32, 1, 32</column>
<column name="calc_window_1_3_V_8_fu_1398_p3">select, 0, 0, 32, 1, 32</column>
<column name="calc_window_1_3_V_9_fu_1406_p3">select, 0, 0, 32, 1, 32</column>
<column name="calc_window_2_3_V_10_fu_1499_p3">select, 0, 0, 32, 1, 32</column>
<column name="calc_window_2_3_V_11_fu_1507_p3">select, 0, 0, 32, 1, 32</column>
<column name="calc_window_2_3_V_12_fu_1515_p3">select, 0, 0, 32, 1, 32</column>
<column name="calc_window_2_3_V_13_fu_1523_p3">select, 0, 0, 32, 1, 32</column>
<column name="calc_window_2_3_V_3_142_fu_1475_p3">select, 0, 0, 32, 1, 32</column>
<column name="calc_window_2_3_V_6_fu_1459_p3">select, 0, 0, 32, 1, 32</column>
<column name="calc_window_2_3_V_7_fu_1467_p3">select, 0, 0, 32, 1, 32</column>
<column name="calc_window_2_3_V_8_fu_1483_p3">select, 0, 0, 32, 1, 32</column>
<column name="calc_window_2_3_V_9_fu_1491_p3">select, 0, 0, 32, 1, 32</column>
<column name="sel_tmp1_fu_1249_p3">select, 0, 0, 32, 1, 32</column>
<column name="sel_tmp2_fu_1207_p3">select, 0, 0, 32, 1, 32</column>
<column name="sel_tmp4_fu_1220_p3">select, 0, 0, 32, 1, 32</column>
<column name="sel_tmp6_fu_1265_p3">select, 0, 0, 32, 1, 1</column>
<column name="sel_tmp8_fu_1241_p3">select, 0, 0, 32, 1, 1</column>
<column name="tmp_45_fu_1731_p3">select, 0, 0, 27, 1, 1</column>
<column name="window_buffer_V_load_fu_1122_p3">select, 0, 0, 32, 1, 32</column>
</table>
</item>
<item name = "Multiplexer"><table name="" hasTotal="1">
<keys size="5">Name, LUT, Input Size, Bits, Total Bits</keys>
<column name="ap_NS_fsm">85, 17, 1, 17</column>
<column name="ap_done">9, 2, 1, 2</column>
<column name="c_i_reg_896">9, 2, 3, 6</column>
<column name="ch1_i_reg_941">9, 2, 3, 6</column>
<column name="ch2_i_reg_930">9, 2, 3, 6</column>
<column name="ch6_i_reg_952">9, 2, 3, 6</column>
<column name="ch_i_reg_908">9, 2, 3, 6</column>
<column name="conv1_out_V_V_blk_n">9, 2, 1, 2</column>
<column name="conv2_out_V_V_blk_n">9, 2, 1, 2</column>
<column name="i_i_reg_919">9, 2, 2, 4</column>
<column name="kw_i_reg_984">9, 2, 2, 4</column>
<column name="oc_i_reg_963">9, 2, 4, 8</column>
<column name="p_0179_1_i_reg_974">9, 2, 32, 64</column>
<column name="r_i_reg_885">9, 2, 9, 18</column>
<column name="real_start">9, 2, 1, 2</column>
<column name="window_buffer_V_2_0_d1">15, 3, 32, 96</column>
<column name="window_buffer_V_2_1_d1">15, 3, 32, 96</column>
<column name="window_buffer_V_2_2_d1">15, 3, 32, 96</column>
<column name="window_buffer_V_2_3_d1">15, 3, 32, 96</column>
</table>
</item>
<item name = "Register"><table name="" hasTotal="1">
<keys size="5">Name, FF, LUT, Bits, Const Bits</keys>
<column name="ap_CS_fsm">16, 0, 16, 0</column>
<column name="ap_done_reg">1, 0, 1, 0</column>
<column name="c_i_reg_896">3, 0, 3, 0</column>
<column name="c_reg_2230">3, 0, 3, 0</column>
<column name="calc_window_0_2_V_fu_276">32, 0, 32, 0</column>
<column name="calc_window_0_3_V_1_fu_268">32, 0, 32, 0</column>
<column name="calc_window_0_3_V_2_fu_272">32, 0, 32, 0</column>
<column name="calc_window_0_3_V_fu_280">32, 0, 32, 0</column>
<column name="calc_window_1_3_V_1_fu_284">32, 0, 32, 0</column>
<column name="calc_window_1_3_V_2_fu_288">32, 0, 32, 0</column>
<column name="calc_window_1_3_V_4_fu_292">32, 0, 32, 0</column>
<column name="calc_window_1_3_V_fu_296">32, 0, 32, 0</column>
<column name="calc_window_2_3_V_1_fu_300">32, 0, 32, 0</column>
<column name="calc_window_2_3_V_2_fu_304">32, 0, 32, 0</column>
<column name="calc_window_2_3_V_4_fu_308">32, 0, 32, 0</column>
<column name="calc_window_2_3_V_fu_312">32, 0, 32, 0</column>
<column name="ch1_i_reg_941">3, 0, 3, 0</column>
<column name="ch2_i_reg_930">3, 0, 3, 0</column>
<column name="ch6_i_reg_952">3, 0, 3, 0</column>
<column name="ch_4_reg_2315">3, 0, 3, 0</column>
<column name="ch_i_reg_908">3, 0, 3, 0</column>
<column name="ch_reg_2238">3, 0, 3, 0</column>
<column name="cond_i_reg_2261">1, 0, 1, 0</column>
<column name="i_i_reg_919">2, 0, 2, 0</column>
<column name="i_reg_2256">2, 0, 2, 0</column>
<column name="kw_i_reg_984">2, 0, 2, 0</column>
<column name="kw_reg_2354">2, 0, 2, 0</column>
<column name="oc_i_reg_963">4, 0, 4, 0</column>
<column name="oc_reg_2333">4, 0, 4, 0</column>
<column name="p_0179_1_i_reg_974">32, 0, 32, 0</column>
<column name="r_V_8_1_i_reg_2554">58, 0, 58, 0</column>
<column name="r_V_8_2_i_reg_2569">58, 0, 58, 0</column>
<column name="r_V_8_3_i_reg_2579">58, 0, 58, 0</column>
<column name="r_V_8_i_reg_2549">58, 0, 58, 0</column>
<column name="r_i_reg_885">9, 0, 9, 0</column>
<column name="r_reg_2222">9, 0, 9, 0</column>
<column name="start_once_reg">1, 0, 1, 0</column>
<column name="tmp_25_reg_2519">32, 0, 32, 0</column>
<column name="tmp_26_reg_2524">32, 0, 32, 0</column>
<column name="tmp_27_reg_2529">32, 0, 32, 0</column>
<column name="tmp_28_i_reg_2300">1, 0, 1, 0</column>
<column name="tmp_28_reg_2534">32, 0, 32, 0</column>
<column name="tmp_29_i_reg_2304">1, 0, 1, 0</column>
<column name="tmp_29_reg_2559">32, 0, 32, 0</column>
<column name="tmp_30_reg_2539">32, 0, 32, 0</column>
<column name="tmp_31_reg_2564">32, 0, 32, 0</column>
<column name="tmp_32_reg_2544">32, 0, 32, 0</column>
<column name="tmp_47_reg_2574">32, 0, 32, 0</column>
<column name="tmp_54_reg_2243">2, 0, 2, 0</column>
<column name="tmp_57_reg_2320">2, 0, 2, 0</column>
<column name="tmp_58_reg_2338">3, 0, 3, 0</column>
<column name="tmp_i_131_reg_2249">1, 0, 1, 0</column>
<column name="window_buffer_V_load_reg_2266">32, 0, 32, 0</column>
</table>
</item>
</section>
</item>
</section>

<section name = "Interface" level="0">
<item name = "Summary"><table name="" hasTotal="0">
<keys size="6">RTL Ports, Dir, Bits, Protocol, Source Object, C Type</keys>
<column name="ap_clk">in, 1, ap_ctrl_hs, conv1d_horizontal_la, return value</column>
<column name="ap_rst">in, 1, ap_ctrl_hs, conv1d_horizontal_la, return value</column>
<column name="ap_start">in, 1, ap_ctrl_hs, conv1d_horizontal_la, return value</column>
<column name="start_full_n">in, 1, ap_ctrl_hs, conv1d_horizontal_la, return value</column>
<column name="ap_done">out, 1, ap_ctrl_hs, conv1d_horizontal_la, return value</column>
<column name="ap_continue">in, 1, ap_ctrl_hs, conv1d_horizontal_la, return value</column>
<column name="ap_idle">out, 1, ap_ctrl_hs, conv1d_horizontal_la, return value</column>
<column name="ap_ready">out, 1, ap_ctrl_hs, conv1d_horizontal_la, return value</column>
<column name="start_out">out, 1, ap_ctrl_hs, conv1d_horizontal_la, return value</column>
<column name="start_write">out, 1, ap_ctrl_hs, conv1d_horizontal_la, return value</column>
<column name="conv1_out_V_V_dout">in, 32, ap_fifo, conv1_out_V_V, pointer</column>
<column name="conv1_out_V_V_empty_n">in, 1, ap_fifo, conv1_out_V_V, pointer</column>
<column name="conv1_out_V_V_read">out, 1, ap_fifo, conv1_out_V_V, pointer</column>
<column name="conv2_out_V_V_din">out, 32, ap_fifo, conv2_out_V_V, pointer</column>
<column name="conv2_out_V_V_full_n">in, 1, ap_fifo, conv2_out_V_V, pointer</column>
<column name="conv2_out_V_V_write">out, 1, ap_fifo, conv2_out_V_V, pointer</column>
</table>
</item>
</section>
</profile>
