<stg><name>fc_layer<16, 2></name>


<trans_list>

<trans id="127" from="1" to="2">
<condition id="-1">
<or_exp><and_exp></and_exp></or_exp>
</condition>
</trans>

<trans id="128" from="2" to="3">
<condition id="-1">
<or_exp><and_exp><literal name="exitcond9_i" val="0"/>
</and_exp></or_exp>
</condition>
</trans>

<trans id="145" from="2" to="4">
<condition id="-1">
<or_exp><and_exp><literal name="exitcond9_i" val="1"/>
</and_exp></or_exp>
</condition>
</trans>

<trans id="144" from="3" to="2">
<condition id="-1">
<or_exp><and_exp></and_exp></or_exp>
</condition>
</trans>

<trans id="146" from="4" to="5">
<condition id="-1">
<or_exp><and_exp><literal name="exitcond1_i" val="0"/>
</and_exp></or_exp>
</condition>
</trans>

<trans id="148" from="5" to="6">
<condition id="-1">
<or_exp><and_exp></and_exp></or_exp>
</condition>
</trans>

<trans id="149" from="6" to="7">
<condition id="-1">
<or_exp><and_exp><literal name="exitcond_i" val="0"/>
</and_exp></or_exp>
</condition>
</trans>

<trans id="154" from="6" to="4">
<condition id="-1">
<or_exp><and_exp><literal name="exitcond_i" val="1"/>
</and_exp></or_exp>
</condition>
</trans>

<trans id="151" from="7" to="8">
<condition id="-1">
<or_exp><and_exp></and_exp></or_exp>
</condition>
</trans>

<trans id="152" from="8" to="9">
<condition id="-1">
<or_exp><and_exp></and_exp></or_exp>
</condition>
</trans>

<trans id="153" from="9" to="6">
<condition id="-1">
<or_exp><and_exp></and_exp></or_exp>
</condition>
</trans>
</trans_list>



<state_list>

<state id="1" st_id="1">

<operation id="10" st_id="1" stage="1" lat="1">
<core>NULL</core>
<MemPortIdVec></MemPortIdVec>
<condition id="-1">
<or_exp><and_exp></and_exp></or_exp>
</condition>

<Node id="5" bw="32" op_0_bw="32">
<![CDATA[
entry:0  %tmp_V = alloca i32

]]></Node>
<StgValue><ssdm name="tmp_V"/></StgValue>
</operation>

<operation id="11" st_id="1" stage="1" lat="1">
<core>NULL</core>
<MemPortIdVec></MemPortIdVec>
<condition id="-1">
<or_exp><and_exp></and_exp></or_exp>
</condition>

<Node id="6" bw="32" op_0_bw="32">
<![CDATA[
entry:1  %tmp_V_42 = alloca i32

]]></Node>
<StgValue><ssdm name="tmp_V_42"/></StgValue>
</operation>

<operation id="12" st_id="1" stage="1" lat="1">
<core>NULL</core>
<MemPortIdVec></MemPortIdVec>
<condition id="-1">
<or_exp><and_exp></and_exp></or_exp>
</condition>

<Node id="7" bw="32" op_0_bw="32">
<![CDATA[
entry:2  %tmp_V_43 = alloca i32

]]></Node>
<StgValue><ssdm name="tmp_V_43"/></StgValue>
</operation>

<operation id="13" st_id="1" stage="1" lat="1">
<core>NULL</core>
<MemPortIdVec></MemPortIdVec>
<condition id="-1">
<or_exp><and_exp></and_exp></or_exp>
</condition>

<Node id="8" bw="32" op_0_bw="32">
<![CDATA[
entry:3  %tmp_V_44 = alloca i32

]]></Node>
<StgValue><ssdm name="tmp_V_44"/></StgValue>
</operation>

<operation id="14" st_id="1" stage="1" lat="1">
<core>NULL</core>
<MemPortIdVec></MemPortIdVec>
<condition id="-1">
<or_exp><and_exp></and_exp></or_exp>
</condition>

<Node id="9" bw="32" op_0_bw="32">
<![CDATA[
entry:4  %tmp_V_45 = alloca i32

]]></Node>
<StgValue><ssdm name="tmp_V_45"/></StgValue>
</operation>

<operation id="15" st_id="1" stage="1" lat="1">
<core>NULL</core>
<MemPortIdVec></MemPortIdVec>
<condition id="-1">
<or_exp><and_exp></and_exp></or_exp>
</condition>

<Node id="10" bw="32" op_0_bw="32">
<![CDATA[
entry:5  %tmp_V_46 = alloca i32

]]></Node>
<StgValue><ssdm name="tmp_V_46"/></StgValue>
</operation>

<operation id="16" st_id="1" stage="1" lat="1">
<core>NULL</core>
<MemPortIdVec></MemPortIdVec>
<condition id="-1">
<or_exp><and_exp></and_exp></or_exp>
</condition>

<Node id="11" bw="32" op_0_bw="32">
<![CDATA[
entry:6  %tmp_V_47 = alloca i32

]]></Node>
<StgValue><ssdm name="tmp_V_47"/></StgValue>
</operation>

<operation id="17" st_id="1" stage="1" lat="1">
<core>NULL</core>
<MemPortIdVec></MemPortIdVec>
<condition id="-1">
<or_exp><and_exp></and_exp></or_exp>
</condition>

<Node id="12" bw="32" op_0_bw="32">
<![CDATA[
entry:7  %tmp_V_48 = alloca i32

]]></Node>
<StgValue><ssdm name="tmp_V_48"/></StgValue>
</operation>

<operation id="18" st_id="1" stage="1" lat="1">
<core>NULL</core>
<MemPortIdVec></MemPortIdVec>
<condition id="-1">
<or_exp><and_exp></and_exp></or_exp>
</condition>

<Node id="13" bw="32" op_0_bw="32">
<![CDATA[
entry:8  %tmp_V_49 = alloca i32

]]></Node>
<StgValue><ssdm name="tmp_V_49"/></StgValue>
</operation>

<operation id="19" st_id="1" stage="1" lat="1">
<core>NULL</core>
<MemPortIdVec></MemPortIdVec>
<condition id="-1">
<or_exp><and_exp></and_exp></or_exp>
</condition>

<Node id="14" bw="32" op_0_bw="32">
<![CDATA[
entry:9  %tmp_V_50 = alloca i32

]]></Node>
<StgValue><ssdm name="tmp_V_50"/></StgValue>
</operation>

<operation id="20" st_id="1" stage="1" lat="1">
<core>NULL</core>
<MemPortIdVec></MemPortIdVec>
<condition id="-1">
<or_exp><and_exp></and_exp></or_exp>
</condition>

<Node id="15" bw="32" op_0_bw="32">
<![CDATA[
entry:10  %tmp_V_51 = alloca i32

]]></Node>
<StgValue><ssdm name="tmp_V_51"/></StgValue>
</operation>

<operation id="21" st_id="1" stage="1" lat="1">
<core>NULL</core>
<MemPortIdVec></MemPortIdVec>
<condition id="-1">
<or_exp><and_exp></and_exp></or_exp>
</condition>

<Node id="16" bw="32" op_0_bw="32">
<![CDATA[
entry:11  %tmp_V_52 = alloca i32

]]></Node>
<StgValue><ssdm name="tmp_V_52"/></StgValue>
</operation>

<operation id="22" st_id="1" stage="1" lat="1">
<core>NULL</core>
<MemPortIdVec></MemPortIdVec>
<condition id="-1">
<or_exp><and_exp></and_exp></or_exp>
</condition>

<Node id="17" bw="32" op_0_bw="32">
<![CDATA[
entry:12  %tmp_V_53 = alloca i32

]]></Node>
<StgValue><ssdm name="tmp_V_53"/></StgValue>
</operation>

<operation id="23" st_id="1" stage="1" lat="1">
<core>NULL</core>
<MemPortIdVec></MemPortIdVec>
<condition id="-1">
<or_exp><and_exp></and_exp></or_exp>
</condition>

<Node id="18" bw="32" op_0_bw="32">
<![CDATA[
entry:13  %tmp_V_54 = alloca i32

]]></Node>
<StgValue><ssdm name="tmp_V_54"/></StgValue>
</operation>

<operation id="24" st_id="1" stage="1" lat="1">
<core>NULL</core>
<MemPortIdVec></MemPortIdVec>
<condition id="-1">
<or_exp><and_exp></and_exp></or_exp>
</condition>

<Node id="19" bw="32" op_0_bw="32">
<![CDATA[
entry:14  %tmp_V_55 = alloca i32

]]></Node>
<StgValue><ssdm name="tmp_V_55"/></StgValue>
</operation>

<operation id="25" st_id="1" stage="1" lat="1">
<core>NULL</core>
<MemPortIdVec></MemPortIdVec>
<condition id="-1">
<or_exp><and_exp></and_exp></or_exp>
</condition>

<Node id="20" bw="32" op_0_bw="32">
<![CDATA[
entry:15  %tmp_V_56 = alloca i32

]]></Node>
<StgValue><ssdm name="tmp_V_56"/></StgValue>
</operation>

<operation id="26" st_id="1" stage="1" lat="1">
<core>NULL</core>
<MemPortIdVec></MemPortIdVec>
<condition id="-1">
<or_exp><and_exp></and_exp></or_exp>
</condition>

<Node id="21" bw="0" op_0_bw="0" op_1_bw="32" op_2_bw="0" op_3_bw="32" op_4_bw="32" op_5_bw="0" op_6_bw="32" op_7_bw="32" op_8_bw="0" op_9_bw="0" op_10_bw="0" op_11_bw="32" op_12_bw="32" op_13_bw="32" op_14_bw="32" op_15_bw="0" op_16_bw="0">
<![CDATA[
entry:16  call void (...)* @_ssdm_op_SpecInterface(i32* @fc_out_V_V, [8 x i8]* @ap_fifo_str, i32 0, i32 0, [1 x i8]* @p_str165, i32 0, i32 0, [1 x i8]* @p_str166, [1 x i8]* @p_str167, [1 x i8]* @p_str168, i32 2, i32 2, i32 16, i32 16, [1 x i8]* @p_str169, [1 x i8]* @p_str170)

]]></Node>
<StgValue><ssdm name=""/></StgValue>
</operation>

<operation id="27" st_id="1" stage="1" lat="1">
<core>NULL</core>
<MemPortIdVec></MemPortIdVec>
<condition id="-1">
<or_exp><and_exp></and_exp></or_exp>
</condition>

<Node id="22" bw="0" op_0_bw="0" op_1_bw="32" op_2_bw="0" op_3_bw="32" op_4_bw="32" op_5_bw="0" op_6_bw="32" op_7_bw="32" op_8_bw="0" op_9_bw="0" op_10_bw="0" op_11_bw="32" op_12_bw="32" op_13_bw="32" op_14_bw="32" op_15_bw="0" op_16_bw="0">
<![CDATA[
entry:17  call void (...)* @_ssdm_op_SpecInterface(i32* @gap_out_V_V, [8 x i8]* @ap_fifo_str, i32 0, i32 0, [1 x i8]* @p_str158, i32 0, i32 0, [1 x i8]* @p_str159, [1 x i8]* @p_str160, [1 x i8]* @p_str161, i32 2, i32 2, i32 16, i32 16, [1 x i8]* @p_str162, [1 x i8]* @p_str163)

]]></Node>
<StgValue><ssdm name=""/></StgValue>
</operation>

<operation id="28" st_id="1" stage="1" lat="1">
<core>NULL</core>
<MemPortIdVec></MemPortIdVec>
<condition id="-1">
<or_exp><and_exp></and_exp></or_exp>
</condition>

<Node id="23" bw="0" op_0_bw="0">
<![CDATA[
entry:18  br label %branch0.i

]]></Node>
<StgValue><ssdm name=""/></StgValue>
</operation>
</state>

<state id="2" st_id="2">

<operation id="29" st_id="2" stage="1" lat="1">
<core>NULL</core>
<MemPortIdVec></MemPortIdVec>
<condition id="-1">
<or_exp><and_exp></and_exp></or_exp>
</condition>

<Node id="25" bw="5" op_0_bw="5" op_1_bw="0">
<![CDATA[
branch0.i:0  %i_i = phi i5 [ 0, %entry ], [ %i, %branch0.i.backedge ]

]]></Node>
<StgValue><ssdm name="i_i"/></StgValue>
</operation>

<operation id="30" st_id="2" stage="1" lat="1">
<core>Cmp</core>
<MemPortIdVec></MemPortIdVec>
<condition id="-1">
<or_exp><and_exp></and_exp></or_exp>
</condition>

<Node id="26" bw="1" op_0_bw="5" op_1_bw="5">
<![CDATA[
branch0.i:1  %exitcond9_i = icmp eq i5 %i_i, -16

]]></Node>
<StgValue><ssdm name="exitcond9_i"/></StgValue>
</operation>

<operation id="31" st_id="2" stage="1" lat="1">
<core>NULL</core>
<MemPortIdVec></MemPortIdVec>
<condition id="-1">
<or_exp><and_exp></and_exp></or_exp>
</condition>

<Node id="27" bw="32" op_0_bw="32" op_1_bw="64" op_2_bw="64" op_3_bw="64">
<![CDATA[
branch0.i:2  %empty = call i32 (...)* @_ssdm_op_SpecLoopTripCount(i64 16, i64 16, i64 16)

]]></Node>
<StgValue><ssdm name="empty"/></StgValue>
</operation>

<operation id="32" st_id="2" stage="1" lat="1">
<core>AddSub</core>
<MemPortIdVec></MemPortIdVec>
<condition id="-1">
<or_exp><and_exp></and_exp></or_exp>
</condition>

<Node id="28" bw="5" op_0_bw="5" op_1_bw="5">
<![CDATA[
branch0.i:3  %i = add i5 %i_i, 1

]]></Node>
<StgValue><ssdm name="i"/></StgValue>
</operation>

<operation id="33" st_id="2" stage="1" lat="1">
<core>NULL</core>
<MemPortIdVec></MemPortIdVec>
<condition id="-1">
<or_exp><and_exp></and_exp></or_exp>
</condition>

<Node id="29" bw="0" op_0_bw="1" op_1_bw="0" op_2_bw="0">
<![CDATA[
branch0.i:4  br i1 %exitcond9_i, label %.preheader.i.preheader, label %0

]]></Node>
<StgValue><ssdm name=""/></StgValue>
</operation>

<operation id="34" st_id="2" stage="1" lat="1">
<core>FIFO_SRL</core>
<MemPortIdVec></MemPortIdVec>
<condition id="-1">
<or_exp><and_exp><literal name="exitcond9_i" val="0"/>
</and_exp></or_exp>
</condition>

<Node id="31" bw="32" op_0_bw="32" op_1_bw="32">
<![CDATA[
:0  %tmp_V_59 = call i32 @_ssdm_op_Read.ap_fifo.volatile.i32P(i32* @gap_out_V_V)

]]></Node>
<StgValue><ssdm name="tmp_V_59"/></StgValue>
</operation>

<operation id="35" st_id="2" stage="1" lat="1">
<core>NULL</core>
<MemPortIdVec></MemPortIdVec>
<condition id="-1">
<or_exp><and_exp><literal name="exitcond9_i" val="0"/>
</and_exp></or_exp>
</condition>

<Node id="32" bw="4" op_0_bw="5">
<![CDATA[
:1  %tmp_12 = trunc i5 %i_i to i4

]]></Node>
<StgValue><ssdm name="tmp_12"/></StgValue>
</operation>

<operation id="36" st_id="2" stage="1" lat="1">
<core>NULL</core>
<MemPortIdVec></MemPortIdVec>
<condition id="-1">
<or_exp><and_exp><literal name="exitcond9_i" val="0"/>
</and_exp></or_exp>
</condition>

<Node id="33" bw="0" op_0_bw="4" op_1_bw="0" op_2_bw="4" op_3_bw="0" op_4_bw="4" op_5_bw="0" op_6_bw="4" op_7_bw="0" op_8_bw="4" op_9_bw="0" op_10_bw="4" op_11_bw="0" op_12_bw="4" op_13_bw="0" op_14_bw="4" op_15_bw="0" op_16_bw="4" op_17_bw="0" op_18_bw="4" op_19_bw="0" op_20_bw="4" op_21_bw="0" op_22_bw="4" op_23_bw="0" op_24_bw="4" op_25_bw="0" op_26_bw="4" op_27_bw="0" op_28_bw="4" op_29_bw="0" op_30_bw="4" op_31_bw="0">
<![CDATA[
:2  switch i4 %tmp_12, label %branch15.i [
    i4 0, label %.branch0.i.backedge_crit_edge
    i4 1, label %branch1.i
    i4 2, label %branch2.i
    i4 3, label %branch3.i
    i4 4, label %branch4.i
    i4 5, label %branch5.i
    i4 6, label %branch6.i
    i4 7, label %branch7.i
    i4 -8, label %branch8.i
    i4 -7, label %branch9.i
    i4 -6, label %branch10.i
    i4 -5, label %branch11.i
    i4 -4, label %branch12.i
    i4 -3, label %branch13.i
    i4 -2, label %branch14.i
  ]

]]></Node>
<StgValue><ssdm name=""/></StgValue>
</operation>

<operation id="37" st_id="2" stage="1" lat="1">
<core>NULL</core>
<MemPortIdVec></MemPortIdVec>
<condition id="-1">
<or_exp><and_exp><literal name="exitcond9_i" val="0"/>
<literal name="tmp_12" val="14"/>
</and_exp></or_exp>
</condition>

<Node id="35" bw="0" op_0_bw="32" op_1_bw="32">
<![CDATA[
branch14.i:0  store i32 %tmp_V_59, i32* %tmp_V_55

]]></Node>
<StgValue><ssdm name=""/></StgValue>
</operation>

<operation id="38" st_id="2" stage="1" lat="1">
<core>NULL</core>
<MemPortIdVec></MemPortIdVec>
<condition id="-1">
<or_exp><and_exp><literal name="exitcond9_i" val="0"/>
<literal name="tmp_12" val="14"/>
</and_exp></or_exp>
</condition>

<Node id="36" bw="0" op_0_bw="0">
<![CDATA[
branch14.i:1  br label %branch0.i.backedge

]]></Node>
<StgValue><ssdm name=""/></StgValue>
</operation>

<operation id="39" st_id="2" stage="1" lat="1">
<core>NULL</core>
<MemPortIdVec></MemPortIdVec>
<condition id="-1">
<or_exp><and_exp><literal name="exitcond9_i" val="0"/>
<literal name="tmp_12" val="13"/>
</and_exp></or_exp>
</condition>

<Node id="38" bw="0" op_0_bw="32" op_1_bw="32">
<![CDATA[
branch13.i:0  store i32 %tmp_V_59, i32* %tmp_V_54

]]></Node>
<StgValue><ssdm name=""/></StgValue>
</operation>

<operation id="40" st_id="2" stage="1" lat="1">
<core>NULL</core>
<MemPortIdVec></MemPortIdVec>
<condition id="-1">
<or_exp><and_exp><literal name="exitcond9_i" val="0"/>
<literal name="tmp_12" val="13"/>
</and_exp></or_exp>
</condition>

<Node id="39" bw="0" op_0_bw="0">
<![CDATA[
branch13.i:1  br label %branch0.i.backedge

]]></Node>
<StgValue><ssdm name=""/></StgValue>
</operation>

<operation id="41" st_id="2" stage="1" lat="1">
<core>NULL</core>
<MemPortIdVec></MemPortIdVec>
<condition id="-1">
<or_exp><and_exp><literal name="exitcond9_i" val="0"/>
<literal name="tmp_12" val="12"/>
</and_exp></or_exp>
</condition>

<Node id="41" bw="0" op_0_bw="32" op_1_bw="32">
<![CDATA[
branch12.i:0  store i32 %tmp_V_59, i32* %tmp_V_53

]]></Node>
<StgValue><ssdm name=""/></StgValue>
</operation>

<operation id="42" st_id="2" stage="1" lat="1">
<core>NULL</core>
<MemPortIdVec></MemPortIdVec>
<condition id="-1">
<or_exp><and_exp><literal name="exitcond9_i" val="0"/>
<literal name="tmp_12" val="12"/>
</and_exp></or_exp>
</condition>

<Node id="42" bw="0" op_0_bw="0">
<![CDATA[
branch12.i:1  br label %branch0.i.backedge

]]></Node>
<StgValue><ssdm name=""/></StgValue>
</operation>

<operation id="43" st_id="2" stage="1" lat="1">
<core>NULL</core>
<MemPortIdVec></MemPortIdVec>
<condition id="-1">
<or_exp><and_exp><literal name="exitcond9_i" val="0"/>
<literal name="tmp_12" val="11"/>
</and_exp></or_exp>
</condition>

<Node id="44" bw="0" op_0_bw="32" op_1_bw="32">
<![CDATA[
branch11.i:0  store i32 %tmp_V_59, i32* %tmp_V_52

]]></Node>
<StgValue><ssdm name=""/></StgValue>
</operation>

<operation id="44" st_id="2" stage="1" lat="1">
<core>NULL</core>
<MemPortIdVec></MemPortIdVec>
<condition id="-1">
<or_exp><and_exp><literal name="exitcond9_i" val="0"/>
<literal name="tmp_12" val="11"/>
</and_exp></or_exp>
</condition>

<Node id="45" bw="0" op_0_bw="0">
<![CDATA[
branch11.i:1  br label %branch0.i.backedge

]]></Node>
<StgValue><ssdm name=""/></StgValue>
</operation>

<operation id="45" st_id="2" stage="1" lat="1">
<core>NULL</core>
<MemPortIdVec></MemPortIdVec>
<condition id="-1">
<or_exp><and_exp><literal name="exitcond9_i" val="0"/>
<literal name="tmp_12" val="10"/>
</and_exp></or_exp>
</condition>

<Node id="47" bw="0" op_0_bw="32" op_1_bw="32">
<![CDATA[
branch10.i:0  store i32 %tmp_V_59, i32* %tmp_V_51

]]></Node>
<StgValue><ssdm name=""/></StgValue>
</operation>

<operation id="46" st_id="2" stage="1" lat="1">
<core>NULL</core>
<MemPortIdVec></MemPortIdVec>
<condition id="-1">
<or_exp><and_exp><literal name="exitcond9_i" val="0"/>
<literal name="tmp_12" val="10"/>
</and_exp></or_exp>
</condition>

<Node id="48" bw="0" op_0_bw="0">
<![CDATA[
branch10.i:1  br label %branch0.i.backedge

]]></Node>
<StgValue><ssdm name=""/></StgValue>
</operation>

<operation id="47" st_id="2" stage="1" lat="1">
<core>NULL</core>
<MemPortIdVec></MemPortIdVec>
<condition id="-1">
<or_exp><and_exp><literal name="exitcond9_i" val="0"/>
<literal name="tmp_12" val="9"/>
</and_exp></or_exp>
</condition>

<Node id="50" bw="0" op_0_bw="32" op_1_bw="32">
<![CDATA[
branch9.i:0  store i32 %tmp_V_59, i32* %tmp_V_50

]]></Node>
<StgValue><ssdm name=""/></StgValue>
</operation>

<operation id="48" st_id="2" stage="1" lat="1">
<core>NULL</core>
<MemPortIdVec></MemPortIdVec>
<condition id="-1">
<or_exp><and_exp><literal name="exitcond9_i" val="0"/>
<literal name="tmp_12" val="9"/>
</and_exp></or_exp>
</condition>

<Node id="51" bw="0" op_0_bw="0">
<![CDATA[
branch9.i:1  br label %branch0.i.backedge

]]></Node>
<StgValue><ssdm name=""/></StgValue>
</operation>

<operation id="49" st_id="2" stage="1" lat="1">
<core>NULL</core>
<MemPortIdVec></MemPortIdVec>
<condition id="-1">
<or_exp><and_exp><literal name="exitcond9_i" val="0"/>
<literal name="tmp_12" val="8"/>
</and_exp></or_exp>
</condition>

<Node id="53" bw="0" op_0_bw="32" op_1_bw="32">
<![CDATA[
branch8.i:0  store i32 %tmp_V_59, i32* %tmp_V_49

]]></Node>
<StgValue><ssdm name=""/></StgValue>
</operation>

<operation id="50" st_id="2" stage="1" lat="1">
<core>NULL</core>
<MemPortIdVec></MemPortIdVec>
<condition id="-1">
<or_exp><and_exp><literal name="exitcond9_i" val="0"/>
<literal name="tmp_12" val="8"/>
</and_exp></or_exp>
</condition>

<Node id="54" bw="0" op_0_bw="0">
<![CDATA[
branch8.i:1  br label %branch0.i.backedge

]]></Node>
<StgValue><ssdm name=""/></StgValue>
</operation>

<operation id="51" st_id="2" stage="1" lat="1">
<core>NULL</core>
<MemPortIdVec></MemPortIdVec>
<condition id="-1">
<or_exp><and_exp><literal name="exitcond9_i" val="0"/>
<literal name="tmp_12" val="7"/>
</and_exp></or_exp>
</condition>

<Node id="56" bw="0" op_0_bw="32" op_1_bw="32">
<![CDATA[
branch7.i:0  store i32 %tmp_V_59, i32* %tmp_V_48

]]></Node>
<StgValue><ssdm name=""/></StgValue>
</operation>

<operation id="52" st_id="2" stage="1" lat="1">
<core>NULL</core>
<MemPortIdVec></MemPortIdVec>
<condition id="-1">
<or_exp><and_exp><literal name="exitcond9_i" val="0"/>
<literal name="tmp_12" val="7"/>
</and_exp></or_exp>
</condition>

<Node id="57" bw="0" op_0_bw="0">
<![CDATA[
branch7.i:1  br label %branch0.i.backedge

]]></Node>
<StgValue><ssdm name=""/></StgValue>
</operation>

<operation id="53" st_id="2" stage="1" lat="1">
<core>NULL</core>
<MemPortIdVec></MemPortIdVec>
<condition id="-1">
<or_exp><and_exp><literal name="exitcond9_i" val="0"/>
<literal name="tmp_12" val="6"/>
</and_exp></or_exp>
</condition>

<Node id="59" bw="0" op_0_bw="32" op_1_bw="32">
<![CDATA[
branch6.i:0  store i32 %tmp_V_59, i32* %tmp_V_47

]]></Node>
<StgValue><ssdm name=""/></StgValue>
</operation>

<operation id="54" st_id="2" stage="1" lat="1">
<core>NULL</core>
<MemPortIdVec></MemPortIdVec>
<condition id="-1">
<or_exp><and_exp><literal name="exitcond9_i" val="0"/>
<literal name="tmp_12" val="6"/>
</and_exp></or_exp>
</condition>

<Node id="60" bw="0" op_0_bw="0">
<![CDATA[
branch6.i:1  br label %branch0.i.backedge

]]></Node>
<StgValue><ssdm name=""/></StgValue>
</operation>

<operation id="55" st_id="2" stage="1" lat="1">
<core>NULL</core>
<MemPortIdVec></MemPortIdVec>
<condition id="-1">
<or_exp><and_exp><literal name="exitcond9_i" val="0"/>
<literal name="tmp_12" val="5"/>
</and_exp></or_exp>
</condition>

<Node id="62" bw="0" op_0_bw="32" op_1_bw="32">
<![CDATA[
branch5.i:0  store i32 %tmp_V_59, i32* %tmp_V_46

]]></Node>
<StgValue><ssdm name=""/></StgValue>
</operation>

<operation id="56" st_id="2" stage="1" lat="1">
<core>NULL</core>
<MemPortIdVec></MemPortIdVec>
<condition id="-1">
<or_exp><and_exp><literal name="exitcond9_i" val="0"/>
<literal name="tmp_12" val="5"/>
</and_exp></or_exp>
</condition>

<Node id="63" bw="0" op_0_bw="0">
<![CDATA[
branch5.i:1  br label %branch0.i.backedge

]]></Node>
<StgValue><ssdm name=""/></StgValue>
</operation>

<operation id="57" st_id="2" stage="1" lat="1">
<core>NULL</core>
<MemPortIdVec></MemPortIdVec>
<condition id="-1">
<or_exp><and_exp><literal name="exitcond9_i" val="0"/>
<literal name="tmp_12" val="4"/>
</and_exp></or_exp>
</condition>

<Node id="65" bw="0" op_0_bw="32" op_1_bw="32">
<![CDATA[
branch4.i:0  store i32 %tmp_V_59, i32* %tmp_V_45

]]></Node>
<StgValue><ssdm name=""/></StgValue>
</operation>

<operation id="58" st_id="2" stage="1" lat="1">
<core>NULL</core>
<MemPortIdVec></MemPortIdVec>
<condition id="-1">
<or_exp><and_exp><literal name="exitcond9_i" val="0"/>
<literal name="tmp_12" val="4"/>
</and_exp></or_exp>
</condition>

<Node id="66" bw="0" op_0_bw="0">
<![CDATA[
branch4.i:1  br label %branch0.i.backedge

]]></Node>
<StgValue><ssdm name=""/></StgValue>
</operation>

<operation id="59" st_id="2" stage="1" lat="1">
<core>NULL</core>
<MemPortIdVec></MemPortIdVec>
<condition id="-1">
<or_exp><and_exp><literal name="exitcond9_i" val="0"/>
<literal name="tmp_12" val="3"/>
</and_exp></or_exp>
</condition>

<Node id="68" bw="0" op_0_bw="32" op_1_bw="32">
<![CDATA[
branch3.i:0  store i32 %tmp_V_59, i32* %tmp_V_44

]]></Node>
<StgValue><ssdm name=""/></StgValue>
</operation>

<operation id="60" st_id="2" stage="1" lat="1">
<core>NULL</core>
<MemPortIdVec></MemPortIdVec>
<condition id="-1">
<or_exp><and_exp><literal name="exitcond9_i" val="0"/>
<literal name="tmp_12" val="3"/>
</and_exp></or_exp>
</condition>

<Node id="69" bw="0" op_0_bw="0">
<![CDATA[
branch3.i:1  br label %branch0.i.backedge

]]></Node>
<StgValue><ssdm name=""/></StgValue>
</operation>

<operation id="61" st_id="2" stage="1" lat="1">
<core>NULL</core>
<MemPortIdVec></MemPortIdVec>
<condition id="-1">
<or_exp><and_exp><literal name="exitcond9_i" val="0"/>
<literal name="tmp_12" val="2"/>
</and_exp></or_exp>
</condition>

<Node id="71" bw="0" op_0_bw="32" op_1_bw="32">
<![CDATA[
branch2.i:0  store i32 %tmp_V_59, i32* %tmp_V_43

]]></Node>
<StgValue><ssdm name=""/></StgValue>
</operation>

<operation id="62" st_id="2" stage="1" lat="1">
<core>NULL</core>
<MemPortIdVec></MemPortIdVec>
<condition id="-1">
<or_exp><and_exp><literal name="exitcond9_i" val="0"/>
<literal name="tmp_12" val="2"/>
</and_exp></or_exp>
</condition>

<Node id="72" bw="0" op_0_bw="0">
<![CDATA[
branch2.i:1  br label %branch0.i.backedge

]]></Node>
<StgValue><ssdm name=""/></StgValue>
</operation>

<operation id="63" st_id="2" stage="1" lat="1">
<core>NULL</core>
<MemPortIdVec></MemPortIdVec>
<condition id="-1">
<or_exp><and_exp><literal name="exitcond9_i" val="0"/>
<literal name="tmp_12" val="1"/>
</and_exp></or_exp>
</condition>

<Node id="74" bw="0" op_0_bw="32" op_1_bw="32">
<![CDATA[
branch1.i:0  store i32 %tmp_V_59, i32* %tmp_V_42

]]></Node>
<StgValue><ssdm name=""/></StgValue>
</operation>

<operation id="64" st_id="2" stage="1" lat="1">
<core>NULL</core>
<MemPortIdVec></MemPortIdVec>
<condition id="-1">
<or_exp><and_exp><literal name="exitcond9_i" val="0"/>
<literal name="tmp_12" val="1"/>
</and_exp></or_exp>
</condition>

<Node id="75" bw="0" op_0_bw="0">
<![CDATA[
branch1.i:1  br label %branch0.i.backedge

]]></Node>
<StgValue><ssdm name=""/></StgValue>
</operation>

<operation id="65" st_id="2" stage="1" lat="1">
<core>NULL</core>
<MemPortIdVec></MemPortIdVec>
<condition id="-1">
<or_exp><and_exp><literal name="exitcond9_i" val="0"/>
<literal name="tmp_12" val="0"/>
</and_exp></or_exp>
</condition>

<Node id="77" bw="0" op_0_bw="32" op_1_bw="32">
<![CDATA[
.branch0.i.backedge_crit_edge:0  store i32 %tmp_V_59, i32* %tmp_V

]]></Node>
<StgValue><ssdm name=""/></StgValue>
</operation>

<operation id="66" st_id="2" stage="1" lat="1">
<core>NULL</core>
<MemPortIdVec></MemPortIdVec>
<condition id="-1">
<or_exp><and_exp><literal name="exitcond9_i" val="0"/>
<literal name="tmp_12" val="0"/>
</and_exp></or_exp>
</condition>

<Node id="78" bw="0" op_0_bw="0">
<![CDATA[
.branch0.i.backedge_crit_edge:1  br label %branch0.i.backedge

]]></Node>
<StgValue><ssdm name=""/></StgValue>
</operation>

<operation id="67" st_id="2" stage="1" lat="1">
<core>NULL</core>
<MemPortIdVec></MemPortIdVec>
<condition id="-1">
<or_exp><and_exp><literal name="exitcond9_i" val="0"/>
<literal name="tmp_12" val="15"/>
</and_exp></or_exp>
</condition>

<Node id="80" bw="0" op_0_bw="32" op_1_bw="32">
<![CDATA[
branch15.i:0  store i32 %tmp_V_59, i32* %tmp_V_56

]]></Node>
<StgValue><ssdm name=""/></StgValue>
</operation>

<operation id="68" st_id="2" stage="1" lat="1">
<core>NULL</core>
<MemPortIdVec></MemPortIdVec>
<condition id="-1">
<or_exp><and_exp><literal name="exitcond9_i" val="0"/>
<literal name="tmp_12" val="15"/>
</and_exp></or_exp>
</condition>

<Node id="81" bw="0" op_0_bw="0">
<![CDATA[
branch15.i:1  br label %branch0.i.backedge

]]></Node>
<StgValue><ssdm name=""/></StgValue>
</operation>

<operation id="69" st_id="2" stage="1" lat="1">
<core>NULL</core>
<MemPortIdVec></MemPortIdVec>
<condition id="-1">
<or_exp><and_exp><literal name="exitcond9_i" val="1"/>
</and_exp></or_exp>
</condition>

<Node id="85" bw="0" op_0_bw="0">
<![CDATA[
.preheader.i.preheader:0  br label %.preheader.i

]]></Node>
<StgValue><ssdm name=""/></StgValue>
</operation>
</state>

<state id="3" st_id="3">

<operation id="70" st_id="3" stage="1" lat="1">
<core>NULL</core>
<MemPortIdVec></MemPortIdVec>
<condition id="-1">
<or_exp><and_exp></and_exp></or_exp>
</condition>

<Node id="83" bw="0" op_0_bw="0">
<![CDATA[
branch0.i.backedge:0  br label %branch0.i

]]></Node>
<StgValue><ssdm name=""/></StgValue>
</operation>
</state>

<state id="4" st_id="4">

<operation id="71" st_id="4" stage="1" lat="1">
<core>NULL</core>
<MemPortIdVec></MemPortIdVec>
<condition id="-1">
<or_exp><and_exp></and_exp></or_exp>
</condition>

<Node id="87" bw="2" op_0_bw="2" op_1_bw="0">
<![CDATA[
.preheader.i:0  %out_idx_i = phi i2 [ %out_idx, %_ZN8ap_fixedILi32ELi11EL9ap_q_mode5EL9ap_o_mode3ELi0EEC1ILi32ELi16ELb1ELS0_5ELS1_3ELi0EEERK13ap_fixed_baseIXT_EXT0_EXT1_EXT2_EXT3_EXT4_EE.exit.i ], [ 0, %.preheader.i.preheader ]

]]></Node>
<StgValue><ssdm name="out_idx_i"/></StgValue>
</operation>

<operation id="72" st_id="4" stage="1" lat="1">
<core>Cmp</core>
<MemPortIdVec></MemPortIdVec>
<condition id="-1">
<or_exp><and_exp></and_exp></or_exp>
</condition>

<Node id="88" bw="1" op_0_bw="2" op_1_bw="2">
<![CDATA[
.preheader.i:1  %exitcond1_i = icmp eq i2 %out_idx_i, -2

]]></Node>
<StgValue><ssdm name="exitcond1_i"/></StgValue>
</operation>

<operation id="73" st_id="4" stage="1" lat="1">
<core>NULL</core>
<MemPortIdVec></MemPortIdVec>
<condition id="-1">
<or_exp><and_exp></and_exp></or_exp>
</condition>

<Node id="89" bw="32" op_0_bw="32" op_1_bw="64" op_2_bw="64" op_3_bw="64">
<![CDATA[
.preheader.i:2  %empty_69 = call i32 (...)* @_ssdm_op_SpecLoopTripCount(i64 2, i64 2, i64 2)

]]></Node>
<StgValue><ssdm name="empty_69"/></StgValue>
</operation>

<operation id="74" st_id="4" stage="1" lat="1">
<core>AddSub</core>
<MemPortIdVec></MemPortIdVec>
<condition id="-1">
<or_exp><and_exp></and_exp></or_exp>
</condition>

<Node id="90" bw="2" op_0_bw="2" op_1_bw="2">
<![CDATA[
.preheader.i:3  %out_idx = add i2 %out_idx_i, 1

]]></Node>
<StgValue><ssdm name="out_idx"/></StgValue>
</operation>

<operation id="75" st_id="4" stage="1" lat="1">
<core>NULL</core>
<MemPortIdVec></MemPortIdVec>
<condition id="-1">
<or_exp><and_exp></and_exp></or_exp>
</condition>

<Node id="91" bw="0" op_0_bw="1" op_1_bw="0" op_2_bw="0">
<![CDATA[
.preheader.i:4  br i1 %exitcond1_i, label %"fc_layer<16, 2>.exit", label %_ZN8ap_fixedILi32ELi16EL9ap_q_mode5EL9ap_o_mode3ELi0EEC1ILi32ELi11ELb1ELS0_5ELS1_3ELi0EEERK13ap_fixed_baseIXT_EXT0_EXT1_EXT2_EXT3_EXT4_EE.exit.i

]]></Node>
<StgValue><ssdm name=""/></StgValue>
</operation>

<operation id="76" st_id="4" stage="1" lat="1">
<core>NULL</core>
<MemPortIdVec></MemPortIdVec>
<condition id="-1">
<or_exp><and_exp><literal name="exitcond1_i" val="0"/>
</and_exp></or_exp>
</condition>

<Node id="93" bw="64" op_0_bw="2">
<![CDATA[
_ZN8ap_fixedILi32ELi16EL9ap_q_mode5EL9ap_o_mode3ELi0EEC1ILi32ELi11ELb1ELS0_5ELS1_3ELi0EEERK13ap_fixed_baseIXT_EXT0_EXT1_EXT2_EXT3_EXT4_EE.exit.i:0  %tmp_i = zext i2 %out_idx_i to i64

]]></Node>
<StgValue><ssdm name="tmp_i"/></StgValue>
</operation>

<operation id="77" st_id="4" stage="1" lat="1">
<core>NULL</core>
<MemPortIdVec></MemPortIdVec>
<condition id="-1">
<or_exp><and_exp><literal name="exitcond1_i" val="0"/>
</and_exp></or_exp>
</condition>

<Node id="96" bw="1" op_0_bw="19" op_1_bw="64" op_2_bw="64">
<![CDATA[
_ZN8ap_fixedILi32ELi16EL9ap_q_mode5EL9ap_o_mode3ELi0EEC1ILi32ELi11ELb1ELS0_5ELS1_3ELi0EEERK13ap_fixed_baseIXT_EXT0_EXT1_EXT2_EXT3_EXT4_EE.exit.i:3  %fc_bias_V_addr = getelementptr [2 x i19]* @fc_bias_V, i64 0, i64 %tmp_i

]]></Node>
<StgValue><ssdm name="fc_bias_V_addr"/></StgValue>
</operation>

<operation id="78" st_id="4" stage="2" lat="2">
<core>ROM_nP</core>
<MemPortIdVec></MemPortIdVec>
<condition id="-1">
<or_exp><and_exp><literal name="exitcond1_i" val="0"/>
</and_exp></or_exp>
</condition>

<Node id="97" bw="19" op_0_bw="1">
<![CDATA[
_ZN8ap_fixedILi32ELi16EL9ap_q_mode5EL9ap_o_mode3ELi0EEC1ILi32ELi11ELb1ELS0_5ELS1_3ELi0EEERK13ap_fixed_baseIXT_EXT0_EXT1_EXT2_EXT3_EXT4_EE.exit.i:4  %p_Val2_s = load i19* %fc_bias_V_addr, align 4

]]></Node>
<StgValue><ssdm name="p_Val2_s"/></StgValue>
</operation>

<operation id="79" st_id="4" stage="1" lat="1">
<core>NULL</core>
<MemPortIdVec></MemPortIdVec>
<condition id="-1">
<or_exp><and_exp><literal name="exitcond1_i" val="1"/>
</and_exp></or_exp>
</condition>

<Node id="145" bw="0">
<![CDATA[
fc_layer<16, 2>.exit:0  ret void

]]></Node>
<StgValue><ssdm name=""/></StgValue>
</operation>
</state>

<state id="5" st_id="5">

<operation id="80" st_id="5" stage="1" lat="1">
<core>NULL</core>
<MemPortIdVec></MemPortIdVec>
<condition id="-1">
<or_exp><and_exp></and_exp></or_exp>
</condition>

<Node id="94" bw="6" op_0_bw="6" op_1_bw="2" op_2_bw="4">
<![CDATA[
_ZN8ap_fixedILi32ELi16EL9ap_q_mode5EL9ap_o_mode3ELi0EEC1ILi32ELi11ELb1ELS0_5ELS1_3ELi0EEERK13ap_fixed_baseIXT_EXT0_EXT1_EXT2_EXT3_EXT4_EE.exit.i:1  %tmp = call i6 @_ssdm_op_BitConcatenate.i6.i2.i4(i2 %out_idx_i, i4 0)

]]></Node>
<StgValue><ssdm name="tmp"/></StgValue>
</operation>

<operation id="81" st_id="5" stage="1" lat="1">
<core>NULL</core>
<MemPortIdVec></MemPortIdVec>
<condition id="-1">
<or_exp><and_exp></and_exp></or_exp>
</condition>

<Node id="95" bw="7" op_0_bw="6">
<![CDATA[
_ZN8ap_fixedILi32ELi16EL9ap_q_mode5EL9ap_o_mode3ELi0EEC1ILi32ELi11ELb1ELS0_5ELS1_3ELi0EEERK13ap_fixed_baseIXT_EXT0_EXT1_EXT2_EXT3_EXT4_EE.exit.i:2  %tmp_6_cast = zext i6 %tmp to i7

]]></Node>
<StgValue><ssdm name="tmp_6_cast"/></StgValue>
</operation>

<operation id="82" st_id="5" stage="1" lat="2">
<core>ROM_nP</core>
<MemPortIdVec></MemPortIdVec>
<condition id="-1">
<or_exp><and_exp></and_exp></or_exp>
</condition>

<Node id="97" bw="19" op_0_bw="1">
<![CDATA[
_ZN8ap_fixedILi32ELi16EL9ap_q_mode5EL9ap_o_mode3ELi0EEC1ILi32ELi11ELb1ELS0_5ELS1_3ELi0EEERK13ap_fixed_baseIXT_EXT0_EXT1_EXT2_EXT3_EXT4_EE.exit.i:4  %p_Val2_s = load i19* %fc_bias_V_addr, align 4

]]></Node>
<StgValue><ssdm name="p_Val2_s"/></StgValue>
</operation>

<operation id="83" st_id="5" stage="1" lat="1">
<core>NULL</core>
<MemPortIdVec></MemPortIdVec>
<condition id="-1">
<or_exp><and_exp></and_exp></or_exp>
</condition>

<Node id="98" bw="14" op_0_bw="14" op_1_bw="19" op_2_bw="32" op_3_bw="32">
<![CDATA[
_ZN8ap_fixedILi32ELi16EL9ap_q_mode5EL9ap_o_mode3ELi0EEC1ILi32ELi11ELb1ELS0_5ELS1_3ELi0EEERK13ap_fixed_baseIXT_EXT0_EXT1_EXT2_EXT3_EXT4_EE.exit.i:5  %tmp_8 = call i14 @_ssdm_op_PartSelect.i14.i19.i32.i32(i19 %p_Val2_s, i32 5, i32 18)

]]></Node>
<StgValue><ssdm name="tmp_8"/></StgValue>
</operation>

<operation id="84" st_id="5" stage="1" lat="1">
<core>NULL</core>
<MemPortIdVec></MemPortIdVec>
<condition id="-1">
<or_exp><and_exp></and_exp></or_exp>
</condition>

<Node id="99" bw="32" op_0_bw="14">
<![CDATA[
_ZN8ap_fixedILi32ELi16EL9ap_q_mode5EL9ap_o_mode3ELi0EEC1ILi32ELi11ELb1ELS0_5ELS1_3ELi0EEERK13ap_fixed_baseIXT_EXT0_EXT1_EXT2_EXT3_EXT4_EE.exit.i:6  %acc_V = sext i14 %tmp_8 to i32

]]></Node>
<StgValue><ssdm name="acc_V"/></StgValue>
</operation>

<operation id="85" st_id="5" stage="1" lat="1">
<core>NULL</core>
<MemPortIdVec></MemPortIdVec>
<condition id="-1">
<or_exp><and_exp></and_exp></or_exp>
</condition>

<Node id="100" bw="0" op_0_bw="0">
<![CDATA[
_ZN8ap_fixedILi32ELi16EL9ap_q_mode5EL9ap_o_mode3ELi0EEC1ILi32ELi11ELb1ELS0_5ELS1_3ELi0EEERK13ap_fixed_baseIXT_EXT0_EXT1_EXT2_EXT3_EXT4_EE.exit.i:7  br label %1

]]></Node>
<StgValue><ssdm name=""/></StgValue>
</operation>
</state>

<state id="6" st_id="6">

<operation id="86" st_id="6" stage="1" lat="1">
<core>NULL</core>
<MemPortIdVec></MemPortIdVec>
<condition id="-1">
<or_exp><and_exp></and_exp></or_exp>
</condition>

<Node id="102" bw="32" op_0_bw="32" op_1_bw="0">
<![CDATA[
:0  %p_Val2_1 = phi i32 [ %acc_V, %_ZN8ap_fixedILi32ELi16EL9ap_q_mode5EL9ap_o_mode3ELi0EEC1ILi32ELi11ELb1ELS0_5ELS1_3ELi0EEERK13ap_fixed_baseIXT_EXT0_EXT1_EXT2_EXT3_EXT4_EE.exit.i ], [ %acc_V_1, %_ZN13ap_fixed_baseILi65ELi23ELb1EL9ap_q_mode5EL9ap_o_mode3ELi0EEC1ILi32ELi16ELb1ELS0_5ELS1_3ELi0EEERKS_IXT_EXT0_EXT1_EXT2_EXT3_EXT4_EE.exit.i.i.i ]

]]></Node>
<StgValue><ssdm name="p_Val2_1"/></StgValue>
</operation>

<operation id="87" st_id="6" stage="1" lat="1">
<core>NULL</core>
<MemPortIdVec></MemPortIdVec>
<condition id="-1">
<or_exp><and_exp></and_exp></or_exp>
</condition>

<Node id="103" bw="5" op_0_bw="5" op_1_bw="0">
<![CDATA[
:1  %in_idx_i = phi i5 [ 0, %_ZN8ap_fixedILi32ELi16EL9ap_q_mode5EL9ap_o_mode3ELi0EEC1ILi32ELi11ELb1ELS0_5ELS1_3ELi0EEERK13ap_fixed_baseIXT_EXT0_EXT1_EXT2_EXT3_EXT4_EE.exit.i ], [ %in_idx, %_ZN13ap_fixed_baseILi65ELi23ELb1EL9ap_q_mode5EL9ap_o_mode3ELi0EEC1ILi32ELi16ELb1ELS0_5ELS1_3ELi0EEERKS_IXT_EXT0_EXT1_EXT2_EXT3_EXT4_EE.exit.i.i.i ]

]]></Node>
<StgValue><ssdm name="in_idx_i"/></StgValue>
</operation>

<operation id="88" st_id="6" stage="1" lat="1">
<core>Cmp</core>
<MemPortIdVec></MemPortIdVec>
<condition id="-1">
<or_exp><and_exp></and_exp></or_exp>
</condition>

<Node id="104" bw="1" op_0_bw="5" op_1_bw="5">
<![CDATA[
:2  %exitcond_i = icmp eq i5 %in_idx_i, -16

]]></Node>
<StgValue><ssdm name="exitcond_i"/></StgValue>
</operation>

<operation id="89" st_id="6" stage="1" lat="1">
<core>NULL</core>
<MemPortIdVec></MemPortIdVec>
<condition id="-1">
<or_exp><and_exp></and_exp></or_exp>
</condition>

<Node id="105" bw="32" op_0_bw="32" op_1_bw="64" op_2_bw="64" op_3_bw="64">
<![CDATA[
:3  %empty_70 = call i32 (...)* @_ssdm_op_SpecLoopTripCount(i64 16, i64 16, i64 16)

]]></Node>
<StgValue><ssdm name="empty_70"/></StgValue>
</operation>

<operation id="90" st_id="6" stage="1" lat="1">
<core>AddSub</core>
<MemPortIdVec></MemPortIdVec>
<condition id="-1">
<or_exp><and_exp></and_exp></or_exp>
</condition>

<Node id="106" bw="5" op_0_bw="5" op_1_bw="5">
<![CDATA[
:4  %in_idx = add i5 %in_idx_i, 1

]]></Node>
<StgValue><ssdm name="in_idx"/></StgValue>
</operation>

<operation id="91" st_id="6" stage="1" lat="1">
<core>NULL</core>
<MemPortIdVec></MemPortIdVec>
<condition id="-1">
<or_exp><and_exp></and_exp></or_exp>
</condition>

<Node id="107" bw="0" op_0_bw="1" op_1_bw="0" op_2_bw="0">
<![CDATA[
:5  br i1 %exitcond_i, label %_ZN8ap_fixedILi32ELi11EL9ap_q_mode5EL9ap_o_mode3ELi0EEC1ILi32ELi16ELb1ELS0_5ELS1_3ELi0EEERK13ap_fixed_baseIXT_EXT0_EXT1_EXT2_EXT3_EXT4_EE.exit.i, label %_ZN13ap_fixed_baseILi65ELi23ELb1EL9ap_q_mode5EL9ap_o_mode3ELi0EEC1ILi32ELi16ELb1ELS0_5ELS1_3ELi0EEERKS_IXT_EXT0_EXT1_EXT2_EXT3_EXT4_EE.exit.i.i.i

]]></Node>
<StgValue><ssdm name=""/></StgValue>
</operation>

<operation id="92" st_id="6" stage="1" lat="1">
<core>NULL</core>
<MemPortIdVec></MemPortIdVec>
<condition id="-1">
<or_exp><and_exp><literal name="exitcond_i" val="0"/>
</and_exp></or_exp>
</condition>

<Node id="125" bw="7" op_0_bw="5">
<![CDATA[
_ZN13ap_fixed_baseILi65ELi23ELb1EL9ap_q_mode5EL9ap_o_mode3ELi0EEC1ILi32ELi16ELb1ELS0_5ELS1_3ELi0EEERKS_IXT_EXT0_EXT1_EXT2_EXT3_EXT4_EE.exit.i.i.i:16  %tmp_2_i_cast = zext i5 %in_idx_i to i7

]]></Node>
<StgValue><ssdm name="tmp_2_i_cast"/></StgValue>
</operation>

<operation id="93" st_id="6" stage="1" lat="1">
<core>AddSub</core>
<MemPortIdVec></MemPortIdVec>
<condition id="-1">
<or_exp><and_exp><literal name="exitcond_i" val="0"/>
</and_exp></or_exp>
</condition>

<Node id="126" bw="7" op_0_bw="7" op_1_bw="7">
<![CDATA[
_ZN13ap_fixed_baseILi65ELi23ELb1EL9ap_q_mode5EL9ap_o_mode3ELi0EEC1ILi32ELi16ELb1ELS0_5ELS1_3ELi0EEERKS_IXT_EXT0_EXT1_EXT2_EXT3_EXT4_EE.exit.i.i.i:17  %tmp_s = add i7 %tmp_6_cast, %tmp_2_i_cast

]]></Node>
<StgValue><ssdm name="tmp_s"/></StgValue>
</operation>

<operation id="94" st_id="6" stage="1" lat="1">
<core>NULL</core>
<MemPortIdVec></MemPortIdVec>
<condition id="-1">
<or_exp><and_exp><literal name="exitcond_i" val="0"/>
</and_exp></or_exp>
</condition>

<Node id="127" bw="64" op_0_bw="7">
<![CDATA[
_ZN13ap_fixed_baseILi65ELi23ELb1EL9ap_q_mode5EL9ap_o_mode3ELi0EEC1ILi32ELi16ELb1ELS0_5ELS1_3ELi0EEERKS_IXT_EXT0_EXT1_EXT2_EXT3_EXT4_EE.exit.i.i.i:18  %tmp_10_cast = zext i7 %tmp_s to i64

]]></Node>
<StgValue><ssdm name="tmp_10_cast"/></StgValue>
</operation>

<operation id="95" st_id="6" stage="1" lat="1">
<core>NULL</core>
<MemPortIdVec></MemPortIdVec>
<condition id="-1">
<or_exp><and_exp><literal name="exitcond_i" val="0"/>
</and_exp></or_exp>
</condition>

<Node id="128" bw="5" op_0_bw="22" op_1_bw="64" op_2_bw="64">
<![CDATA[
_ZN13ap_fixed_baseILi65ELi23ELb1EL9ap_q_mode5EL9ap_o_mode3ELi0EEC1ILi32ELi16ELb1ELS0_5ELS1_3ELi0EEERKS_IXT_EXT0_EXT1_EXT2_EXT3_EXT4_EE.exit.i.i.i:19  %fc_weight_V_addr = getelementptr [32 x i22]* @fc_weight_V, i64 0, i64 %tmp_10_cast

]]></Node>
<StgValue><ssdm name="fc_weight_V_addr"/></StgValue>
</operation>

<operation id="96" st_id="6" stage="1" lat="1">
<core>NULL</core>
<MemPortIdVec></MemPortIdVec>
<condition id="-1">
<or_exp><and_exp><literal name="exitcond_i" val="0"/>
</and_exp></or_exp>
</condition>

<Node id="129" bw="4" op_0_bw="5">
<![CDATA[
_ZN13ap_fixed_baseILi65ELi23ELb1EL9ap_q_mode5EL9ap_o_mode3ELi0EEC1ILi32ELi16ELb1ELS0_5ELS1_3ELi0EEERKS_IXT_EXT0_EXT1_EXT2_EXT3_EXT4_EE.exit.i.i.i:20  %tmp_14 = trunc i5 %in_idx_i to i4

]]></Node>
<StgValue><ssdm name="tmp_14"/></StgValue>
</operation>

<operation id="97" st_id="6" stage="2" lat="2">
<core>ROM_nP</core>
<MemPortIdVec></MemPortIdVec>
<condition id="-1">
<or_exp><and_exp><literal name="exitcond_i" val="0"/>
</and_exp></or_exp>
</condition>

<Node id="132" bw="22" op_0_bw="5">
<![CDATA[
_ZN13ap_fixed_baseILi65ELi23ELb1EL9ap_q_mode5EL9ap_o_mode3ELi0EEC1ILi32ELi16ELb1ELS0_5ELS1_3ELi0EEERKS_IXT_EXT0_EXT1_EXT2_EXT3_EXT4_EE.exit.i.i.i:23  %fc_weight_V_load = load i22* %fc_weight_V_addr, align 4

]]></Node>
<StgValue><ssdm name="fc_weight_V_load"/></StgValue>
</operation>

<operation id="98" st_id="6" stage="1" lat="1">
<core>NULL</core>
<MemPortIdVec></MemPortIdVec>
<condition id="-1">
<or_exp><and_exp><literal name="exitcond_i" val="1"/>
</and_exp></or_exp>
</condition>

<Node id="141" bw="32" op_0_bw="32" op_1_bw="32">
<![CDATA[
_ZN8ap_fixedILi32ELi11EL9ap_q_mode5EL9ap_o_mode3ELi0EEC1ILi32ELi16ELb1ELS0_5ELS1_3ELi0EEERK13ap_fixed_baseIXT_EXT0_EXT1_EXT2_EXT3_EXT4_EE.exit.i:0  %tmp_V_58 = shl i32 %p_Val2_1, 5

]]></Node>
<StgValue><ssdm name="tmp_V_58"/></StgValue>
</operation>

<operation id="99" st_id="6" stage="1" lat="1">
<core>FIFO_SRL</core>
<MemPortIdVec></MemPortIdVec>
<condition id="-1">
<or_exp><and_exp><literal name="exitcond_i" val="1"/>
</and_exp></or_exp>
</condition>

<Node id="142" bw="0" op_0_bw="0" op_1_bw="32" op_2_bw="32">
<![CDATA[
_ZN8ap_fixedILi32ELi11EL9ap_q_mode5EL9ap_o_mode3ELi0EEC1ILi32ELi16ELb1ELS0_5ELS1_3ELi0EEERK13ap_fixed_baseIXT_EXT0_EXT1_EXT2_EXT3_EXT4_EE.exit.i:1  call void @_ssdm_op_Write.ap_fifo.volatile.i32P(i32* @fc_out_V_V, i32 %tmp_V_58)

]]></Node>
<StgValue><ssdm name=""/></StgValue>
</operation>

<operation id="100" st_id="6" stage="1" lat="1">
<core>NULL</core>
<MemPortIdVec></MemPortIdVec>
<condition id="-1">
<or_exp><and_exp><literal name="exitcond_i" val="1"/>
</and_exp></or_exp>
</condition>

<Node id="143" bw="0" op_0_bw="0">
<![CDATA[
_ZN8ap_fixedILi32ELi11EL9ap_q_mode5EL9ap_o_mode3ELi0EEC1ILi32ELi16ELb1ELS0_5ELS1_3ELi0EEERK13ap_fixed_baseIXT_EXT0_EXT1_EXT2_EXT3_EXT4_EE.exit.i:2  br label %.preheader.i

]]></Node>
<StgValue><ssdm name=""/></StgValue>
</operation>
</state>

<state id="7" st_id="7">

<operation id="101" st_id="7" stage="1" lat="1">
<core>NULL</core>
<MemPortIdVec></MemPortIdVec>
<condition id="-1">
<or_exp><and_exp></and_exp></or_exp>
</condition>

<Node id="109" bw="32" op_0_bw="32">
<![CDATA[
_ZN13ap_fixed_baseILi65ELi23ELb1EL9ap_q_mode5EL9ap_o_mode3ELi0EEC1ILi32ELi16ELb1ELS0_5ELS1_3ELi0EEERKS_IXT_EXT0_EXT1_EXT2_EXT3_EXT4_EE.exit.i.i.i:0  %tmp_V_load = load i32* %tmp_V

]]></Node>
<StgValue><ssdm name="tmp_V_load"/></StgValue>
</operation>

<operation id="102" st_id="7" stage="1" lat="1">
<core>NULL</core>
<MemPortIdVec></MemPortIdVec>
<condition id="-1">
<or_exp><and_exp></and_exp></or_exp>
</condition>

<Node id="110" bw="32" op_0_bw="32">
<![CDATA[
_ZN13ap_fixed_baseILi65ELi23ELb1EL9ap_q_mode5EL9ap_o_mode3ELi0EEC1ILi32ELi16ELb1ELS0_5ELS1_3ELi0EEERKS_IXT_EXT0_EXT1_EXT2_EXT3_EXT4_EE.exit.i.i.i:1  %tmp_V_42_load = load i32* %tmp_V_42

]]></Node>
<StgValue><ssdm name="tmp_V_42_load"/></StgValue>
</operation>

<operation id="103" st_id="7" stage="1" lat="1">
<core>NULL</core>
<MemPortIdVec></MemPortIdVec>
<condition id="-1">
<or_exp><and_exp></and_exp></or_exp>
</condition>

<Node id="111" bw="32" op_0_bw="32">
<![CDATA[
_ZN13ap_fixed_baseILi65ELi23ELb1EL9ap_q_mode5EL9ap_o_mode3ELi0EEC1ILi32ELi16ELb1ELS0_5ELS1_3ELi0EEERKS_IXT_EXT0_EXT1_EXT2_EXT3_EXT4_EE.exit.i.i.i:2  %tmp_V_43_load = load i32* %tmp_V_43

]]></Node>
<StgValue><ssdm name="tmp_V_43_load"/></StgValue>
</operation>

<operation id="104" st_id="7" stage="1" lat="1">
<core>NULL</core>
<MemPortIdVec></MemPortIdVec>
<condition id="-1">
<or_exp><and_exp></and_exp></or_exp>
</condition>

<Node id="112" bw="32" op_0_bw="32">
<![CDATA[
_ZN13ap_fixed_baseILi65ELi23ELb1EL9ap_q_mode5EL9ap_o_mode3ELi0EEC1ILi32ELi16ELb1ELS0_5ELS1_3ELi0EEERKS_IXT_EXT0_EXT1_EXT2_EXT3_EXT4_EE.exit.i.i.i:3  %tmp_V_44_load = load i32* %tmp_V_44

]]></Node>
<StgValue><ssdm name="tmp_V_44_load"/></StgValue>
</operation>

<operation id="105" st_id="7" stage="1" lat="1">
<core>NULL</core>
<MemPortIdVec></MemPortIdVec>
<condition id="-1">
<or_exp><and_exp></and_exp></or_exp>
</condition>

<Node id="113" bw="32" op_0_bw="32">
<![CDATA[
_ZN13ap_fixed_baseILi65ELi23ELb1EL9ap_q_mode5EL9ap_o_mode3ELi0EEC1ILi32ELi16ELb1ELS0_5ELS1_3ELi0EEERKS_IXT_EXT0_EXT1_EXT2_EXT3_EXT4_EE.exit.i.i.i:4  %tmp_V_45_load = load i32* %tmp_V_45

]]></Node>
<StgValue><ssdm name="tmp_V_45_load"/></StgValue>
</operation>

<operation id="106" st_id="7" stage="1" lat="1">
<core>NULL</core>
<MemPortIdVec></MemPortIdVec>
<condition id="-1">
<or_exp><and_exp></and_exp></or_exp>
</condition>

<Node id="114" bw="32" op_0_bw="32">
<![CDATA[
_ZN13ap_fixed_baseILi65ELi23ELb1EL9ap_q_mode5EL9ap_o_mode3ELi0EEC1ILi32ELi16ELb1ELS0_5ELS1_3ELi0EEERKS_IXT_EXT0_EXT1_EXT2_EXT3_EXT4_EE.exit.i.i.i:5  %tmp_V_46_load = load i32* %tmp_V_46

]]></Node>
<StgValue><ssdm name="tmp_V_46_load"/></StgValue>
</operation>

<operation id="107" st_id="7" stage="1" lat="1">
<core>NULL</core>
<MemPortIdVec></MemPortIdVec>
<condition id="-1">
<or_exp><and_exp></and_exp></or_exp>
</condition>

<Node id="115" bw="32" op_0_bw="32">
<![CDATA[
_ZN13ap_fixed_baseILi65ELi23ELb1EL9ap_q_mode5EL9ap_o_mode3ELi0EEC1ILi32ELi16ELb1ELS0_5ELS1_3ELi0EEERKS_IXT_EXT0_EXT1_EXT2_EXT3_EXT4_EE.exit.i.i.i:6  %tmp_V_47_load = load i32* %tmp_V_47

]]></Node>
<StgValue><ssdm name="tmp_V_47_load"/></StgValue>
</operation>

<operation id="108" st_id="7" stage="1" lat="1">
<core>NULL</core>
<MemPortIdVec></MemPortIdVec>
<condition id="-1">
<or_exp><and_exp></and_exp></or_exp>
</condition>

<Node id="116" bw="32" op_0_bw="32">
<![CDATA[
_ZN13ap_fixed_baseILi65ELi23ELb1EL9ap_q_mode5EL9ap_o_mode3ELi0EEC1ILi32ELi16ELb1ELS0_5ELS1_3ELi0EEERKS_IXT_EXT0_EXT1_EXT2_EXT3_EXT4_EE.exit.i.i.i:7  %tmp_V_48_load = load i32* %tmp_V_48

]]></Node>
<StgValue><ssdm name="tmp_V_48_load"/></StgValue>
</operation>

<operation id="109" st_id="7" stage="1" lat="1">
<core>NULL</core>
<MemPortIdVec></MemPortIdVec>
<condition id="-1">
<or_exp><and_exp></and_exp></or_exp>
</condition>

<Node id="117" bw="32" op_0_bw="32">
<![CDATA[
_ZN13ap_fixed_baseILi65ELi23ELb1EL9ap_q_mode5EL9ap_o_mode3ELi0EEC1ILi32ELi16ELb1ELS0_5ELS1_3ELi0EEERKS_IXT_EXT0_EXT1_EXT2_EXT3_EXT4_EE.exit.i.i.i:8  %tmp_V_49_load = load i32* %tmp_V_49

]]></Node>
<StgValue><ssdm name="tmp_V_49_load"/></StgValue>
</operation>

<operation id="110" st_id="7" stage="1" lat="1">
<core>NULL</core>
<MemPortIdVec></MemPortIdVec>
<condition id="-1">
<or_exp><and_exp></and_exp></or_exp>
</condition>

<Node id="118" bw="32" op_0_bw="32">
<![CDATA[
_ZN13ap_fixed_baseILi65ELi23ELb1EL9ap_q_mode5EL9ap_o_mode3ELi0EEC1ILi32ELi16ELb1ELS0_5ELS1_3ELi0EEERKS_IXT_EXT0_EXT1_EXT2_EXT3_EXT4_EE.exit.i.i.i:9  %tmp_V_50_load = load i32* %tmp_V_50

]]></Node>
<StgValue><ssdm name="tmp_V_50_load"/></StgValue>
</operation>

<operation id="111" st_id="7" stage="1" lat="1">
<core>NULL</core>
<MemPortIdVec></MemPortIdVec>
<condition id="-1">
<or_exp><and_exp></and_exp></or_exp>
</condition>

<Node id="119" bw="32" op_0_bw="32">
<![CDATA[
_ZN13ap_fixed_baseILi65ELi23ELb1EL9ap_q_mode5EL9ap_o_mode3ELi0EEC1ILi32ELi16ELb1ELS0_5ELS1_3ELi0EEERKS_IXT_EXT0_EXT1_EXT2_EXT3_EXT4_EE.exit.i.i.i:10  %tmp_V_51_load = load i32* %tmp_V_51

]]></Node>
<StgValue><ssdm name="tmp_V_51_load"/></StgValue>
</operation>

<operation id="112" st_id="7" stage="1" lat="1">
<core>NULL</core>
<MemPortIdVec></MemPortIdVec>
<condition id="-1">
<or_exp><and_exp></and_exp></or_exp>
</condition>

<Node id="120" bw="32" op_0_bw="32">
<![CDATA[
_ZN13ap_fixed_baseILi65ELi23ELb1EL9ap_q_mode5EL9ap_o_mode3ELi0EEC1ILi32ELi16ELb1ELS0_5ELS1_3ELi0EEERKS_IXT_EXT0_EXT1_EXT2_EXT3_EXT4_EE.exit.i.i.i:11  %tmp_V_52_load = load i32* %tmp_V_52

]]></Node>
<StgValue><ssdm name="tmp_V_52_load"/></StgValue>
</operation>

<operation id="113" st_id="7" stage="1" lat="1">
<core>NULL</core>
<MemPortIdVec></MemPortIdVec>
<condition id="-1">
<or_exp><and_exp></and_exp></or_exp>
</condition>

<Node id="121" bw="32" op_0_bw="32">
<![CDATA[
_ZN13ap_fixed_baseILi65ELi23ELb1EL9ap_q_mode5EL9ap_o_mode3ELi0EEC1ILi32ELi16ELb1ELS0_5ELS1_3ELi0EEERKS_IXT_EXT0_EXT1_EXT2_EXT3_EXT4_EE.exit.i.i.i:12  %tmp_V_53_load = load i32* %tmp_V_53

]]></Node>
<StgValue><ssdm name="tmp_V_53_load"/></StgValue>
</operation>

<operation id="114" st_id="7" stage="1" lat="1">
<core>NULL</core>
<MemPortIdVec></MemPortIdVec>
<condition id="-1">
<or_exp><and_exp></and_exp></or_exp>
</condition>

<Node id="122" bw="32" op_0_bw="32">
<![CDATA[
_ZN13ap_fixed_baseILi65ELi23ELb1EL9ap_q_mode5EL9ap_o_mode3ELi0EEC1ILi32ELi16ELb1ELS0_5ELS1_3ELi0EEERKS_IXT_EXT0_EXT1_EXT2_EXT3_EXT4_EE.exit.i.i.i:13  %tmp_V_54_load = load i32* %tmp_V_54

]]></Node>
<StgValue><ssdm name="tmp_V_54_load"/></StgValue>
</operation>

<operation id="115" st_id="7" stage="1" lat="1">
<core>NULL</core>
<MemPortIdVec></MemPortIdVec>
<condition id="-1">
<or_exp><and_exp></and_exp></or_exp>
</condition>

<Node id="123" bw="32" op_0_bw="32">
<![CDATA[
_ZN13ap_fixed_baseILi65ELi23ELb1EL9ap_q_mode5EL9ap_o_mode3ELi0EEC1ILi32ELi16ELb1ELS0_5ELS1_3ELi0EEERKS_IXT_EXT0_EXT1_EXT2_EXT3_EXT4_EE.exit.i.i.i:14  %tmp_V_55_load = load i32* %tmp_V_55

]]></Node>
<StgValue><ssdm name="tmp_V_55_load"/></StgValue>
</operation>

<operation id="116" st_id="7" stage="1" lat="1">
<core>NULL</core>
<MemPortIdVec></MemPortIdVec>
<condition id="-1">
<or_exp><and_exp></and_exp></or_exp>
</condition>

<Node id="124" bw="32" op_0_bw="32">
<![CDATA[
_ZN13ap_fixed_baseILi65ELi23ELb1EL9ap_q_mode5EL9ap_o_mode3ELi0EEC1ILi32ELi16ELb1ELS0_5ELS1_3ELi0EEERKS_IXT_EXT0_EXT1_EXT2_EXT3_EXT4_EE.exit.i.i.i:15  %tmp_V_56_load = load i32* %tmp_V_56

]]></Node>
<StgValue><ssdm name="tmp_V_56_load"/></StgValue>
</operation>

<operation id="117" st_id="7" stage="1" lat="1">
<core>MuxnS</core>
<MemPortIdVec></MemPortIdVec>
<condition id="-1">
<or_exp><and_exp></and_exp></or_exp>
</condition>

<Node id="130" bw="32" op_0_bw="32" op_1_bw="32" op_2_bw="32" op_3_bw="32" op_4_bw="32" op_5_bw="32" op_6_bw="32" op_7_bw="32" op_8_bw="32" op_9_bw="32" op_10_bw="32" op_11_bw="32" op_12_bw="32" op_13_bw="32" op_14_bw="32" op_15_bw="32" op_16_bw="32" op_17_bw="4">
<![CDATA[
_ZN13ap_fixed_baseILi65ELi23ELb1EL9ap_q_mode5EL9ap_o_mode3ELi0EEC1ILi32ELi16ELb1ELS0_5ELS1_3ELi0EEERKS_IXT_EXT0_EXT1_EXT2_EXT3_EXT4_EE.exit.i.i.i:21  %tmp_9 = call i32 @_ssdm_op_Mux.ap_auto.16i32.i4(i32 %tmp_V_load, i32 %tmp_V_42_load, i32 %tmp_V_43_load, i32 %tmp_V_44_load, i32 %tmp_V_45_load, i32 %tmp_V_46_load, i32 %tmp_V_47_load, i32 %tmp_V_48_load, i32 %tmp_V_49_load, i32 %tmp_V_50_load, i32 %tmp_V_51_load, i32 %tmp_V_52_load, i32 %tmp_V_53_load, i32 %tmp_V_54_load, i32 %tmp_V_55_load, i32 %tmp_V_56_load, i4 %tmp_14)

]]></Node>
<StgValue><ssdm name="tmp_9"/></StgValue>
</operation>

<operation id="118" st_id="7" stage="1" lat="2">
<core>ROM_nP</core>
<MemPortIdVec></MemPortIdVec>
<condition id="-1">
<or_exp><and_exp></and_exp></or_exp>
</condition>

<Node id="132" bw="22" op_0_bw="5">
<![CDATA[
_ZN13ap_fixed_baseILi65ELi23ELb1EL9ap_q_mode5EL9ap_o_mode3ELi0EEC1ILi32ELi16ELb1ELS0_5ELS1_3ELi0EEERKS_IXT_EXT0_EXT1_EXT2_EXT3_EXT4_EE.exit.i.i.i:23  %fc_weight_V_load = load i22* %fc_weight_V_addr, align 4

]]></Node>
<StgValue><ssdm name="fc_weight_V_load"/></StgValue>
</operation>
</state>

<state id="8" st_id="8">

<operation id="119" st_id="8" stage="1" lat="1">
<core>NULL</core>
<MemPortIdVec></MemPortIdVec>
<condition id="-1">
<or_exp><and_exp></and_exp></or_exp>
</condition>

<Node id="131" bw="53" op_0_bw="32">
<![CDATA[
_ZN13ap_fixed_baseILi65ELi23ELb1EL9ap_q_mode5EL9ap_o_mode3ELi0EEC1ILi32ELi16ELb1ELS0_5ELS1_3ELi0EEERKS_IXT_EXT0_EXT1_EXT2_EXT3_EXT4_EE.exit.i.i.i:22  %r_V_cast_i = sext i32 %tmp_9 to i53

]]></Node>
<StgValue><ssdm name="r_V_cast_i"/></StgValue>
</operation>

<operation id="120" st_id="8" stage="1" lat="1">
<core>NULL</core>
<MemPortIdVec></MemPortIdVec>
<condition id="-1">
<or_exp><and_exp></and_exp></or_exp>
</condition>

<Node id="133" bw="53" op_0_bw="22">
<![CDATA[
_ZN13ap_fixed_baseILi65ELi23ELb1EL9ap_q_mode5EL9ap_o_mode3ELi0EEC1ILi32ELi16ELb1ELS0_5ELS1_3ELi0EEERKS_IXT_EXT0_EXT1_EXT2_EXT3_EXT4_EE.exit.i.i.i:24  %tmp_3_cast_i = sext i22 %fc_weight_V_load to i53

]]></Node>
<StgValue><ssdm name="tmp_3_cast_i"/></StgValue>
</operation>

<operation id="121" st_id="8" stage="1" lat="1">
<core>Mul</core>
<MemPortIdVec></MemPortIdVec>
<condition id="-1">
<or_exp><and_exp></and_exp></or_exp>
</condition>

<Node id="134" bw="53" op_0_bw="53" op_1_bw="53">
<![CDATA[
_ZN13ap_fixed_baseILi65ELi23ELb1EL9ap_q_mode5EL9ap_o_mode3ELi0EEC1ILi32ELi16ELb1ELS0_5ELS1_3ELi0EEERKS_IXT_EXT0_EXT1_EXT2_EXT3_EXT4_EE.exit.i.i.i:25  %r_V = mul i53 %tmp_3_cast_i, %r_V_cast_i

]]></Node>
<StgValue><ssdm name="r_V"/></StgValue>
</operation>
</state>

<state id="9" st_id="9">

<operation id="122" st_id="9" stage="1" lat="1">
<core>NULL</core>
<MemPortIdVec></MemPortIdVec>
<condition id="-1">
<or_exp><and_exp></and_exp></or_exp>
</condition>

<Node id="135" bw="58" op_0_bw="58" op_1_bw="32" op_2_bw="26">
<![CDATA[
_ZN13ap_fixed_baseILi65ELi23ELb1EL9ap_q_mode5EL9ap_o_mode3ELi0EEC1ILi32ELi16ELb1ELS0_5ELS1_3ELi0EEERKS_IXT_EXT0_EXT1_EXT2_EXT3_EXT4_EE.exit.i.i.i:26  %lhs_V = call i58 @_ssdm_op_BitConcatenate.i58.i32.i26(i32 %p_Val2_1, i26 0)

]]></Node>
<StgValue><ssdm name="lhs_V"/></StgValue>
</operation>

<operation id="123" st_id="9" stage="1" lat="1">
<core>NULL</core>
<MemPortIdVec></MemPortIdVec>
<condition id="-1">
<or_exp><and_exp></and_exp></or_exp>
</condition>

<Node id="136" bw="58" op_0_bw="53">
<![CDATA[
_ZN13ap_fixed_baseILi65ELi23ELb1EL9ap_q_mode5EL9ap_o_mode3ELi0EEC1ILi32ELi16ELb1ELS0_5ELS1_3ELi0EEERKS_IXT_EXT0_EXT1_EXT2_EXT3_EXT4_EE.exit.i.i.i:27  %tmp_4_cast_i = sext i53 %r_V to i58

]]></Node>
<StgValue><ssdm name="tmp_4_cast_i"/></StgValue>
</operation>

<operation id="124" st_id="9" stage="1" lat="1">
<core>AddSub</core>
<MemPortIdVec></MemPortIdVec>
<condition id="-1">
<or_exp><and_exp></and_exp></or_exp>
</condition>

<Node id="137" bw="58" op_0_bw="58" op_1_bw="58">
<![CDATA[
_ZN13ap_fixed_baseILi65ELi23ELb1EL9ap_q_mode5EL9ap_o_mode3ELi0EEC1ILi32ELi16ELb1ELS0_5ELS1_3ELi0EEERKS_IXT_EXT0_EXT1_EXT2_EXT3_EXT4_EE.exit.i.i.i:28  %ret_V = add i58 %tmp_4_cast_i, %lhs_V

]]></Node>
<StgValue><ssdm name="ret_V"/></StgValue>
</operation>

<operation id="125" st_id="9" stage="1" lat="1">
<core>NULL</core>
<MemPortIdVec></MemPortIdVec>
<condition id="-1">
<or_exp><and_exp></and_exp></or_exp>
</condition>

<Node id="138" bw="32" op_0_bw="32" op_1_bw="58" op_2_bw="32" op_3_bw="32">
<![CDATA[
_ZN13ap_fixed_baseILi65ELi23ELb1EL9ap_q_mode5EL9ap_o_mode3ELi0EEC1ILi32ELi16ELb1ELS0_5ELS1_3ELi0EEERKS_IXT_EXT0_EXT1_EXT2_EXT3_EXT4_EE.exit.i.i.i:29  %acc_V_1 = call i32 @_ssdm_op_PartSelect.i32.i58.i32.i32(i58 %ret_V, i32 26, i32 57)

]]></Node>
<StgValue><ssdm name="acc_V_1"/></StgValue>
</operation>

<operation id="126" st_id="9" stage="1" lat="1">
<core>NULL</core>
<MemPortIdVec></MemPortIdVec>
<condition id="-1">
<or_exp><and_exp></and_exp></or_exp>
</condition>

<Node id="139" bw="0" op_0_bw="0">
<![CDATA[
_ZN13ap_fixed_baseILi65ELi23ELb1EL9ap_q_mode5EL9ap_o_mode3ELi0EEC1ILi32ELi16ELb1ELS0_5ELS1_3ELi0EEERKS_IXT_EXT0_EXT1_EXT2_EXT3_EXT4_EE.exit.i.i.i:30  br label %1

]]></Node>
<StgValue><ssdm name=""/></StgValue>
</operation>
</state>
</state_list>


<ports>
</ports>


<dataflows>
</dataflows>


</stg>
