<profile>

<section name = "Vivado HLS Report for 'fc_layer_16_2_s'" level="0">
<item name = "Date">Mon Aug 11 03:12:07 2025
</item>
<item name = "Version">2018.3 (Build 2405991 on Thu Dec 06 23:56:15 MST 2018)</item>
<item name = "Project">CNN_HLS2</item>
<item name = "Solution">solution1</item>
<item name = "Product family">zynq</item>
<item name = "Target device">xc7z020clg484-1</item>
</section>

<section name = "Performance Estimates" level="0">
<item name = "Timing (ns)">
<section name = "" level="1">
<item name = "Summary"><table name="" hasTotal="0">
<keys size="4">Clock, Target, Estimated, Uncertainty</keys>
<column name="ap_clk">10.00, 8.510, 1.25</column>
</table>
</item>
</section>
</item>
<item name = "Latency (clock cycles)">
<section name = "" level="1">
<item name = "Summary"><table name="" hasTotal="0">
<keys size="6">, min, max, min, max, Type</keys>
<column name="">168, 168, 168, 168, none</column>
</table>
</item>
<item name = "Detail">
<section name = "" level="1">
<item name = "Instance"><table name="" hasTotal="0">
<keys size="7">Instance, Module, min, max, min, max, Type</keys>
</table>
</item>
<item name = "Loop"><table name="" hasTotal="0">
<keys size="8">Loop Name, min, max, Latency, achieved, target, Count, Pipelined</keys>
<column name="- Loop 1">32, 32, 2, -, -, 16, no</column>
<column name="- Loop 2">134, 134, 67, -, -, 2, no</column>
<column name=" + Loop 2.1">64, 64, 4, -, -, 16, no</column>
</table>
</item>
</section>
</item>
</section>
</item>
</section>

<section name = "Utilization Estimates" level="0">
<item name = "Summary"><table name="" hasTotal="1">
<keys size="5">Name, BRAM_18K, DSP48E, FF, LUT</keys>
<column name="DSP">-, -, -, -</column>
<column name="Expression">-, 2, 0, 177</column>
<column name="FIFO">-, -, -, -</column>
<column name="Instance">-, -, 0, 65</column>
<column name="Memory">0, -, 41, 12</column>
<column name="Multiplexer">-, -, -, 119</column>
<column name="Register">-, -, 692, -</column>
<specialColumn name="Available">280, 220, 106400, 53200</specialColumn>
<specialColumn name="Utilization (%)">0, ~0, ~0, ~0</specialColumn>
</table>
</item>
<item name = "Detail">
<section name = "" level="1">
<item name = "Instance"><table name="" hasTotal="1">
<keys size="6">Instance, Module, BRAM_18K, DSP48E, FF, LUT</keys>
<column name="cnn_stream_top_mucow_U131">cnn_stream_top_mucow, 0, 0, 0, 65</column>
</table>
</item>
<item name = "DSP48"><table name="" hasTotal="0">
<keys size="3">Instance, Module, Expression</keys>
</table>
</item>
<item name = "Memory"><table name="" hasTotal="1">
<keys size="9">Memory, Module, BRAM_18K, FF, LUT, Words, Bits, Banks, W*Bits*Banks</keys>
<column name="fc_bias_V_U">fc_layer_16_2_s_fcpw, 0, 19, 1, 2, 19, 1, 38</column>
<column name="fc_weight_V_U">fc_layer_16_2_s_fcqw, 0, 22, 11, 32, 22, 1, 704</column>
</table>
</item>
<item name = "FIFO"><table name="" hasTotal="1">
<keys size="7">Name, BRAM_18K, FF, LUT, Depth, Bits, Size:D*B</keys>
</table>
</item>
<item name = "Expression"><table name="" hasTotal="1">
<keys size="7">Variable Name, Operation, DSP48E, FF, LUT, Bitwidth P0, Bitwidth P1</keys>
<column name="r_V_fu_532_p2">*, 2, 0, 20, 22, 32</column>
<column name="i_fu_271_p2">+, 0, 0, 15, 5, 1</column>
<column name="in_idx_fu_410_p2">+, 0, 0, 15, 5, 1</column>
<column name="out_idx_fu_367_p2">+, 0, 0, 10, 2, 1</column>
<column name="ret_V_fu_549_p2">+, 0, 0, 65, 58, 58</column>
<column name="tmp_s_fu_420_p2">+, 0, 0, 15, 7, 7</column>
<column name="ap_block_state2">and, 0, 0, 2, 1, 1</column>
<column name="ap_block_state6">and, 0, 0, 2, 1, 1</column>
<column name="exitcond1_i_fu_361_p2">icmp, 0, 0, 9, 2, 3</column>
<column name="exitcond9_i_fu_265_p2">icmp, 0, 0, 11, 5, 6</column>
<column name="exitcond_i_fu_404_p2">icmp, 0, 0, 11, 5, 6</column>
<column name="ap_block_state1">or, 0, 0, 2, 1, 1</column>
</table>
</item>
<item name = "Multiplexer"><table name="" hasTotal="1">
<keys size="5">Name, LUT, Input Size, Bits, Total Bits</keys>
<column name="ap_NS_fsm">47, 10, 1, 10</column>
<column name="ap_done">9, 2, 1, 2</column>
<column name="fc_out_V_V_blk_n">9, 2, 1, 2</column>
<column name="gap_out_V_V_blk_n">9, 2, 1, 2</column>
<column name="i_i_reg_221">9, 2, 5, 10</column>
<column name="in_idx_i_reg_254">9, 2, 5, 10</column>
<column name="out_idx_i_reg_232">9, 2, 2, 4</column>
<column name="p_Val2_1_reg_244">9, 2, 32, 64</column>
<column name="real_start">9, 2, 1, 2</column>
</table>
</item>
<item name = "Register"><table name="" hasTotal="1">
<keys size="5">Name, FF, LUT, Bits, Const Bits</keys>
<column name="ap_CS_fsm">9, 0, 9, 0</column>
<column name="ap_done_reg">1, 0, 1, 0</column>
<column name="fc_weight_V_load_reg_718">22, 0, 22, 0</column>
<column name="i_i_reg_221">5, 0, 5, 0</column>
<column name="i_reg_664">5, 0, 5, 0</column>
<column name="in_idx_i_reg_254">5, 0, 5, 0</column>
<column name="in_idx_reg_698">5, 0, 5, 0</column>
<column name="out_idx_i_reg_232">2, 0, 2, 0</column>
<column name="out_idx_reg_675">2, 0, 2, 0</column>
<column name="p_Val2_1_reg_244">32, 0, 32, 0</column>
<column name="r_V_reg_723">53, 0, 53, 0</column>
<column name="start_once_reg">1, 0, 1, 0</column>
<column name="tmp_14_reg_708">4, 0, 4, 0</column>
<column name="tmp_6_cast_reg_685">2, 0, 7, 5</column>
<column name="tmp_9_reg_713">32, 0, 32, 0</column>
<column name="tmp_V_42_fu_122">32, 0, 32, 0</column>
<column name="tmp_V_43_fu_126">32, 0, 32, 0</column>
<column name="tmp_V_44_fu_130">32, 0, 32, 0</column>
<column name="tmp_V_45_fu_134">32, 0, 32, 0</column>
<column name="tmp_V_46_fu_138">32, 0, 32, 0</column>
<column name="tmp_V_47_fu_142">32, 0, 32, 0</column>
<column name="tmp_V_48_fu_146">32, 0, 32, 0</column>
<column name="tmp_V_49_fu_150">32, 0, 32, 0</column>
<column name="tmp_V_50_fu_154">32, 0, 32, 0</column>
<column name="tmp_V_51_fu_158">32, 0, 32, 0</column>
<column name="tmp_V_52_fu_162">32, 0, 32, 0</column>
<column name="tmp_V_53_fu_166">32, 0, 32, 0</column>
<column name="tmp_V_54_fu_170">32, 0, 32, 0</column>
<column name="tmp_V_55_fu_174">32, 0, 32, 0</column>
<column name="tmp_V_56_fu_178">32, 0, 32, 0</column>
<column name="tmp_V_fu_118">32, 0, 32, 0</column>
</table>
</item>
</section>
</item>
</section>

<section name = "Interface" level="0">
<item name = "Summary"><table name="" hasTotal="0">
<keys size="6">RTL Ports, Dir, Bits, Protocol, Source Object, C Type</keys>
<column name="ap_clk">in, 1, ap_ctrl_hs, fc_layer&lt;16, 2&gt;, return value</column>
<column name="ap_rst">in, 1, ap_ctrl_hs, fc_layer&lt;16, 2&gt;, return value</column>
<column name="ap_start">in, 1, ap_ctrl_hs, fc_layer&lt;16, 2&gt;, return value</column>
<column name="start_full_n">in, 1, ap_ctrl_hs, fc_layer&lt;16, 2&gt;, return value</column>
<column name="ap_done">out, 1, ap_ctrl_hs, fc_layer&lt;16, 2&gt;, return value</column>
<column name="ap_continue">in, 1, ap_ctrl_hs, fc_layer&lt;16, 2&gt;, return value</column>
<column name="ap_idle">out, 1, ap_ctrl_hs, fc_layer&lt;16, 2&gt;, return value</column>
<column name="ap_ready">out, 1, ap_ctrl_hs, fc_layer&lt;16, 2&gt;, return value</column>
<column name="start_out">out, 1, ap_ctrl_hs, fc_layer&lt;16, 2&gt;, return value</column>
<column name="start_write">out, 1, ap_ctrl_hs, fc_layer&lt;16, 2&gt;, return value</column>
<column name="gap_out_V_V_dout">in, 32, ap_fifo, gap_out_V_V, pointer</column>
<column name="gap_out_V_V_empty_n">in, 1, ap_fifo, gap_out_V_V, pointer</column>
<column name="gap_out_V_V_read">out, 1, ap_fifo, gap_out_V_V, pointer</column>
<column name="fc_out_V_V_din">out, 32, ap_fifo, fc_out_V_V, pointer</column>
<column name="fc_out_V_V_full_n">in, 1, ap_fifo, fc_out_V_V, pointer</column>
<column name="fc_out_V_V_write">out, 1, ap_fifo, fc_out_V_V, pointer</column>
</table>
</item>
</section>
</profile>
