<stg><name>fc_layer<16, 2></name>


<trans_list>

<trans id="127" from="1" to="2">
<condition id="-1">
<or_exp><and_exp></and_exp></or_exp>
</condition>
</trans>

<trans id="128" from="2" to="3">
<condition id="-1">
<or_exp><and_exp><literal name="exitcond9_i" val="0"/>
</and_exp></or_exp>
</condition>
</trans>

<trans id="145" from="2" to="4">
<condition id="-1">
<or_exp><and_exp><literal name="exitcond9_i" val="1"/>
</and_exp></or_exp>
</condition>
</trans>

<trans id="144" from="3" to="2">
<condition id="-1">
<or_exp><and_exp></and_exp></or_exp>
</condition>
</trans>

<trans id="146" from="4" to="5">
<condition id="-1">
<or_exp><and_exp><literal name="exitcond1_i" val="0"/>
</and_exp></or_exp>
</condition>
</trans>

<trans id="148" from="5" to="6">
<condition id="-1">
<or_exp><and_exp></and_exp></or_exp>
</condition>
</trans>

<trans id="149" from="6" to="7">
<condition id="-1">
<or_exp><and_exp><literal name="exitcond_i" val="0"/>
</and_exp></or_exp>
</condition>
</trans>

<trans id="154" from="6" to="4">
<condition id="-1">
<or_exp><and_exp><literal name="exitcond_i" val="1"/>
</and_exp></or_exp>
</condition>
</trans>

<trans id="151" from="7" to="8">
<condition id="-1">
<or_exp><and_exp></and_exp></or_exp>
</condition>
</trans>

<trans id="152" from="8" to="9">
<condition id="-1">
<or_exp><and_exp></and_exp></or_exp>
</condition>
</trans>

<trans id="153" from="9" to="6">
<condition id="-1">
<or_exp><and_exp></and_exp></or_exp>
</condition>
</trans>
</trans_list>



<state_list>

<state id="1" st_id="1">

<operation id="10" st_id="1" stage="1" lat="1">
<core>NULL</core>
<MemPortIdVec></MemPortIdVec>
<condition id="-1">
<or_exp><and_exp></and_exp></or_exp>
</condition>

<Node id="5" bw="32" op_0_bw="32">
<![CDATA[
entry:0  %tmp_V = alloca i32

]]></Node>
<StgValue><ssdm name="tmp_V"/></StgValue>
</operation>

<operation id="11" st_id="1" stage="1" lat="1">
<core>NULL</core>
<MemPortIdVec></MemPortIdVec>
<condition id="-1">
<or_exp><and_exp></and_exp></or_exp>
</condition>

<Node id="6" bw="32" op_0_bw="32">
<![CDATA[
entry:1  %tmp_V_42 = alloca i32

]]></Node>
<StgValue><ssdm name="tmp_V_42"/></StgValue>
</operation>

<operation id="12" st_id="1" stage="1" lat="1">
<core>NULL</core>
<MemPortIdVec></MemPortIdVec>
<condition id="-1">
<or_exp><and_exp></and_exp></or_exp>
</condition>

<Node id="7" bw="32" op_0_bw="32">
<![CDATA[
entry:2  %tmp_V_43 = alloca i32

]]></Node>
<StgValue><ssdm name="tmp_V_43"/></StgValue>
</operation>

<operation id="13" st_id="1" stage="1" lat="1">
<core>NULL</core>
<MemPortIdVec></MemPortIdVec>
<condition id="-1">
<or_exp><and_exp></and_exp></or_exp>
</condition>

<Node id="8" bw="32" op_0_bw="32">
<![CDATA[
entry:3  %tmp_V_44 = alloca i32

]]></Node>
<StgValue><ssdm name="tmp_V_44"/></StgValue>
</operation>

<operation id="14" st_id="1" stage="1" lat="1">
<core>NULL</core>
<MemPortIdVec></MemPortIdVec>
<condition id="-1">
<or_exp><and_exp></and_exp></or_exp>
</condition>

<Node id="9" bw="32" op_0_bw="32">
<![CDATA[
entry:4  %tmp_V_45 = alloca i32

]]></Node>
<StgValue><ssdm name="tmp_V_45"/></StgValue>
</operation>

<operation id="15" st_id="1" stage="1" lat="1">
<core>NULL</core>
<MemPortIdVec></MemPortIdVec>
<condition id="-1">
<or_exp><and_exp></and_exp></or_exp>
</condition>

<Node id="10" bw="32" op_0_bw="32">
<![CDATA[
entry:5  %tmp_V_46 = alloca i32

]]></Node>
<StgValue><ssdm name="tmp_V_46"/></StgValue>
</operation>

<operation id="16" st_id="1" stage="1" lat="1">
<core>NULL</core>
<MemPortIdVec></MemPortIdVec>
<condition id="-1">
<or_exp><and_exp></and_exp></or_exp>
</condition>

<Node id="11" bw="32" op_0_bw="32">
<![CDATA[
entry:6  %tmp_V_47 = alloca i32

]]></Node>
<StgValue><ssdm name="tmp_V_47"/></StgValue>
</operation>

<operation id="17" st_id="1" stage="1" lat="1">
<core>NULL</core>
<MemPortIdVec></MemPortIdVec>
<condition id="-1">
<or_exp><and_exp></and_exp></or_exp>
</condition>

<Node id="12" bw="32" op_0_bw="32">
<![CDATA[
entry:7  %tmp_V_48 = alloca i32

]]></Node>
<StgValue><ssdm name="tmp_V_48"/></StgValue>
</operation>

<operation id="18" st_id="1" stage="1" lat="1">
<core>NULL</core>
<MemPortIdVec></MemPortIdVec>
<condition id="-1">
<or_exp><and_exp></and_exp></or_exp>
</condition>

<Node id="13" bw="32" op_0_bw="32">
<![CDATA[
entry:8  %tmp_V_49 = alloca i32

]]></Node>
<StgValue><ssdm name="tmp_V_49"/></StgValue>
</operation>

<operation id="19" st_id="1" stage="1" lat="1">
<core>NULL</core>
<MemPortIdVec></MemPortIdVec>
<condition id="-1">
<or_exp><and_exp></and_exp></or_exp>
</condition>

<Node id="14" bw="32" op_0_bw="32">
<![CDATA[
entry:9  %tmp_V_50 = alloca i32

]]></Node>
<StgValue><ssdm name="tmp_V_50"/></StgValue>
</operation>

<operation id="20" st_id="1" stage="1" lat="1">
<core>NULL</core>
<MemPortIdVec></MemPortIdVec>
<condition id="-1">
<or_exp><and_exp></and_exp></or_exp>
</condition>

<Node id="15" bw="32" op_0_bw="32">
<![CDATA[
entry:10  %tmp_V_51 = alloca i32

]]></Node>
<StgValue><ssdm name="tmp_V_51"/></StgValue>
</operation>

<operation id="21" st_id="1" stage="1" lat="1">
<core>NULL</core>
<MemPortIdVec></MemPortIdVec>
<condition id="-1">
<or_exp><and_exp></and_exp></or_exp>
</condition>

<Node id="16" bw="32" op_0_bw="32">
<![CDATA[
entry:11  %tmp_V_52 = alloca i32

]]></Node>
<StgValue><ssdm name="tmp_V_52"/></StgValue>
</operation>

<operation id="22" st_id="1" stage="1" lat="1">
<core>NULL</core>
<MemPortIdVec></MemPortIdVec>
<condition id="-1">
<or_exp><and_exp></and_exp></or_exp>
</condition>

<Node id="17" bw="32" op_0_bw="32">
<![CDATA[
entry:12  %tmp_V_53 = alloca i32

]]></Node>
<StgValue><ssdm name="tmp_V_53"/></StgValue>
</operation>

<operation id="23" st_id="1" stage="1" lat="1">
<core>NULL</core>
<MemPortIdVec></MemPortIdVec>
<condition id="-1">
<or_exp><and_exp></and_exp></or_exp>
</condition>

<Node id="18" bw="32" op_0_bw="32">
<![CDATA[
entry:13  %tmp_V_54 = alloca i32

]]></Node>
<StgValue><ssdm name="tmp_V_54"/></StgValue>
</operation>

<operation id="24" st_id="1" stage="1" lat="1">
<core>NULL</core>
<MemPortIdVec></MemPortIdVec>
<condition id="-1">
<or_exp><and_exp></and_exp></or_exp>
</condition>

<Node id="19" bw="32" op_0_bw="32">
<![CDATA[
entry:14  %tmp_V_55 = alloca i32

]]></Node>
<StgValue><ssdm name="tmp_V_55"/></StgValue>
</operation>

<operation id="25" st_id="1" stage="1" lat="1">
<core>NULL</core>
<MemPortIdVec></MemPortIdVec>
<condition id="-1">
<or_exp><and_exp></and_exp></or_exp>
</condition>

<Node id="20" bw="32" op_0_bw="32">
<![CDATA[
entry:15  %tmp_V_56 = alloca i32

]]></Node>
<StgValue><ssdm name="tmp_V_56"/></StgValue>
</operation>

<operation id="26" st_id="1" stage="1" lat="1">
<core>NULL</core>
<MemPortIdVec></MemPortIdVec>
<condition id="-1">
<or_exp><and_exp></and_exp></or_exp>
</condition>

<Node id="21" bw="0" op_0_bw="0" op_1_bw="32" op_2_bw="0" op_3_bw="32" op_4_bw="32" op_5_bw="0" op_6_bw="32" op_7_bw="32" op_8_bw="0" op_9_bw="0" op_10_bw="0" op_11_bw="32" op_12_bw="32" op_13_bw="32" op_14_bw="32" op_15_bw="0" op_16_bw="0">
<![CDATA[
entry:16  call void (...)* @_ssdm_op_SpecInterface(i32* @fc_out_V_V, [8 x i8]* @ap_fifo_str, i32 0, i32 0, [1 x i8]* @p_str165, i32 0, i32 0, [1 x i8]* @p_str166, [1 x i8]* @p_str167, [1 x i8]* @p_str168, i32 2, i32 2, i32 16, i32 16, [1 x i8]* @p_str169, [1 x i8]* @p_str170)

]]></Node>
<StgValue><ssdm name=""/></StgValue>
</operation>

<operation id="27" st_id="1" stage="1" lat="1">
<core>NULL</core>
<MemPortIdVec></MemPortIdVec>
<condition id="-1">
<or_exp><and_exp></and_exp></or_exp>
</condition>

<Node id="22" bw="0" op_0_bw="0" op_1_bw="32" op_2_bw="0" op_3_bw="32" op_4_bw="32" op_5_bw="0" op_6_bw="32" op_7_bw="32" op_8_bw="0" op_9_bw="0" op_10_bw="0" op_11_bw="32" op_12_bw="32" op_13_bw="32" op_14_bw="32" op_15_bw="0" op_16_bw="0">
<![CDATA[
entry:17  call void (...)* @_ssdm_op_SpecInterface(i32* @gap_out_V_V, [8 x i8]* @ap_fifo_str, i32 0, i32 0, [1 x i8]* @p_str158, i32 0, i32 0, [1 x i8]* @p_str159, [1 x i8]* @p_str160, [1 x i8]* @p_str161, i32 2, i32 2, i32 16, i32 16, [1 x i8]* @p_str162, [1 x i8]* @p_str163)

]]></Node>
<StgValue><ssdm name=""/></StgValue>
</operation>

<operation id="28" st_id="1" stage="1" lat="1">
<core>NULL</core>
<MemPortIdVec></MemPortIdVec>
<condition id="-1">
<or_exp><and_exp></and_exp></or_exp>
</condition>

<Node id="23" bw="0" op_0_bw="0">
<![CDATA[
entry:18  br label %branch0.i

]]></Node>
<StgValue><ssdm name=""/></StgValue>
</operation>
</state>

<state id="2" st_id="2">

<operation id="29" st_id="2" stage="1" lat="1">
<core>NULL</core>
<MemPortIdVec></MemPortIdVec>
<condition id="-1">
<or_exp><and_exp></and_exp></or_exp>
</condition>

<Node id="25" bw="5" op_0_bw="5" op_1_bw="0">
<![CDATA[
branch0.i:0  %i_i = phi i5 [ 0, %entry ], [ %i, %branch0.i.backedge ]

]]></Node>
<StgValue><ssdm name="i_i"/></StgValue>
</operation>

<operation id="30" st_id="2" stage="1" lat="1">
<core>Cmp</core>
<MemPortIdVec></MemPortIdVec>
<condition id="-1">
<or_exp><and_exp></and_exp></or_exp>
</condition>

<Node id="26" bw="1" op_0_bw="5" op_1_bw="5">
<![CDATA[
branch0.i:1  %exitcond9_i = icmp eq i5 %i_i, -16

]]></Node>
<StgValue><ssdm name="exitcond9_i"/></StgValue>
</operation>

<operation id="31" st_id="2" stage="1" lat="1">
<core>NULL</core>
<MemPortIdVec></MemPortIdVec>
<condition id="-1">
<or_exp><and_exp></and_exp></or_exp>
</condition>

<Node id="27" bw="32" op_0_bw="32" op_1_bw="64" op_2_bw="64" op_3_bw="64">
<![CDATA[
branch0.i:2  %empty = call i32 (...)* @_ssdm_op_SpecLoopTripCount(i64 16, i64 16, i64 16)

]]></Node>
<StgValue><ssdm name="empty"/></StgValue>
</operation>

<operation id="32" st_id="2" stage="1" lat="1">
<core>AddSub</core>
<MemPortIdVec></MemPortIdVec>
<condition id="-1">
<or_exp><and_exp></and_exp></or_exp>
</condition>

<Node id="28" bw="5" op_0_bw="5" op_1_bw="5">
<![CDATA[
branch0.i:3  %i = add i5 %i_i, 1

]]></Node>
<StgValue><ssdm name="i"/></StgValue>
</operation>

<operation id="33" st_id="2" stage="1" lat="1">
<core>NULL</core>
<MemPortIdVec></MemPortIdVec>
<condition id="-1">
<or_exp><and_exp></and_exp></or_exp>
</condition>

<Node id="29" bw="0" op_0_bw="1" op_1_bw="0" op_2_bw="0">
<![CDATA[
branch0.i:4  br i1 %exitcond9_i, label %.preheader.i.preheader, label %0

]]></Node>
<StgValue><ssdm name=""/></StgValue>
</operation>

<operation id="34" st_id="2" stage="1" lat="1">
<core>FIFO_SRL</core>
<MemPortIdVec></MemPortIdVec>
<condition id="-1">
<or_exp><and_exp><literal name="exitcond9_i" val="0"/>
</and_exp></or_exp>
</condition>

<Node id="31" bw="32" op_0_bw="32" op_1_bw="32">
<![CDATA[
:0  %tmp_V_59 = call i32 @_ssdm_op_Read.ap_fifo.volatile.i32P(i32* @gap_out_V_V)

]]></Node>
<StgValue><ssdm name="tmp_V_59"/></StgValue>
</operation>

<operation id="35" st_id="2" stage="1" lat="1">
<core>NULL</core>
<MemPortIdVec></MemPortIdVec>
<condition id="-1">
<or_exp><and_exp><literal name="exitcond9_i" val="0"/>
</and_exp></or_exp>
</condition>

<Node id="32" bw="4" op_0_bw="5">
<![CDATA[
:1  %tmp_12 = trunc i5 %i_i to i4

]]></Node>
<StgValue><ssdm name="tmp_12"/></StgValue>
</operation>

<operation id="36" st_id="2" stage="1" lat="1">
<core>NULL</core>
<MemPortIdVec></MemPortIdVec>
<condition id="-1">
<or_exp><and_exp><literal name="exitcond9_i" val="0"/>
</and_exp></or_exp>
</condition>

<Node id="33" bw="0" op_0_bw="4" op_1_bw="0" op_2_bw="4" op_3_bw="0" op_4_bw="4" op_5_bw="0" op_6_bw="4" op_7_bw="0" op_8_bw="4" op_9_bw="0" op_10_bw="4" op_11_bw="0" op_12_bw="4" op_13_bw="0" op_14_bw="4" op_15_bw="0" op_16_bw="4" op_17_bw="0" op_18_bw="4" op_19_bw="0" op_20_bw="4" op_21_bw="0" op_22_bw="4" op_23_bw="0" op_24_bw="4" op_25_bw="0" op_26_bw="4" op_27_bw="0" op_28_bw="4" op_29_bw="0" op_30_bw="4" op_31_bw="0">
<![CDATA[
:2  switch i4 %tmp_12, label %branch15.i [
    i4 0, label %.branch0.i.backedge_crit_edge
    i4 1, label %branch1.i
    i4 2, label %branch2.i
    i4 3, label %branch3.i
    i4 4, label %branch4.i
    i4 5, label %branch5.i
    i4 6, label %branch6.i
    i4 7, label %branch7.i
    i4 -8, label %branch8.i
    i4 -7, label %branch9.i
    i4 -6, label %branch10.i
    i4 -5, label %branch11.i
    i4 -4, label %branch12.i
    i4 -3, label %branch13.i
    i4 -2, label %branch14.i
  ]

]]></Node>
<StgValue><ssdm name=""/></StgValue>
</operation>

<operation id="37" st_id="2" stage="1" lat="1">
<core>NULL</core>
<MemPortIdVec></MemPortIdVec>
<condition id="-1">
<or_exp><and_exp><literal name="exitcond9_i" val="0"/>
<literal name="tmp_12" val="14"/>
</and_exp></or_exp>
</condition>

<Node id="35" bw="0" op_0_bw="32" op_1_bw="32">
<![CDATA[
branch14.i:0  store i32 %tmp_V_59, i32* %tmp_V_55

]]></Node>
<StgValue><ssdm name=""/></StgValue>
</operation>

<operation id="38" st_id="2" stage="1" lat="1">
<core>NULL</core>
<MemPortIdVec></MemPortIdVec>
<condition id="-1">
<or_exp><and_exp><literal name="exitcond9_i" val="0"/>
<literal name="tmp_12" val="14"/>
</and_exp></or_exp>
</condition>

<Node id="36" bw="0" op_0_bw="0">
<![CDATA[
branch14.i:1  br label %branch0.i.backedge

]]></Node>
<StgValue><ssdm name=""/></StgValue>
</operation>

<operation id="39" st_id="2" stage="1" lat="1">
<core>NULL</core>
<MemPortIdVec></MemPortIdVec>
<condition id="-1">
<or_exp><and_exp><literal name="exitcond9_i" val="0"/>
<literal name="tmp_12" val="13"/>
</and_exp></or_exp>
</condition>

<Node id="38" bw="0" op_0_bw="32" op_1_bw="32">
<![CDATA[
branch13.i:0  store i32 %tmp_V_59, i32* %tmp_V_54

]]></Node>
<StgValue><ssdm name=""/></StgValue>
</operation>

<operation id="40" st_id="2" stage="1" lat="1">
<core>NULL</core>
<MemPortIdVec></MemPortIdVec>
<condition id="-1">
<or_exp><and_exp><literal name="exitcond9_i" val="0"/>
<literal name="tmp_12" val="13"/>
</and_exp></or_exp>
</condition>

<Node id="39" bw="0" op_0_bw="0">
<![CDATA[
branch13.i:1  br label %branch0.i.backedge

]]></Node>
<StgValue><ssdm name=""/></StgValue>
</operation>

<operation id="41" st_id="2" stage="1" lat="1">
<core>NULL</core>
<MemPortIdVec></MemPortIdVec>
<condition id="-1">
<or_exp><and_exp><literal name="exitcond9_i" val="0"/>
<literal name="tmp_12" val="12"/>
</and_exp></or_exp>
</condition>

<Node id="41" bw="0" op_0_bw="32" op_1_bw="32">
<![CDATA[
branch12.i:0  store i32 %tmp_V_59, i32* %tmp_V_53

]]></Node>
<StgValue><ssdm name=""/></StgValue>
</operation>

<operation id="42" st_id="2" stage="1" lat="1">
<core>NULL</core>
<MemPortIdVec></MemPortIdVec>
<condition id="-1">
<or_exp><and_exp><literal name="exitcond9_i" val="0"/>
<literal name="tmp_12" val="12"/>
</and_exp></or_exp>
</condition>

<Node id="42" bw="0" op_0_bw="0">
<![CDATA[
branch12.i:1  br label %branch0.i.backedge

]]></Node>
<StgValue><ssdm name=""/></StgValue>
</operation>

<operation id="43" st_id="2" stage="1" lat="1">
<core>NULL</core>
<MemPortIdVec></MemPortIdVec>
<condition id="-1">
<or_exp><and_exp><literal name="exitcond9_i" val="0"/>
<literal name="tmp_12" val="11"/>
</and_exp></or_exp>
</condition>

<Node id="44" bw="0" op_0_bw="32" op_1_bw="32">
<![CDATA[
branch11.i:0  store i32 %tmp_V_59, i32* %tmp_V_52

]]></Node>
<StgValue><ssdm name=""/></StgValue>
</operation>

<operation id="44" st_id="2" stage="1" lat="1">
<core>NULL</core>
<MemPortIdVec></MemPortIdVec>
<condition id="-1">
<or_exp><and_exp><literal name="exitcond9_i" val="0"/>
<literal name="tmp_12" val="11"/>
</and_exp></or_exp>
</condition>

<Node id="45" bw="0" op_0_bw="0">
<![CDATA[
branch11.i:1  br label %branch0.i.backedge

]]></Node>
<StgValue><ssdm name=""/></StgValue>
</operation>

<operation id="45" st_id="2" stage="1" lat="1">
<core>NULL</core>
<MemPortIdVec></MemPortIdVec>
<condition id="-1">
<or_exp><and_exp><literal name="exitcond9_i" val="0"/>
<literal name="tmp_12" val="10"/>
</and_exp></or_exp>
</condition>

<Node id="47" bw="0" op_0_bw="32" op_1_bw="32">
<![CDATA[
branch10.i:0  store i32 %tmp_V_59, i32* %tmp_V_51

]]></Node>
<StgValue><ssdm name=""/></StgValue>
</operation>

<operation id="46" st_id="2" stage="1" lat="1">
<core>NULL</core>
<MemPortIdVec></MemPortIdVec>
<condition id="-1">
<or_exp><and_exp><literal name="exitcond9_i" val="0"/>
<literal name="tmp_12" val="10"/>
</and_exp></or_exp>
</condition>

<Node id="48" bw="0" op_0_bw="0">
<![CDATA[
branch10.i:1  br label %branch0.i.backedge

]]></Node>
<StgValue><ssdm name=""/></StgValue>
</operation>

<operation id="47" st_id="2" stage="1" lat="1">
<core>NULL</core>
<MemPortIdVec></MemPortIdVec>
<condition id="-1">
<or_exp><and_exp><literal name="exitcond9_i" val="0"/>
<literal name="tmp_12" val="9"/>
</and_exp></or_exp>
</condition>

<Node id="50" bw="0" op_0_bw="32" op_1_bw="32">
<![CDATA[
branch9.i:0  store i32 %tmp_V_59, i32* %tmp_V_50

]]></Node>
<StgValue><ssdm name=""/></StgValue>
</operation>

<operation id="48" st_id="2" stage="1" lat="1">
<core>NULL</core>
<MemPortIdVec></MemPortIdVec>
<condition id="-1">
<or_exp><and_exp><literal name="exitcond9_i" val="0"/>
<literal name="tmp_12" val="9"/>
</and_exp></or_exp>
</condition>

<Node id="51" bw="0" op_0_bw="0">
<![CDATA[
branch9.i:1  br label %branch0.i.backedge

]]></Node>
<StgValue><ssdm name=""/></StgValue>
</operation>

<operation id="49" st_id="2" stage="1" lat="1">
<core>NULL</core>
<MemPortIdVec></MemPortIdVec>
<condition id="-1">
<or_exp><and_exp><literal name="exitcond9_i" val="0"/>
<literal name="tmp_12" val="8"/>
</and_exp></or_exp>
</condition>

<Node id="53" bw="0" op_0_bw="32" op_1_bw="32">
<![CDATA[
branch8.i:0  store i32 %tmp_V_59, i32* %tmp_V_49

]]></Node>
<StgValue><ssdm name=""/></StgValue>
</operation>

<operation id="50" st_id="2" stage="1" lat="1">
<core>NULL</core>
<MemPortIdVec></MemPortIdVec>
<condition id="-1">
<or_exp><and_exp><literal name="exitcond9_i" val="0"/>
<literal name="tmp_12" val="8"/>
</and_exp></or_exp>
</condition>

<Node id="54" bw="0" op_0_bw="0">
<![CDATA[
branch8.i:1  br label %branch0.i.backedge

]]></Node>
<StgValue><ssdm name=""/></StgValue>
</operation>

<operation id="51" st_id="2" stage="1" lat="1">
<core>NULL</core>
<MemPortIdVec></MemPortIdVec>
<condition id="-1">
<or_exp><and_exp><literal name="exitcond9_i" val="0"/>
<literal name="tmp_12" val="7"/>
</and_exp></or_exp>
</condition>

<Node id="56" bw="0" op_0_bw="32" op_1_bw="32">
<![CDATA[
branch7.i:0  store i32 %tmp_V_59, i32* %tmp_V_48

]]></Node>
<StgValue><ssdm name=""/></StgValue>
</operation>

<operation id="52" st_id="2" stage="1" lat="1">
<core>NULL</core>
<MemPortIdVec></MemPortIdVec>
<condition id="-1">
<or_exp><and_exp><literal name="exitcond9_i" val="0"/>
<literal name="tmp_12" val="7"/>
</and_exp></or_exp>
</condition>

<Node id="57" bw="0" op_0_bw="0">
<![CDATA[
branch7.i:1  br label %branch0.i.backedge

]]></Node>
<StgValue><ssdm name=""/></StgValue>
</operation>

<operation id="53" st_id="2" stage="1" lat="1">
<core>NULL</core>
<MemPortIdVec></MemPortIdVec>
<condition id="-1">
<or_exp><and_exp><literal name="exitcond9_i" val="0"/>
<literal name="tmp_12" val="6"/>
</and_exp></or_exp>
</condition>

<Node id="59" bw="0" op_0_bw="32" op_1_bw="32">
<![CDATA[
branch6.i:0  store i32 %tmp_V_59, i32* %tmp_V_47

]]></Node>
<StgValue><ssdm name=""/></StgValue>
</operation>

<operation id="54" st_id="2" stage="1" lat="1">
<core>NULL</core>
<MemPortIdVec></MemPortIdVec>
<condition id="-1">
<or_exp><and_exp><literal name="exitcond9_i" val="0"/>
<literal name="tmp_12" val="6"/>
</and_exp></or_exp>
</condition>

<Node id="60" bw="0" op_0_bw="0">
<![CDATA[
branch6.i:1  br label %branch0.i.backedge

]]></Node>
<StgValue><ssdm name=""/></StgValue>
</operation>

<operation id="55" st_id="2" stage="1" lat="1">
<core>NULL</core>
<MemPortIdVec></MemPortIdVec>
<condition id="-1">
<or_exp><and_exp><literal name="exitcond9_i" val="0"/>
<literal name="tmp_12" val="5"/>
</and_exp></or_exp>
</condition>

<Node id="62" bw="0" op_0_bw="32" op_1_bw="32">
<![CDATA[
branch5.i:0  store i32 %tmp_V_59, i32* %tmp_V_46

]]></Node>
<StgValue><ssdm name=""/></StgValue>
</operation>

<operation id="56" st_id="2" stage="1" lat="1">
<core>NULL</core>
<MemPortIdVec></MemPortIdVec>
<condition id="-1">
<or_exp><and_exp><literal name="exitcond9_i" val="0"/>
<literal name="tmp_12" val="5"/>
</and_exp></or_exp>
</condition>

<Node id="63" bw="0" op_0_bw="0">
<![CDATA[
branch5.i:1  br label %branch0.i.backedge

]]></Node>
<StgValue><ssdm name=""/></StgValue>
</operation>

<operation id="57" st_id="2" stage="1" lat="1">
<core>NULL</core>
<MemPortIdVec></MemPortIdVec>
<condition id="-1">
<or_exp><and_exp><literal name="exitcond9_i" val="0"/>
<literal name="tmp_12" val="4"/>
</and_exp></or_exp>
</condition>

<Node id="65" bw="0" op_0_bw="32" op_1_bw="32">
<![CDATA[
branch4.i:0  store i32 %tmp_V_59, i32* %tmp_V_45

]]></Node>
<StgValue><ssdm name=""/></StgValue>
</operation>

<operation id="58" st_id="2" stage="1" lat="1">
<core>NULL</core>
<MemPortIdVec></MemPortIdVec>
<condition id="-1">
<or_exp><and_exp><literal name="exitcond9_i" val="0"/>
<literal name="tmp_12" val="4"/>
</and_exp></or_exp>
</condition>

<Node id="66" bw="0" op_0_bw="0">
<![CDATA[
branch4.i:1  br label %branch0.i.backedge

]]></Node>
<StgValue><ssdm name=""/></StgValue>
</operation>

<operation id="59" st_id="2" stage="1" lat="1">
<core>NULL</core>
<MemPortIdVec></MemPortIdVec>
<condition id="-1">
<or_exp><and_exp><literal name="exitcond9_i" val="0"/>
<literal name="tmp_12" val="3"/>
</and_exp></or_exp>
</condition>

<Node id="68" bw="0" op_0_bw="32" op_1_bw="32">
<![CDATA[
branch3.i:0  store i32 %tmp_V_59, i32* %tmp_V_44

]]></Node>
<StgValue><ssdm name=""/></StgValue>
</operation>

<operation id="60" st_id="2" stage="1" lat="1">
<core>NULL</core>
<MemPortIdVec></MemPortIdVec>
<condition id="-1">
<or_exp><and_exp><literal name="exitcond9_i" val="0"/>
<literal name="tmp_12" val="3"/>
</and_exp></or_exp>
</condition>

<Node id="69" bw="0" op_0_bw="0">
<![CDATA[
branch3.i:1  br label %branch0.i.backedge

]]></Node>
<StgValue><ssdm name=""/></StgValue>
</operation>

<operation id="61" st_id="2" stage="1" lat="1">
<core>NULL</core>
<MemPortIdVec></MemPortIdVec>
<condition id="-1">
<or_exp><and_exp><literal name="exitcond9_i" val="0"/>
<literal name="tmp_12" val="2"/>
</and_exp></or_exp>
</condition>

<Node id="71" bw="0" op_0_bw="32" op_1_bw="32">
<![CDATA[
branch2.i:0  store i32 %tmp_V_59, i32* %tmp_V_43

]]></Node>
<StgValue><ssdm name=""/></StgValue>
</operation>

<operation id="62" st_id="2" stage="1" lat="1">
<core>NULL</core>
<MemPortIdVec></MemPortIdVec>
<condition id="-1">
<or_exp><and_exp><literal name="exitcond9_i" val="0"/>
<literal name="tmp_12" val="2"/>
</and_exp></or_exp>
</condition>

<Node id="72" bw="0" op_0_bw="0">
<![CDATA[
branch2.i:1  br label %branch0.i.backedge

]]></Node>
<StgValue><ssdm name=""/></StgValue>
</operation>

<operation id="63" st_id="2" stage="1" lat="1">
<core>NULL</core>
<MemPortIdVec></MemPortIdVec>
<condition id="-1">
<or_exp><and_exp><literal name="exitcond9_i" val="0"/>
<literal name="tmp_12" val="1"/>
</and_exp></or_exp>
</condition>

<Node id="74" bw="0" op_0_bw="32" op_1_bw="32">
<![CDATA[
branch1.i:0  store i32 %tmp_V_59, i32* %tmp_V_42

]]></Node>
<StgValue><ssdm name=""/></StgValue>
</operation>

<operation id="64" st_id="2" stage="1" lat="1">
<core>NULL</core>
<MemPortIdVec></MemPortIdVec>
<condition id="-1">
<or_exp><and_exp><literal name="exitcond9_i" val="0"/>
<literal name="tmp_12" val="1"/>
</and_exp></or_exp>
</condition>

<Node id="75" bw="0" op_0_bw="0">
<![CDATA[
branch1.i:1  br label %branch0.i.backedge

]]></Node>
<StgValue><ssdm name=""/></StgValue>
</operation>

<operation id="65" st_id="2" stage="1" lat="1">
<core>NULL</core>
<MemPortIdVec></MemPortIdVec>
<condition id="-1">
<or_exp><and_exp><literal name="exitcond9_i" val="0"/>
<literal name="tmp_12" val="0"/>
</and_exp></or_exp>
</condition>

<Node id="77" bw="0" op_0_bw="32" op_1_bw="32">
<![CDATA[
.branch0.i.backedge_crit_edge:0  store i32 %tmp_V_59, i32* %tmp_V

]]></Node>
<StgValue><ssdm name=""/></StgValue>
</operation>

<operation id="66" st_id="2" stage="1" lat="1">
<core>NULL</core>
<MemPortIdVec></MemPortIdVec>
<condition id="-1">
<or_exp><and_exp><literal name="exitcond9_i" val="0"/>
<literal name="tmp_12" val="0"/>
</and_exp></or_exp>
</condition>

<Node id="78" bw="0" op_0_bw="0">
<![CDATA[
.branch0.i.backedge_crit_edge:1  br label %branch0.i.backedge

]]></Node>
<StgValue><ssdm name=""/></StgValue>
</operation>

<operation id="67" st_id="2" stage="1" lat="1">
<core>NULL</core>
<MemPortIdVec></MemPortIdVec>
<condition id="-1">
<or_exp><and_exp><literal name="exitcond9_i" val="0"/>
<literal name="tmp_12" val="15"/>
</and_exp></or_exp>
</condition>

<Node id="80" bw="0" op_0_bw="32" op_1_bw="32">
<![CDATA[
branch15.i:0  store i32 %tmp_V_59, i32* %tmp_V_56

]]></Node>
<StgValue><ssdm name=""/></StgValue>
</operation>

<operation id="68" st_id="2" stage="1" lat="1">
<core>NULL</core>
<MemPortIdVec></MemPortIdVec>
<condition id="-1">
<or_exp><and_exp><literal name="exitcond9_i" val="0"/>
<literal name="tmp_12" val="15"/>
</and_exp></or_exp>
</condition>

<Node id="81" bw="0" op_0_bw="0">
<![CDATA[
branch15.i:1  br label %branch0.i.backedge

]]></Node>
<StgValue><ssdm name=""/></StgValue>
</operation>

<operation id="69" st_id="2" stage="1" lat="1">
<core>NULL</core>
<MemPortIdVec></MemPortIdVec>
<condition id="-1">
<or_exp><and_exp><literal name="exitcond9_i" val="1"/>
</and_exp></or_exp>
</condition>

<Node id="85" bw="0" op_0_bw="0">
<![CDATA[
.preheader.i.preheader:0  br label %.preheader.i

]]></Node>
<StgValue><ssdm name=""/></StgValue>
</operation>
</state>

<state id="3" st_id="3">

<operation id="70" st_id="3" stage="1" lat="1">
<core>NULL</core>
<MemPortIdVec></MemPortIdVec>
<condition id="-1">
<or_exp><and_exp></and_exp></or_exp>
</condition>

<Node id="83" bw="0" op_0_bw="0">
<![CDATA[
branch0.i.backedge:0  br label %branch0.i

]]></Node>
<StgValue><ssdm name=""/></StgValue>
</operation>
</state>

<state id="4" st_id="4">

<operation id="71" st_id="4" stage="1" lat="1">
<core>NULL</core>
<MemPortIdVec></MemPortIdVec>
<condition id="-1">
<or_exp><and_exp></and_exp></or_exp>
</condition>

<Node id="87" bw="2" op_0_bw="2" op_1_bw="0">
<![CDATA[
.preheader.i:0  %out_idx_i = phi i2 [ %out_idx, %_ZN8ap_fixedILi32ELi11EL9ap_q_mode5EL9ap_o_mode3ELi0EEC1ILi32ELi16ELb1ELS0_5ELS1_3ELi0EEERK13ap_fixed_baseIXT_EXT0_EXT1_EXT2_EXT3_EXT4_EE.exit.i ], [ 0, %.preheader.i.preheader ]

]]></Node>
<StgValue><ssdm name="out_idx_i"/></StgValue>
</operation>

<operation id="72" st_id="4" stage="1" lat="1">
<core>Cmp</core>
<MemPortIdVec></MemPortIdVec>
<condition id="-1">
<or_exp><and_exp></and_exp></or_exp>
</condition>

<Node id="88" bw="1" op_0_bw="2" op_1_bw="2">
<![CDATA[
.preheader.i:1  %exitcond1_i = icmp eq i2 %out_idx_i, -2

]]></Node>
<StgValue><ssdm name="exitcond1_i"/></StgValue>
</operation>

<operation id="73" st_id="4" stage="1" lat="1">
<core>NULL</core>
<MemPortIdVec></MemPortIdVec>
<condition id="-1">
<or_exp><and_exp></and_exp></or_exp>
</condition>

<Node id="89" bw="32" op_0_bw="32" op_1_bw="64" op_2_bw="64" op_3_bw="64">
<![CDATA[
.preheader.i:2  %empty_69 = call i32 (...)* @_ssdm_op_SpecLoopTripCount(i64 2, i64 2, i64 2)

]]></Node>
<StgValue><ssdm name="empty_69"/></StgValue>
</operation>

<operation id="74" st_id="4" stage="1" lat="1">
<core>AddSub</core>
<MemPortIdVec></MemPortIdVec>
<condition id="-1">
<or_exp><and_exp></and_exp></or_exp>
</condition>

<Node id="90" bw="2" op_0_bw="2" op_1_bw="2">
<![CDATA[
.preheader.i:3  %out_idx = add i2 %out_idx_i, 1

]]></Node>
<StgValue><ssdm name="out_idx"/></StgValue>
</operation>

<operation id="75" st_id="4" stage="1" lat="1">
<core>NULL</core>
<MemPortIdVec></MemPortIdVec>
<condition id="-1">
<or_exp><and_exp></and_exp></or_exp>
</condition>

<Node id="91" bw="0" op_0_bw="1" op_1_bw="0" op_2_bw="0">
<![CDATA[
.preheader.i:4  br i1 %exitcond1_i, label %"fc_layer<16, 2>.exit", label %_ZN8ap_fixedILi32ELi16EL9ap_q_mode5EL9ap_o_mode3ELi0EEC1ILi32ELi11ELb1ELS0_5ELS1_3ELi0EEERK13ap_fixed_baseIXT_EXT0_EXT1_EXT2_EXT3_EXT4_EE.exit.i

]]></Node>
<StgValue><ssdm name=""/></StgValue>
</operation>

<operation id="76" st_id="4" stage="1" lat="1">
<core>NULL</core>
<MemPortIdVec></MemPortIdVec>
<condition id="-1">
<or_exp><and_exp><literal name="exitcond1_i" val="0"/>
</and_exp></or_exp>
</condition>

<Node id="93" bw="64" op_0_bw="2">
<![CDATA[
_ZN8ap_fixedILi32ELi16EL9ap_q_mode5EL9ap_o_mode3ELi0EEC1ILi32ELi11ELb1ELS0_5ELS1_3ELi0EEERK13ap_fixed_baseIXT_EXT0_EXT1_EXT2_EXT3_EXT4_EE.exit.i:0  %tmp_i = zext i2 %out_idx_i to i64

]]></Node>
<StgValue><ssdm name="tmp_i"/></StgValue>
</operation>

<operation id="77" st_id="4" stage="1" lat="1">
<core>NULL</core>
<MemPortIdVec></MemPortIdVec>
<condition id="-1">
<or_exp><and_exp><literal name="exitcond1_i" val="0"/>
</and_exp></or_exp>
</condition>

<Node id="96" bw="1" op_0_bw="19" op_1_bw="64" op_2_bw="64">
<![CDATA[
_ZN8ap_fixedILi32ELi16EL9ap_q_mode5EL9ap_o_mode3ELi0EEC1ILi32ELi11ELb1ELS0_5ELS1_3ELi0EEERK13ap_fixed_baseIXT_EXT0_EXT1_EXT2_EXT3_EXT4_EE.exit.i:3  %fc_bias_V_addr = getelementptr [2 x i19]* @fc_bias_V, i64 0, i64 %tmp_i

]]></Node>
<StgValue><ssdm name="fc_bias_V_addr"/></StgValue>
</operation>

<operation id="78" st_id="4" stage="2" lat="2">
<core>ROM_nP</core>
<MemPortIdVec>0 </MemPortIdVec>
<condition id="-1">
<or_exp><and_exp><literal name="exitcond1_i" val="0"/>
</and_exp></or_exp>
</condition>

<Node id="97" bw="19" op_0_bw="1">
<![CDATA[
_ZN8ap_fixedILi32ELi16EL9ap_q_mode5EL9ap_o_mode3ELi0EEC1ILi32ELi11ELb1ELS0_5ELS1_3ELi0EEERK13ap_fixed_baseIXT_EXT0_EXT1_EXT2_EXT3_EXT4_EE.exit.i:4  %p_Val2_s = load i19* %fc_bias_V_addr, align 4

]]></Node>
<StgValue><ssdm name="p_Val2_s"/></StgValue>
</operation>

<operation id="79" st_id="4" stage="1" lat="1">
<core>NULL</core>
<MemPortIdVec></MemPortIdVec>
<condition id="-1">
<or_exp><and_exp><literal name="exitcond1_i" val="1"/>
</and_exp></or_exp>
</condition>

<Node id="145" bw="0">
<![CDATA[
fc_layer<16, 2>.exit:0  ret void

]]></Node>
<StgValue><ssdm name=""/></StgValue>
</operation>
</state>

<state id="5" st_id="5">

<operation id="80" st_id="5" stage="1" lat="1">
<core>NULL</core>
<MemPortIdVec></MemPortIdVec>
<condition id="-1">
<or_exp><and_exp></and_exp></or_exp>
</condition>

<Node id="94" bw="6" op_0_bw="6" op_1_bw="2" op_2_bw="4">
<![CDATA[
_ZN8ap_fixedILi32ELi16EL9ap_q_mode5EL9ap_o_mode3ELi0EEC1ILi32ELi11ELb1ELS0_5ELS1_3ELi0EEERK13ap_fixed_baseIXT_EXT0_EXT1_EXT2_EXT3_EXT4_EE.exit.i:1  %tmp = call i6 @_ssdm_op_BitConcatenate.i6.i2.i4(i2 %out_idx_i, i4 0)

]]></Node>
<StgValue><ssdm name="tmp"/></StgValue>
</operation>

<operation id="81" st_id="5" stage="1" lat="1">
<core>NULL</core>
<MemPortIdVec></MemPortIdVec>
<condition id="-1">
<or_exp><and_exp></and_exp></or_exp>
</condition>

<Node id="95" bw="7" op_0_bw="6">
<![CDATA[
_ZN8ap_fixedILi32ELi16EL9ap_q_mode5EL9ap_o_mode3ELi0EEC1ILi32ELi11ELb1ELS0_5ELS1_3ELi0EEERK13ap_fixed_baseIXT_EXT0_EXT1_EXT2_EXT3_EXT4_EE.exit.i:2  %tmp_6_cast = zext i6 %tmp to i7

]]></Node>
<StgValue><ssdm name="tmp_6_cast"/></StgValue>
</operation>

<operation id="82" st_id="5" stage="1" lat="2">
<core>ROM_nP</core>
<MemPortIdVec>0 </MemPortIdVec>
<condition id="-1">
<or_exp><and_exp></and_exp></or_exp>
</condition>

<Node id="97" bw="19" op_0_bw="1">
<![CDATA[
_ZN8ap_fixedILi32ELi16EL9ap_q_mode5EL9ap_o_mode3ELi0EEC1ILi32ELi11ELb1ELS0_5ELS1_3ELi0EEERK13ap_fixed_baseIXT_EXT0_EXT1_EXT2_EXT3_EXT4_EE.exit.i:4  %p_Val2_s = load i19* %fc_bias_V_addr, align 4

]]></Node>
<StgValue><ssdm name="p_Val2_s"/></StgValue>
</operation>

<operation id="83" st_id="5" stage="1" lat="1">
<core>NULL</core>
<MemPortIdVec></MemPortIdVec>
<condition id="-1">
<or_exp><and_exp></and_exp></or_exp>
</condition>

<Node id="98" bw="14" op_0_bw="14" op_1_bw="19" op_2_bw="32" op_3_bw="32">
<![CDATA[
_ZN8ap_fixedILi32ELi16EL9ap_q_mode5EL9ap_o_mode3ELi0EEC1ILi32ELi11ELb1ELS0_5ELS1_3ELi0EEERK13ap_fixed_baseIXT_EXT0_EXT1_EXT2_EXT3_EXT4_EE.exit.i:5  %tmp_8 = call i14 @_ssdm_op_PartSelect.i14.i19.i32.i32(i19 %p_Val2_s, i32 5, i32 18)

]]></Node>
<StgValue><ssdm name="tmp_8"/></StgValue>
</operation>

<operation id="84" st_id="5" stage="1" lat="1">
<core>NULL</core>
<MemPortIdVec></MemPortIdVec>
<condition id="-1">
<or_exp><and_exp></and_exp></or_exp>
</condition>

<Node id="99" bw="32" op_0_bw="14">
<![CDATA[
_ZN8ap_fixedILi32ELi16EL9ap_q_mode5EL9ap_o_mode3ELi0EEC1ILi32ELi11ELb1ELS0_5ELS1_3ELi0EEERK13ap_fixed_baseIXT_EXT0_EXT1_EXT2_EXT3_EXT4_EE.exit.i:6  %acc_V = sext i14 %tmp_8 to i32

]]></Node>
<StgValue><ssdm name="acc_V"/></StgValue>
</operation>

<operation id="85" st_id="5" stage="1" lat="1">
<core>NULL</core>
<MemPortIdVec></MemPortIdVec>
<condition id="-1">
<or_exp><and_exp></and_exp></or_exp>
</condition>

<Node id="100" bw="0" op_0_bw="0">
<![CDATA[
_ZN8ap_fixedILi32ELi16EL9ap_q_mode5EL9ap_o_mode3ELi0EEC1ILi32ELi11ELb1ELS0_5ELS1_3ELi0EEERK13ap_fixed_baseIXT_EXT0_EXT1_EXT2_EXT3_EXT4_EE.exit.i:7  br label %1

]]></Node>
<StgValue><ssdm name=""/></StgValue>
</operation>
</state>

<state id="6" st_id="6">

<operation id="86" st_id="6" stage="1" lat="1">
<core>NULL</core>
<MemPortIdVec></MemPortIdVec>
<condition id="-1">
<or_exp><and_exp></and_exp></or_exp>
</condition>

<Node id="102" bw="32" op_0_bw="32" op_1_bw="0">
<![CDATA[
:0  %p_Val2_1 = phi i32 [ %acc_V, %_ZN8ap_fixedILi32ELi16EL9ap_q_mode5EL9ap_o_mode3ELi0EEC1ILi32ELi11ELb1ELS0_5ELS1_3ELi0EEERK13ap_fixed_baseIXT_EXT0_EXT1_EXT2_EXT3_EXT4_EE.exit.i ], [ %acc_V_1, %_ZN13ap_fixed_baseILi65ELi23ELb1EL9ap_q_mode5EL9ap_o_mode3ELi0EEC1ILi32ELi16ELb1ELS0_5ELS1_3ELi0EEERKS_IXT_EXT0_EXT1_EXT2_EXT3_EXT4_EE.exit.i.i.i ]

]]></Node>
<StgValue><ssdm name="p_Val2_1"/></StgValue>
</operation>

<operation id="87" st_id="6" stage="1" lat="1">
<core>NULL</core>
<MemPortIdVec></MemPortIdVec>
<condition id="-1">
<or_exp><and_exp></and_exp></or_exp>
</condition>

<Node id="103" bw="5" op_0_bw="5" op_1_bw="0">
<![CDATA[
:1  %in_idx_i = phi i5 [ 0, %_ZN8ap_fixedILi32ELi16EL9ap_q_mode5EL9ap_o_mode3ELi0EEC1ILi32ELi11ELb1ELS0_5ELS1_3ELi0EEERK13ap_fixed_baseIXT_EXT0_EXT1_EXT2_EXT3_EXT4_EE.exit.i ], [ %in_idx, %_ZN13ap_fixed_baseILi65ELi23ELb1EL9ap_q_mode5EL9ap_o_mode3ELi0EEC1ILi32ELi16ELb1ELS0_5ELS1_3ELi0EEERKS_IXT_EXT0_EXT1_EXT2_EXT3_EXT4_EE.exit.i.i.i ]

]]></Node>
<StgValue><ssdm name="in_idx_i"/></StgValue>
</operation>

<operation id="88" st_id="6" stage="1" lat="1">
<core>Cmp</core>
<MemPortIdVec></MemPortIdVec>
<condition id="-1">
<or_exp><and_exp></and_exp></or_exp>
</condition>

<Node id="104" bw="1" op_0_bw="5" op_1_bw="5">
<![CDATA[
:2  %exitcond_i = icmp eq i5 %in_idx_i, -16

]]></Node>
<StgValue><ssdm name="exitcond_i"/></StgValue>
</operation>

<operation id="89" st_id="6" stage="1" lat="1">
<core>NULL</core>
<MemPortIdVec></MemPortIdVec>
<condition id="-1">
<or_exp><and_exp></and_exp></or_exp>
</condition>

<Node id="105" bw="32" op_0_bw="32" op_1_bw="64" op_2_bw="64" op_3_bw="64">
<![CDATA[
:3  %empty_70 = call i32 (...)* @_ssdm_op_SpecLoopTripCount(i64 16, i64 16, i64 16)

]]></Node>
<StgValue><ssdm name="empty_70"/></StgValue>
</operation>

<operation id="90" st_id="6" stage="1" lat="1">
<core>AddSub</core>
<MemPortIdVec></MemPortIdVec>
<condition id="-1">
<or_exp><and_exp></and_exp></or_exp>
</condition>

<Node id="106" bw="5" op_0_bw="5" op_1_bw="5">
<![CDATA[
:4  %in_idx = add i5 %in_idx_i, 1

]]></Node>
<StgValue><ssdm name="in_idx"/></StgValue>
</operation>

<operation id="91" st_id="6" stage="1" lat="1">
<core>NULL</core>
<MemPortIdVec></MemPortIdVec>
<condition id="-1">
<or_exp><and_exp></and_exp></or_exp>
</condition>

<Node id="107" bw="0" op_0_bw="1" op_1_bw="0" op_2_bw="0">
<![CDATA[
:5  br i1 %exitcond_i, label %_ZN8ap_fixedILi32ELi11EL9ap_q_mode5EL9ap_o_mode3ELi0EEC1ILi32ELi16ELb1ELS0_5ELS1_3ELi0EEERK13ap_fixed_baseIXT_EXT0_EXT1_EXT2_EXT3_EXT4_EE.exit.i, label %_ZN13ap_fixed_baseILi65ELi23ELb1EL9ap_q_mode5EL9ap_o_mode3ELi0EEC1ILi32ELi16ELb1ELS0_5ELS1_3ELi0EEERKS_IXT_EXT0_EXT1_EXT2_EXT3_EXT4_EE.exit.i.i.i

]]></Node>
<StgValue><ssdm name=""/></StgValue>
</operation>

<operation id="92" st_id="6" stage="1" lat="1">
<core>NULL</core>
<MemPortIdVec></MemPortIdVec>
<condition id="-1">
<or_exp><and_exp><literal name="exitcond_i" val="0"/>
</and_exp></or_exp>
</condition>

<Node id="125" bw="7" op_0_bw="5">
<![CDATA[
_ZN13ap_fixed_baseILi65ELi23ELb1EL9ap_q_mode5EL9ap_o_mode3ELi0EEC1ILi32ELi16ELb1ELS0_5ELS1_3ELi0EEERKS_IXT_EXT0_EXT1_EXT2_EXT3_EXT4_EE.exit.i.i.i:16  %tmp_2_i_cast = zext i5 %in_idx_i to i7

]]></Node>
<StgValue><ssdm name="tmp_2_i_cast"/></StgValue>
</operation>

<operation id="93" st_id="6" stage="1" lat="1">
<core>AddSub</core>
<MemPortIdVec></MemPortIdVec>
<condition id="-1">
<or_exp><and_exp><literal name="exitcond_i" val="0"/>
</and_exp></or_exp>
</condition>

<Node id="126" bw="7" op_0_bw="7" op_1_bw="7">
<![CDATA[
_ZN13ap_fixed_baseILi65ELi23ELb1EL9ap_q_mode5EL9ap_o_mode3ELi0EEC1ILi32ELi16ELb1ELS0_5ELS1_3ELi0EEERKS_IXT_EXT0_EXT1_EXT2_EXT3_EXT4_EE.exit.i.i.i:17  %tmp_s = add i7 %tmp_6_cast, %tmp_2_i_cast

]]></Node>
<StgValue><ssdm name="tmp_s"/></StgValue>
</operation>

<operation id="94" st_id="6" stage="1" lat="1">
<core>NULL</core>
<MemPortIdVec></MemPortIdVec>
<condition id="-1">
<or_exp><and_exp><literal name="exitcond_i" val="0"/>
</and_exp></or_exp>
</condition>

<Node id="127" bw="64" op_0_bw="7">
<![CDATA[
_ZN13ap_fixed_baseILi65ELi23ELb1EL9ap_q_mode5EL9ap_o_mode3ELi0EEC1ILi32ELi16ELb1ELS0_5ELS1_3ELi0EEERKS_IXT_EXT0_EXT1_EXT2_EXT3_EXT4_EE.exit.i.i.i:18  %tmp_10_cast = zext i7 %tmp_s to i64

]]></Node>
<StgValue><ssdm name="tmp_10_cast"/></StgValue>
</operation>

<operation id="95" st_id="6" stage="1" lat="1">
<core>NULL</core>
<MemPortIdVec></MemPortIdVec>
<condition id="-1">
<or_exp><and_exp><literal name="exitcond_i" val="0"/>
</and_exp></or_exp>
</condition>

<Node id="128" bw="5" op_0_bw="22" op_1_bw="64" op_2_bw="64">
<![CDATA[
_ZN13ap_fixed_baseILi65ELi23ELb1EL9ap_q_mode5EL9ap_o_mode3ELi0EEC1ILi32ELi16ELb1ELS0_5ELS1_3ELi0EEERKS_IXT_EXT0_EXT1_EXT2_EXT3_EXT4_EE.exit.i.i.i:19  %fc_weight_V_addr = getelementptr [32 x i22]* @fc_weight_V, i64 0, i64 %tmp_10_cast

]]></Node>
<StgValue><ssdm name="fc_weight_V_addr"/></StgValue>
</operation>

<operation id="96" st_id="6" stage="1" lat="1">
<core>NULL</core>
<MemPortIdVec></MemPortIdVec>
<condition id="-1">
<or_exp><and_exp><literal name="exitcond_i" val="0"/>
</and_exp></or_exp>
</condition>

<Node id="129" bw="4" op_0_bw="5">
<![CDATA[
_ZN13ap_fixed_baseILi65ELi23ELb1EL9ap_q_mode5EL9ap_o_mode3ELi0EEC1ILi32ELi16ELb1ELS0_5ELS1_3ELi0EEERKS_IXT_EXT0_EXT1_EXT2_EXT3_EXT4_EE.exit.i.i.i:20  %tmp_14 = trunc i5 %in_idx_i to i4

]]></Node>
<StgValue><ssdm name="tmp_14"/></StgValue>
</operation>

<operation id="97" st_id="6" stage="2" lat="2">
<core>ROM_nP</core>
<MemPortIdVec>0 </MemPortIdVec>
<condition id="-1">
<or_exp><and_exp><literal name="exitcond_i" val="0"/>
</and_exp></or_exp>
</condition>

<Node id="132" bw="22" op_0_bw="5">
<![CDATA[
_ZN13ap_fixed_baseILi65ELi23ELb1EL9ap_q_mode5EL9ap_o_mode3ELi0EEC1ILi32ELi16ELb1ELS0_5ELS1_3ELi0EEERKS_IXT_EXT0_EXT1_EXT2_EXT3_EXT4_EE.exit.i.i.i:23  %fc_weight_V_load = load i22* %fc_weight_V_addr, align 4

]]></Node>
<StgValue><ssdm name="fc_weight_V_load"/></StgValue>
</operation>

<operation id="98" st_id="6" stage="1" lat="1">
<core>NULL</core>
<MemPortIdVec></MemPortIdVec>
<condition id="-1">
<or_exp><and_exp><literal name="exitcond_i" val="1"/>
</and_exp></or_exp>
</condition>

<Node id="141" bw="32" op_0_bw="32" op_1_bw="32">
<![CDATA[
_ZN8ap_fixedILi32ELi11EL9ap_q_mode5EL9ap_o_mode3ELi0EEC1ILi32ELi16ELb1ELS0_5ELS1_3ELi0EEERK13ap_fixed_baseIXT_EXT0_EXT1_EXT2_EXT3_EXT4_EE.exit.i:0  %tmp_V_58 = shl i32 %p_Val2_1, 5

]]></Node>
<StgValue><ssdm name="tmp_V_58"/></StgValue>
</operation>

<operation id="99" st_id="6" stage="1" lat="1">
<core>FIFO_SRL</core>
<MemPortIdVec></MemPortIdVec>
<condition id="-1">
<or_exp><and_exp><literal name="exitcond_i" val="1"/>
</and_exp></or_exp>
</condition>

<Node id="142" bw="0" op_0_bw="0" op_1_bw="32" op_2_bw="32">
<![CDATA[
_ZN8ap_fixedILi32ELi11EL9ap_q_mode5EL9ap_o_mode3ELi0EEC1ILi32ELi16ELb1ELS0_5ELS1_3ELi0EEERK13ap_fixed_baseIXT_EXT0_EXT1_EXT2_EXT3_EXT4_EE.exit.i:1  call void @_ssdm_op_Write.ap_fifo.volatile.i32P(i32* @fc_out_V_V, i32 %tmp_V_58)

]]></Node>
<StgValue><ssdm name=""/></StgValue>
</operation>

<operation id="100" st_id="6" stage="1" lat="1">
<core>NULL</core>
<MemPortIdVec></MemPortIdVec>
<condition id="-1">
<or_exp><and_exp><literal name="exitcond_i" val="1"/>
</and_exp></or_exp>
</condition>

<Node id="143" bw="0" op_0_bw="0">
<![CDATA[
_ZN8ap_fixedILi32ELi11EL9ap_q_mode5EL9ap_o_mode3ELi0EEC1ILi32ELi16ELb1ELS0_5ELS1_3ELi0EEERK13ap_fixed_baseIXT_EXT0_EXT1_EXT2_EXT3_EXT4_EE.exit.i:2  br label %.preheader.i

]]></Node>
<StgValue><ssdm name=""/></StgValue>
</operation>
</state>

<state id="7" st_id="7">

<operation id="101" st_id="7" stage="1" lat="1">
<core>NULL</core>
<MemPortIdVec></MemPortIdVec>
<condition id="-1">
<or_exp><and_exp></and_exp></or_exp>
</condition>

<Node id="109" bw="32" op_0_bw="32">
<![CDATA[
_ZN13ap_fixed_baseILi65ELi23ELb1EL9ap_q_mode5EL9ap_o_mode3ELi0EEC1ILi32ELi16ELb1ELS0_5ELS1_3ELi0EEERKS_IXT_EXT0_EXT1_EXT2_EXT3_EXT4_EE.exit.i.i.i:0  %tmp_V_load = load i32* %tmp_V

]]></Node>
<StgValue><ssdm name="tmp_V_load"/></StgValue>
</operation>

<operation id="102" st_id="7" stage="1" lat="1">
<core>NULL</core>
<MemPortIdVec></MemPortIdVec>
<condition id="-1">
<or_exp><and_exp></and_exp></or_exp>
</condition>

<Node id="110" bw="32" op_0_bw="32">
<![CDATA[
_ZN13ap_fixed_baseILi65ELi23ELb1EL9ap_q_mode5EL9ap_o_mode3ELi0EEC1ILi32ELi16ELb1ELS0_5ELS1_3ELi0EEERKS_IXT_EXT0_EXT1_EXT2_EXT3_EXT4_EE.exit.i.i.i:1  %tmp_V_42_load = load i32* %tmp_V_42

]]></Node>
<StgValue><ssdm name="tmp_V_42_load"/></StgValue>
</operation>

<operation id="103" st_id="7" stage="1" lat="1">
<core>NULL</core>
<MemPortIdVec></MemPortIdVec>
<condition id="-1">
<or_exp><and_exp></and_exp></or_exp>
</condition>

<Node id="111" bw="32" op_0_bw="32">
<![CDATA[
_ZN13ap_fixed_baseILi65ELi23ELb1EL9ap_q_mode5EL9ap_o_mode3ELi0EEC1ILi32ELi16ELb1ELS0_5ELS1_3ELi0EEERKS_IXT_EXT0_EXT1_EXT2_EXT3_EXT4_EE.exit.i.i.i:2  %tmp_V_43_load = load i32* %tmp_V_43

]]></Node>
<StgValue><ssdm name="tmp_V_43_load"/></StgValue>
</operation>

<operation id="104" st_id="7" stage="1" lat="1">
<core>NULL</core>
<MemPortIdVec></MemPortIdVec>
<condition id="-1">
<or_exp><and_exp></and_exp></or_exp>
</condition>

<Node id="112" bw="32" op_0_bw="32">
<![CDATA[
_ZN13ap_fixed_baseILi65ELi23ELb1EL9ap_q_mode5EL9ap_o_mode3ELi0EEC1ILi32ELi16ELb1ELS0_5ELS1_3ELi0EEERKS_IXT_EXT0_EXT1_EXT2_EXT3_EXT4_EE.exit.i.i.i:3  %tmp_V_44_load = load i32* %tmp_V_44

]]></Node>
<StgValue><ssdm name="tmp_V_44_load"/></StgValue>
</operation>

<operation id="105" st_id="7" stage="1" lat="1">
<core>NULL</core>
<MemPortIdVec></MemPortIdVec>
<condition id="-1">
<or_exp><and_exp></and_exp></or_exp>
</condition>

<Node id="113" bw="32" op_0_bw="32">
<![CDATA[
_ZN13ap_fixed_baseILi65ELi23ELb1EL9ap_q_mode5EL9ap_o_mode3ELi0EEC1ILi32ELi16ELb1ELS0_5ELS1_3ELi0EEERKS_IXT_EXT0_EXT1_EXT2_EXT3_EXT4_EE.exit.i.i.i:4  %tmp_V_45_load = load i32* %tmp_V_45

]]></Node>
<StgValue><ssdm name="tmp_V_45_load"/></StgValue>
</operation>

<operation id="106" st_id="7" stage="1" lat="1">
<core>NULL</core>
<MemPortIdVec></MemPortIdVec>
<condition id="-1">
<or_exp><and_exp></and_exp></or_exp>
</condition>

<Node id="114" bw="32" op_0_bw="32">
<![CDATA[
_ZN13ap_fixed_baseILi65ELi23ELb1EL9ap_q_mode5EL9ap_o_mode3ELi0EEC1ILi32ELi16ELb1ELS0_5ELS1_3ELi0EEERKS_IXT_EXT0_EXT1_EXT2_EXT3_EXT4_EE.exit.i.i.i:5  %tmp_V_46_load = load i32* %tmp_V_46

]]></Node>
<StgValue><ssdm name="tmp_V_46_load"/></StgValue>
</operation>

<operation id="107" st_id="7" stage="1" lat="1">
<core>NULL</core>
<MemPortIdVec></MemPortIdVec>
<condition id="-1">
<or_exp><and_exp></and_exp></or_exp>
</condition>

<Node id="115" bw="32" op_0_bw="32">
<![CDATA[
_ZN13ap_fixed_baseILi65ELi23ELb1EL9ap_q_mode5EL9ap_o_mode3ELi0EEC1ILi32ELi16ELb1ELS0_5ELS1_3ELi0EEERKS_IXT_EXT0_EXT1_EXT2_EXT3_EXT4_EE.exit.i.i.i:6  %tmp_V_47_load = load i32* %tmp_V_47

]]></Node>
<StgValue><ssdm name="tmp_V_47_load"/></StgValue>
</operation>

<operation id="108" st_id="7" stage="1" lat="1">
<core>NULL</core>
<MemPortIdVec></MemPortIdVec>
<condition id="-1">
<or_exp><and_exp></and_exp></or_exp>
</condition>

<Node id="116" bw="32" op_0_bw="32">
<![CDATA[
_ZN13ap_fixed_baseILi65ELi23ELb1EL9ap_q_mode5EL9ap_o_mode3ELi0EEC1ILi32ELi16ELb1ELS0_5ELS1_3ELi0EEERKS_IXT_EXT0_EXT1_EXT2_EXT3_EXT4_EE.exit.i.i.i:7  %tmp_V_48_load = load i32* %tmp_V_48

]]></Node>
<StgValue><ssdm name="tmp_V_48_load"/></StgValue>
</operation>

<operation id="109" st_id="7" stage="1" lat="1">
<core>NULL</core>
<MemPortIdVec></MemPortIdVec>
<condition id="-1">
<or_exp><and_exp></and_exp></or_exp>
</condition>

<Node id="117" bw="32" op_0_bw="32">
<![CDATA[
_ZN13ap_fixed_baseILi65ELi23ELb1EL9ap_q_mode5EL9ap_o_mode3ELi0EEC1ILi32ELi16ELb1ELS0_5ELS1_3ELi0EEERKS_IXT_EXT0_EXT1_EXT2_EXT3_EXT4_EE.exit.i.i.i:8  %tmp_V_49_load = load i32* %tmp_V_49

]]></Node>
<StgValue><ssdm name="tmp_V_49_load"/></StgValue>
</operation>

<operation id="110" st_id="7" stage="1" lat="1">
<core>NULL</core>
<MemPortIdVec></MemPortIdVec>
<condition id="-1">
<or_exp><and_exp></and_exp></or_exp>
</condition>

<Node id="118" bw="32" op_0_bw="32">
<![CDATA[
_ZN13ap_fixed_baseILi65ELi23ELb1EL9ap_q_mode5EL9ap_o_mode3ELi0EEC1ILi32ELi16ELb1ELS0_5ELS1_3ELi0EEERKS_IXT_EXT0_EXT1_EXT2_EXT3_EXT4_EE.exit.i.i.i:9  %tmp_V_50_load = load i32* %tmp_V_50

]]></Node>
<StgValue><ssdm name="tmp_V_50_load"/></StgValue>
</operation>

<operation id="111" st_id="7" stage="1" lat="1">
<core>NULL</core>
<MemPortIdVec></MemPortIdVec>
<condition id="-1">
<or_exp><and_exp></and_exp></or_exp>
</condition>

<Node id="119" bw="32" op_0_bw="32">
<![CDATA[
_ZN13ap_fixed_baseILi65ELi23ELb1EL9ap_q_mode5EL9ap_o_mode3ELi0EEC1ILi32ELi16ELb1ELS0_5ELS1_3ELi0EEERKS_IXT_EXT0_EXT1_EXT2_EXT3_EXT4_EE.exit.i.i.i:10  %tmp_V_51_load = load i32* %tmp_V_51

]]></Node>
<StgValue><ssdm name="tmp_V_51_load"/></StgValue>
</operation>

<operation id="112" st_id="7" stage="1" lat="1">
<core>NULL</core>
<MemPortIdVec></MemPortIdVec>
<condition id="-1">
<or_exp><and_exp></and_exp></or_exp>
</condition>

<Node id="120" bw="32" op_0_bw="32">
<![CDATA[
_ZN13ap_fixed_baseILi65ELi23ELb1EL9ap_q_mode5EL9ap_o_mode3ELi0EEC1ILi32ELi16ELb1ELS0_5ELS1_3ELi0EEERKS_IXT_EXT0_EXT1_EXT2_EXT3_EXT4_EE.exit.i.i.i:11  %tmp_V_52_load = load i32* %tmp_V_52

]]></Node>
<StgValue><ssdm name="tmp_V_52_load"/></StgValue>
</operation>

<operation id="113" st_id="7" stage="1" lat="1">
<core>NULL</core>
<MemPortIdVec></MemPortIdVec>
<condition id="-1">
<or_exp><and_exp></and_exp></or_exp>
</condition>

<Node id="121" bw="32" op_0_bw="32">
<![CDATA[
_ZN13ap_fixed_baseILi65ELi23ELb1EL9ap_q_mode5EL9ap_o_mode3ELi0EEC1ILi32ELi16ELb1ELS0_5ELS1_3ELi0EEERKS_IXT_EXT0_EXT1_EXT2_EXT3_EXT4_EE.exit.i.i.i:12  %tmp_V_53_load = load i32* %tmp_V_53

]]></Node>
<StgValue><ssdm name="tmp_V_53_load"/></StgValue>
</operation>

<operation id="114" st_id="7" stage="1" lat="1">
<core>NULL</core>
<MemPortIdVec></MemPortIdVec>
<condition id="-1">
<or_exp><and_exp></and_exp></or_exp>
</condition>

<Node id="122" bw="32" op_0_bw="32">
<![CDATA[
_ZN13ap_fixed_baseILi65ELi23ELb1EL9ap_q_mode5EL9ap_o_mode3ELi0EEC1ILi32ELi16ELb1ELS0_5ELS1_3ELi0EEERKS_IXT_EXT0_EXT1_EXT2_EXT3_EXT4_EE.exit.i.i.i:13  %tmp_V_54_load = load i32* %tmp_V_54

]]></Node>
<StgValue><ssdm name="tmp_V_54_load"/></StgValue>
</operation>

<operation id="115" st_id="7" stage="1" lat="1">
<core>NULL</core>
<MemPortIdVec></MemPortIdVec>
<condition id="-1">
<or_exp><and_exp></and_exp></or_exp>
</condition>

<Node id="123" bw="32" op_0_bw="32">
<![CDATA[
_ZN13ap_fixed_baseILi65ELi23ELb1EL9ap_q_mode5EL9ap_o_mode3ELi0EEC1ILi32ELi16ELb1ELS0_5ELS1_3ELi0EEERKS_IXT_EXT0_EXT1_EXT2_EXT3_EXT4_EE.exit.i.i.i:14  %tmp_V_55_load = load i32* %tmp_V_55

]]></Node>
<StgValue><ssdm name="tmp_V_55_load"/></StgValue>
</operation>

<operation id="116" st_id="7" stage="1" lat="1">
<core>NULL</core>
<MemPortIdVec></MemPortIdVec>
<condition id="-1">
<or_exp><and_exp></and_exp></or_exp>
</condition>

<Node id="124" bw="32" op_0_bw="32">
<![CDATA[
_ZN13ap_fixed_baseILi65ELi23ELb1EL9ap_q_mode5EL9ap_o_mode3ELi0EEC1ILi32ELi16ELb1ELS0_5ELS1_3ELi0EEERKS_IXT_EXT0_EXT1_EXT2_EXT3_EXT4_EE.exit.i.i.i:15  %tmp_V_56_load = load i32* %tmp_V_56

]]></Node>
<StgValue><ssdm name="tmp_V_56_load"/></StgValue>
</operation>

<operation id="117" st_id="7" stage="1" lat="1">
<core>MuxnS</core>
<MemPortIdVec></MemPortIdVec>
<condition id="-1">
<or_exp><and_exp></and_exp></or_exp>
</condition>

<Node id="130" bw="32" op_0_bw="32" op_1_bw="32" op_2_bw="32" op_3_bw="32" op_4_bw="32" op_5_bw="32" op_6_bw="32" op_7_bw="32" op_8_bw="32" op_9_bw="32" op_10_bw="32" op_11_bw="32" op_12_bw="32" op_13_bw="32" op_14_bw="32" op_15_bw="32" op_16_bw="32" op_17_bw="4">
<![CDATA[
_ZN13ap_fixed_baseILi65ELi23ELb1EL9ap_q_mode5EL9ap_o_mode3ELi0EEC1ILi32ELi16ELb1ELS0_5ELS1_3ELi0EEERKS_IXT_EXT0_EXT1_EXT2_EXT3_EXT4_EE.exit.i.i.i:21  %tmp_9 = call i32 @_ssdm_op_Mux.ap_auto.16i32.i4(i32 %tmp_V_load, i32 %tmp_V_42_load, i32 %tmp_V_43_load, i32 %tmp_V_44_load, i32 %tmp_V_45_load, i32 %tmp_V_46_load, i32 %tmp_V_47_load, i32 %tmp_V_48_load, i32 %tmp_V_49_load, i32 %tmp_V_50_load, i32 %tmp_V_51_load, i32 %tmp_V_52_load, i32 %tmp_V_53_load, i32 %tmp_V_54_load, i32 %tmp_V_55_load, i32 %tmp_V_56_load, i4 %tmp_14)

]]></Node>
<StgValue><ssdm name="tmp_9"/></StgValue>
</operation>

<operation id="118" st_id="7" stage="1" lat="2">
<core>ROM_nP</core>
<MemPortIdVec>0 </MemPortIdVec>
<condition id="-1">
<or_exp><and_exp></and_exp></or_exp>
</condition>

<Node id="132" bw="22" op_0_bw="5">
<![CDATA[
_ZN13ap_fixed_baseILi65ELi23ELb1EL9ap_q_mode5EL9ap_o_mode3ELi0EEC1ILi32ELi16ELb1ELS0_5ELS1_3ELi0EEERKS_IXT_EXT0_EXT1_EXT2_EXT3_EXT4_EE.exit.i.i.i:23  %fc_weight_V_load = load i22* %fc_weight_V_addr, align 4

]]></Node>
<StgValue><ssdm name="fc_weight_V_load"/></StgValue>
</operation>
</state>

<state id="8" st_id="8">

<operation id="119" st_id="8" stage="1" lat="1">
<core>NULL</core>
<MemPortIdVec></MemPortIdVec>
<condition id="-1">
<or_exp><and_exp></and_exp></or_exp>
</condition>

<Node id="131" bw="53" op_0_bw="32">
<![CDATA[
_ZN13ap_fixed_baseILi65ELi23ELb1EL9ap_q_mode5EL9ap_o_mode3ELi0EEC1ILi32ELi16ELb1ELS0_5ELS1_3ELi0EEERKS_IXT_EXT0_EXT1_EXT2_EXT3_EXT4_EE.exit.i.i.i:22  %r_V_cast_i = sext i32 %tmp_9 to i53

]]></Node>
<StgValue><ssdm name="r_V_cast_i"/></StgValue>
</operation>

<operation id="120" st_id="8" stage="1" lat="1">
<core>NULL</core>
<MemPortIdVec></MemPortIdVec>
<condition id="-1">
<or_exp><and_exp></and_exp></or_exp>
</condition>

<Node id="133" bw="53" op_0_bw="22">
<![CDATA[
_ZN13ap_fixed_baseILi65ELi23ELb1EL9ap_q_mode5EL9ap_o_mode3ELi0EEC1ILi32ELi16ELb1ELS0_5ELS1_3ELi0EEERKS_IXT_EXT0_EXT1_EXT2_EXT3_EXT4_EE.exit.i.i.i:24  %tmp_3_cast_i = sext i22 %fc_weight_V_load to i53

]]></Node>
<StgValue><ssdm name="tmp_3_cast_i"/></StgValue>
</operation>

<operation id="121" st_id="8" stage="1" lat="1">
<core>Mul</core>
<MemPortIdVec></MemPortIdVec>
<condition id="-1">
<or_exp><and_exp></and_exp></or_exp>
</condition>

<Node id="134" bw="53" op_0_bw="53" op_1_bw="53">
<![CDATA[
_ZN13ap_fixed_baseILi65ELi23ELb1EL9ap_q_mode5EL9ap_o_mode3ELi0EEC1ILi32ELi16ELb1ELS0_5ELS1_3ELi0EEERKS_IXT_EXT0_EXT1_EXT2_EXT3_EXT4_EE.exit.i.i.i:25  %r_V = mul i53 %tmp_3_cast_i, %r_V_cast_i

]]></Node>
<StgValue><ssdm name="r_V"/></StgValue>
</operation>
</state>

<state id="9" st_id="9">

<operation id="122" st_id="9" stage="1" lat="1">
<core>NULL</core>
<MemPortIdVec></MemPortIdVec>
<condition id="-1">
<or_exp><and_exp></and_exp></or_exp>
</condition>

<Node id="135" bw="58" op_0_bw="58" op_1_bw="32" op_2_bw="26">
<![CDATA[
_ZN13ap_fixed_baseILi65ELi23ELb1EL9ap_q_mode5EL9ap_o_mode3ELi0EEC1ILi32ELi16ELb1ELS0_5ELS1_3ELi0EEERKS_IXT_EXT0_EXT1_EXT2_EXT3_EXT4_EE.exit.i.i.i:26  %lhs_V = call i58 @_ssdm_op_BitConcatenate.i58.i32.i26(i32 %p_Val2_1, i26 0)

]]></Node>
<StgValue><ssdm name="lhs_V"/></StgValue>
</operation>

<operation id="123" st_id="9" stage="1" lat="1">
<core>NULL</core>
<MemPortIdVec></MemPortIdVec>
<condition id="-1">
<or_exp><and_exp></and_exp></or_exp>
</condition>

<Node id="136" bw="58" op_0_bw="53">
<![CDATA[
_ZN13ap_fixed_baseILi65ELi23ELb1EL9ap_q_mode5EL9ap_o_mode3ELi0EEC1ILi32ELi16ELb1ELS0_5ELS1_3ELi0EEERKS_IXT_EXT0_EXT1_EXT2_EXT3_EXT4_EE.exit.i.i.i:27  %tmp_4_cast_i = sext i53 %r_V to i58

]]></Node>
<StgValue><ssdm name="tmp_4_cast_i"/></StgValue>
</operation>

<operation id="124" st_id="9" stage="1" lat="1">
<core>AddSub</core>
<MemPortIdVec></MemPortIdVec>
<condition id="-1">
<or_exp><and_exp></and_exp></or_exp>
</condition>

<Node id="137" bw="58" op_0_bw="58" op_1_bw="58">
<![CDATA[
_ZN13ap_fixed_baseILi65ELi23ELb1EL9ap_q_mode5EL9ap_o_mode3ELi0EEC1ILi32ELi16ELb1ELS0_5ELS1_3ELi0EEERKS_IXT_EXT0_EXT1_EXT2_EXT3_EXT4_EE.exit.i.i.i:28  %ret_V = add i58 %tmp_4_cast_i, %lhs_V

]]></Node>
<StgValue><ssdm name="ret_V"/></StgValue>
</operation>

<operation id="125" st_id="9" stage="1" lat="1">
<core>NULL</core>
<MemPortIdVec></MemPortIdVec>
<condition id="-1">
<or_exp><and_exp></and_exp></or_exp>
</condition>

<Node id="138" bw="32" op_0_bw="32" op_1_bw="58" op_2_bw="32" op_3_bw="32">
<![CDATA[
_ZN13ap_fixed_baseILi65ELi23ELb1EL9ap_q_mode5EL9ap_o_mode3ELi0EEC1ILi32ELi16ELb1ELS0_5ELS1_3ELi0EEERKS_IXT_EXT0_EXT1_EXT2_EXT3_EXT4_EE.exit.i.i.i:29  %acc_V_1 = call i32 @_ssdm_op_PartSelect.i32.i58.i32.i32(i58 %ret_V, i32 26, i32 57)

]]></Node>
<StgValue><ssdm name="acc_V_1"/></StgValue>
</operation>

<operation id="126" st_id="9" stage="1" lat="1">
<core>NULL</core>
<MemPortIdVec></MemPortIdVec>
<condition id="-1">
<or_exp><and_exp></and_exp></or_exp>
</condition>

<Node id="139" bw="0" op_0_bw="0">
<![CDATA[
_ZN13ap_fixed_baseILi65ELi23ELb1EL9ap_q_mode5EL9ap_o_mode3ELi0EEC1ILi32ELi16ELb1ELS0_5ELS1_3ELi0EEERKS_IXT_EXT0_EXT1_EXT2_EXT3_EXT4_EE.exit.i.i.i:30  br label %1

]]></Node>
<StgValue><ssdm name=""/></StgValue>
</operation>
</state>
</state_list>


<ports>
<port id="155" name="gap_out_V_V" dir="0" iftype="3">
<core>FIFO_SRL</core><StgValue><ssdm name="gap_out_V_V"/></StgValue>
</port>
<port id="156" name="fc_bias_V" dir="0" iftype="1">
<core>ROM_nP</core><StgValue><ssdm name="fc_bias_V"/><MemPortTyVec>1 </MemPortTyVec>
</StgValue>
</port>
<port id="157" name="fc_weight_V" dir="0" iftype="1">
<core>ROM_nP</core><StgValue><ssdm name="fc_weight_V"/><MemPortTyVec>1 </MemPortTyVec>
</StgValue>
</port>
<port id="158" name="fc_out_V_V" dir="1" iftype="3">
<core>FIFO_SRL</core><StgValue><ssdm name="fc_out_V_V"/></StgValue>
</port>
</ports>


<dataflows>
<dataflow id="160" from="StgValue_159" to="tmp_V" fromId="159" toId="10">
</dataflow>
<dataflow id="161" from="StgValue_159" to="tmp_V_42" fromId="159" toId="11">
</dataflow>
<dataflow id="162" from="StgValue_159" to="tmp_V_43" fromId="159" toId="12">
</dataflow>
<dataflow id="163" from="StgValue_159" to="tmp_V_44" fromId="159" toId="13">
</dataflow>
<dataflow id="164" from="StgValue_159" to="tmp_V_45" fromId="159" toId="14">
</dataflow>
<dataflow id="165" from="StgValue_159" to="tmp_V_46" fromId="159" toId="15">
</dataflow>
<dataflow id="166" from="StgValue_159" to="tmp_V_47" fromId="159" toId="16">
</dataflow>
<dataflow id="167" from="StgValue_159" to="tmp_V_48" fromId="159" toId="17">
</dataflow>
<dataflow id="168" from="StgValue_159" to="tmp_V_49" fromId="159" toId="18">
</dataflow>
<dataflow id="169" from="StgValue_159" to="tmp_V_50" fromId="159" toId="19">
</dataflow>
<dataflow id="170" from="StgValue_159" to="tmp_V_51" fromId="159" toId="20">
</dataflow>
<dataflow id="171" from="StgValue_159" to="tmp_V_52" fromId="159" toId="21">
</dataflow>
<dataflow id="172" from="StgValue_159" to="tmp_V_53" fromId="159" toId="22">
</dataflow>
<dataflow id="173" from="StgValue_159" to="tmp_V_54" fromId="159" toId="23">
</dataflow>
<dataflow id="174" from="StgValue_159" to="tmp_V_55" fromId="159" toId="24">
</dataflow>
<dataflow id="175" from="StgValue_159" to="tmp_V_56" fromId="159" toId="25">
</dataflow>
<dataflow id="177" from="_ssdm_op_SpecInterface" to="StgValue_26" fromId="176" toId="26">
</dataflow>
<dataflow id="178" from="fc_out_V_V" to="StgValue_26" fromId="158" toId="26">
</dataflow>
<dataflow id="180" from="ap_fifo_str" to="StgValue_26" fromId="179" toId="26">
</dataflow>
<dataflow id="182" from="StgValue_181" to="StgValue_26" fromId="181" toId="26">
</dataflow>
<dataflow id="183" from="StgValue_181" to="StgValue_26" fromId="181" toId="26">
</dataflow>
<dataflow id="185" from="p_str165" to="StgValue_26" fromId="184" toId="26">
</dataflow>
<dataflow id="186" from="StgValue_181" to="StgValue_26" fromId="181" toId="26">
</dataflow>
<dataflow id="187" from="StgValue_181" to="StgValue_26" fromId="181" toId="26">
</dataflow>
<dataflow id="189" from="p_str166" to="StgValue_26" fromId="188" toId="26">
</dataflow>
<dataflow id="191" from="p_str167" to="StgValue_26" fromId="190" toId="26">
</dataflow>
<dataflow id="193" from="p_str168" to="StgValue_26" fromId="192" toId="26">
</dataflow>
<dataflow id="195" from="StgValue_194" to="StgValue_26" fromId="194" toId="26">
</dataflow>
<dataflow id="196" from="StgValue_194" to="StgValue_26" fromId="194" toId="26">
</dataflow>
<dataflow id="198" from="StgValue_197" to="StgValue_26" fromId="197" toId="26">
</dataflow>
<dataflow id="199" from="StgValue_197" to="StgValue_26" fromId="197" toId="26">
</dataflow>
<dataflow id="201" from="p_str169" to="StgValue_26" fromId="200" toId="26">
</dataflow>
<dataflow id="203" from="p_str170" to="StgValue_26" fromId="202" toId="26">
</dataflow>
<dataflow id="204" from="_ssdm_op_SpecInterface" to="StgValue_27" fromId="176" toId="27">
</dataflow>
<dataflow id="205" from="gap_out_V_V" to="StgValue_27" fromId="155" toId="27">
</dataflow>
<dataflow id="206" from="ap_fifo_str" to="StgValue_27" fromId="179" toId="27">
</dataflow>
<dataflow id="207" from="StgValue_181" to="StgValue_27" fromId="181" toId="27">
</dataflow>
<dataflow id="208" from="StgValue_181" to="StgValue_27" fromId="181" toId="27">
</dataflow>
<dataflow id="210" from="p_str158" to="StgValue_27" fromId="209" toId="27">
</dataflow>
<dataflow id="211" from="StgValue_181" to="StgValue_27" fromId="181" toId="27">
</dataflow>
<dataflow id="212" from="StgValue_181" to="StgValue_27" fromId="181" toId="27">
</dataflow>
<dataflow id="214" from="p_str159" to="StgValue_27" fromId="213" toId="27">
</dataflow>
<dataflow id="216" from="p_str160" to="StgValue_27" fromId="215" toId="27">
</dataflow>
<dataflow id="218" from="p_str161" to="StgValue_27" fromId="217" toId="27">
</dataflow>
<dataflow id="219" from="StgValue_194" to="StgValue_27" fromId="194" toId="27">
</dataflow>
<dataflow id="220" from="StgValue_194" to="StgValue_27" fromId="194" toId="27">
</dataflow>
<dataflow id="221" from="StgValue_197" to="StgValue_27" fromId="197" toId="27">
</dataflow>
<dataflow id="222" from="StgValue_197" to="StgValue_27" fromId="197" toId="27">
</dataflow>
<dataflow id="224" from="p_str162" to="StgValue_27" fromId="223" toId="27">
</dataflow>
<dataflow id="226" from="p_str163" to="StgValue_27" fromId="225" toId="27">
</dataflow>
<dataflow id="228" from="StgValue_227" to="i_i" fromId="227" toId="29">
<condition id="-1">
<or_exp><and_exp></and_exp></or_exp>
</condition>
</dataflow>
<dataflow id="229" from="StgValue_28" to="i_i" fromId="28" toId="29">
</dataflow>
<dataflow id="230" from="i" to="i_i" fromId="32" toId="29">
<BackEdge/>
<condition id="-1">
<or_exp><and_exp></and_exp></or_exp>
</condition>
</dataflow>
<dataflow id="231" from="StgValue_70" to="i_i" fromId="70" toId="29">
<BackEdge/>
</dataflow>
<dataflow id="232" from="i_i" to="exitcond9_i" fromId="29" toId="30">
</dataflow>
<dataflow id="234" from="StgValue_233" to="exitcond9_i" fromId="233" toId="30">
</dataflow>
<dataflow id="236" from="_ssdm_op_SpecLoopTripCount" to="empty" fromId="235" toId="31">
</dataflow>
<dataflow id="238" from="StgValue_237" to="empty" fromId="237" toId="31">
</dataflow>
<dataflow id="239" from="StgValue_237" to="empty" fromId="237" toId="31">
</dataflow>
<dataflow id="240" from="StgValue_237" to="empty" fromId="237" toId="31">
</dataflow>
<dataflow id="241" from="i_i" to="i" fromId="29" toId="32">
</dataflow>
<dataflow id="243" from="StgValue_242" to="i" fromId="242" toId="32">
</dataflow>
<dataflow id="244" from="exitcond9_i" to="StgValue_33" fromId="30" toId="33">
</dataflow>
<dataflow id="246" from="_ssdm_op_Read.ap_fifo.volatile.i32P" to="tmp_V_59" fromId="245" toId="34">
</dataflow>
<dataflow id="247" from="gap_out_V_V" to="tmp_V_59" fromId="155" toId="34">
</dataflow>
<dataflow id="248" from="i_i" to="tmp_12" fromId="29" toId="35">
</dataflow>
<dataflow id="249" from="tmp_12" to="StgValue_36" fromId="35" toId="36">
</dataflow>
<dataflow id="251" from="StgValue_250" to="StgValue_36" fromId="250" toId="36">
</dataflow>
<dataflow id="253" from="StgValue_252" to="StgValue_36" fromId="252" toId="36">
</dataflow>
<dataflow id="255" from="StgValue_254" to="StgValue_36" fromId="254" toId="36">
</dataflow>
<dataflow id="257" from="StgValue_256" to="StgValue_36" fromId="256" toId="36">
</dataflow>
<dataflow id="259" from="StgValue_258" to="StgValue_36" fromId="258" toId="36">
</dataflow>
<dataflow id="261" from="StgValue_260" to="StgValue_36" fromId="260" toId="36">
</dataflow>
<dataflow id="263" from="StgValue_262" to="StgValue_36" fromId="262" toId="36">
</dataflow>
<dataflow id="265" from="StgValue_264" to="StgValue_36" fromId="264" toId="36">
</dataflow>
<dataflow id="267" from="StgValue_266" to="StgValue_36" fromId="266" toId="36">
</dataflow>
<dataflow id="269" from="StgValue_268" to="StgValue_36" fromId="268" toId="36">
</dataflow>
<dataflow id="271" from="StgValue_270" to="StgValue_36" fromId="270" toId="36">
</dataflow>
<dataflow id="273" from="StgValue_272" to="StgValue_36" fromId="272" toId="36">
</dataflow>
<dataflow id="275" from="StgValue_274" to="StgValue_36" fromId="274" toId="36">
</dataflow>
<dataflow id="277" from="StgValue_276" to="StgValue_36" fromId="276" toId="36">
</dataflow>
<dataflow id="279" from="StgValue_278" to="StgValue_36" fromId="278" toId="36">
</dataflow>
<dataflow id="280" from="tmp_V_59" to="StgValue_37" fromId="34" toId="37">
</dataflow>
<dataflow id="281" from="tmp_V_55" to="StgValue_37" fromId="24" toId="37">
</dataflow>
<dataflow id="282" from="tmp_V_59" to="StgValue_39" fromId="34" toId="39">
</dataflow>
<dataflow id="283" from="tmp_V_54" to="StgValue_39" fromId="23" toId="39">
</dataflow>
<dataflow id="284" from="tmp_V_59" to="StgValue_41" fromId="34" toId="41">
</dataflow>
<dataflow id="285" from="tmp_V_53" to="StgValue_41" fromId="22" toId="41">
</dataflow>
<dataflow id="286" from="tmp_V_59" to="StgValue_43" fromId="34" toId="43">
</dataflow>
<dataflow id="287" from="tmp_V_52" to="StgValue_43" fromId="21" toId="43">
</dataflow>
<dataflow id="288" from="tmp_V_59" to="StgValue_45" fromId="34" toId="45">
</dataflow>
<dataflow id="289" from="tmp_V_51" to="StgValue_45" fromId="20" toId="45">
</dataflow>
<dataflow id="290" from="tmp_V_59" to="StgValue_47" fromId="34" toId="47">
</dataflow>
<dataflow id="291" from="tmp_V_50" to="StgValue_47" fromId="19" toId="47">
</dataflow>
<dataflow id="292" from="tmp_V_59" to="StgValue_49" fromId="34" toId="49">
</dataflow>
<dataflow id="293" from="tmp_V_49" to="StgValue_49" fromId="18" toId="49">
</dataflow>
<dataflow id="294" from="tmp_V_59" to="StgValue_51" fromId="34" toId="51">
</dataflow>
<dataflow id="295" from="tmp_V_48" to="StgValue_51" fromId="17" toId="51">
</dataflow>
<dataflow id="296" from="tmp_V_59" to="StgValue_53" fromId="34" toId="53">
</dataflow>
<dataflow id="297" from="tmp_V_47" to="StgValue_53" fromId="16" toId="53">
</dataflow>
<dataflow id="298" from="tmp_V_59" to="StgValue_55" fromId="34" toId="55">
</dataflow>
<dataflow id="299" from="tmp_V_46" to="StgValue_55" fromId="15" toId="55">
</dataflow>
<dataflow id="300" from="tmp_V_59" to="StgValue_57" fromId="34" toId="57">
</dataflow>
<dataflow id="301" from="tmp_V_45" to="StgValue_57" fromId="14" toId="57">
</dataflow>
<dataflow id="302" from="tmp_V_59" to="StgValue_59" fromId="34" toId="59">
</dataflow>
<dataflow id="303" from="tmp_V_44" to="StgValue_59" fromId="13" toId="59">
</dataflow>
<dataflow id="304" from="tmp_V_59" to="StgValue_61" fromId="34" toId="61">
</dataflow>
<dataflow id="305" from="tmp_V_43" to="StgValue_61" fromId="12" toId="61">
</dataflow>
<dataflow id="306" from="tmp_V_59" to="StgValue_63" fromId="34" toId="63">
</dataflow>
<dataflow id="307" from="tmp_V_42" to="StgValue_63" fromId="11" toId="63">
</dataflow>
<dataflow id="308" from="tmp_V_59" to="StgValue_65" fromId="34" toId="65">
</dataflow>
<dataflow id="309" from="tmp_V" to="StgValue_65" fromId="10" toId="65">
</dataflow>
<dataflow id="310" from="tmp_V_59" to="StgValue_67" fromId="34" toId="67">
</dataflow>
<dataflow id="311" from="tmp_V_56" to="StgValue_67" fromId="25" toId="67">
</dataflow>
<dataflow id="312" from="out_idx" to="out_idx_i" fromId="74" toId="71">
<BackEdge/>
<condition id="-1">
<or_exp><and_exp><literal name="exitcond_i" val="1"/>
</and_exp></or_exp>
</condition>
</dataflow>
<dataflow id="313" from="StgValue_100" to="out_idx_i" fromId="100" toId="71">
<BackEdge/>
</dataflow>
<dataflow id="315" from="StgValue_314" to="out_idx_i" fromId="314" toId="71">
<condition id="-1">
<or_exp><and_exp><literal name="exitcond9_i" val="1"/>
</and_exp></or_exp>
</condition>
</dataflow>
<dataflow id="316" from="StgValue_69" to="out_idx_i" fromId="69" toId="71">
</dataflow>
<dataflow id="317" from="out_idx_i" to="exitcond1_i" fromId="71" toId="72">
</dataflow>
<dataflow id="319" from="StgValue_318" to="exitcond1_i" fromId="318" toId="72">
</dataflow>
<dataflow id="320" from="_ssdm_op_SpecLoopTripCount" to="empty_69" fromId="235" toId="73">
</dataflow>
<dataflow id="322" from="StgValue_321" to="empty_69" fromId="321" toId="73">
</dataflow>
<dataflow id="323" from="StgValue_321" to="empty_69" fromId="321" toId="73">
</dataflow>
<dataflow id="324" from="StgValue_321" to="empty_69" fromId="321" toId="73">
</dataflow>
<dataflow id="325" from="out_idx_i" to="out_idx" fromId="71" toId="74">
</dataflow>
<dataflow id="327" from="StgValue_326" to="out_idx" fromId="326" toId="74">
</dataflow>
<dataflow id="328" from="exitcond1_i" to="StgValue_75" fromId="72" toId="75">
</dataflow>
<dataflow id="329" from="out_idx_i" to="tmp_i" fromId="71" toId="76">
</dataflow>
<dataflow id="330" from="fc_bias_V" to="fc_bias_V_addr" fromId="156" toId="77">
</dataflow>
<dataflow id="332" from="StgValue_331" to="fc_bias_V_addr" fromId="331" toId="77">
</dataflow>
<dataflow id="333" from="tmp_i" to="fc_bias_V_addr" fromId="76" toId="77">
</dataflow>
<dataflow id="334" from="fc_bias_V_addr" to="p_Val2_s" fromId="77" toId="78">
</dataflow>
<dataflow id="336" from="_ssdm_op_BitConcatenate.i6.i2.i4" to="tmp" fromId="335" toId="80">
</dataflow>
<dataflow id="337" from="out_idx_i" to="tmp" fromId="71" toId="80">
</dataflow>
<dataflow id="338" from="StgValue_250" to="tmp" fromId="250" toId="80">
</dataflow>
<dataflow id="339" from="tmp" to="tmp_6_cast" fromId="80" toId="81">
</dataflow>
<dataflow id="340" from="fc_bias_V_addr" to="p_Val2_s" fromId="77" toId="82">
</dataflow>
<dataflow id="342" from="_ssdm_op_PartSelect.i14.i19.i32.i32" to="tmp_8" fromId="341" toId="83">
</dataflow>
<dataflow id="343" from="p_Val2_s" to="tmp_8" fromId="82" toId="83">
</dataflow>
<dataflow id="345" from="StgValue_344" to="tmp_8" fromId="344" toId="83">
</dataflow>
<dataflow id="347" from="StgValue_346" to="tmp_8" fromId="346" toId="83">
</dataflow>
<dataflow id="348" from="tmp_8" to="acc_V" fromId="83" toId="84">
</dataflow>
<dataflow id="349" from="acc_V" to="p_Val2_1" fromId="84" toId="86">
<condition id="-1">
<or_exp><and_exp></and_exp></or_exp>
</condition>
</dataflow>
<dataflow id="350" from="StgValue_85" to="p_Val2_1" fromId="85" toId="86">
</dataflow>
<dataflow id="351" from="acc_V_1" to="p_Val2_1" fromId="125" toId="86">
<BackEdge/>
<condition id="-1">
<or_exp><and_exp></and_exp></or_exp>
</condition>
</dataflow>
<dataflow id="352" from="StgValue_126" to="p_Val2_1" fromId="126" toId="86">
<BackEdge/>
</dataflow>
<dataflow id="353" from="StgValue_227" to="in_idx_i" fromId="227" toId="87">
<condition id="-1">
<or_exp><and_exp></and_exp></or_exp>
</condition>
</dataflow>
<dataflow id="354" from="StgValue_85" to="in_idx_i" fromId="85" toId="87">
</dataflow>
<dataflow id="355" from="in_idx" to="in_idx_i" fromId="90" toId="87">
<BackEdge/>
<condition id="-1">
<or_exp><and_exp></and_exp></or_exp>
</condition>
</dataflow>
<dataflow id="356" from="StgValue_126" to="in_idx_i" fromId="126" toId="87">
<BackEdge/>
</dataflow>
<dataflow id="357" from="in_idx_i" to="exitcond_i" fromId="87" toId="88">
</dataflow>
<dataflow id="358" from="StgValue_233" to="exitcond_i" fromId="233" toId="88">
</dataflow>
<dataflow id="359" from="_ssdm_op_SpecLoopTripCount" to="empty_70" fromId="235" toId="89">
</dataflow>
<dataflow id="360" from="StgValue_237" to="empty_70" fromId="237" toId="89">
</dataflow>
<dataflow id="361" from="StgValue_237" to="empty_70" fromId="237" toId="89">
</dataflow>
<dataflow id="362" from="StgValue_237" to="empty_70" fromId="237" toId="89">
</dataflow>
<dataflow id="363" from="in_idx_i" to="in_idx" fromId="87" toId="90">
</dataflow>
<dataflow id="364" from="StgValue_242" to="in_idx" fromId="242" toId="90">
</dataflow>
<dataflow id="365" from="exitcond_i" to="StgValue_91" fromId="88" toId="91">
</dataflow>
<dataflow id="366" from="in_idx_i" to="tmp_2_i_cast" fromId="87" toId="92">
</dataflow>
<dataflow id="367" from="tmp_6_cast" to="tmp_s" fromId="81" toId="93">
</dataflow>
<dataflow id="368" from="tmp_2_i_cast" to="tmp_s" fromId="92" toId="93">
</dataflow>
<dataflow id="369" from="tmp_s" to="tmp_10_cast" fromId="93" toId="94">
</dataflow>
<dataflow id="370" from="fc_weight_V" to="fc_weight_V_addr" fromId="157" toId="95">
</dataflow>
<dataflow id="371" from="StgValue_331" to="fc_weight_V_addr" fromId="331" toId="95">
</dataflow>
<dataflow id="372" from="tmp_10_cast" to="fc_weight_V_addr" fromId="94" toId="95">
</dataflow>
<dataflow id="373" from="in_idx_i" to="tmp_14" fromId="87" toId="96">
</dataflow>
<dataflow id="374" from="fc_weight_V_addr" to="fc_weight_V_load" fromId="95" toId="97">
</dataflow>
<dataflow id="375" from="p_Val2_1" to="tmp_V_58" fromId="86" toId="98">
</dataflow>
<dataflow id="376" from="StgValue_344" to="tmp_V_58" fromId="344" toId="98">
</dataflow>
<dataflow id="378" from="_ssdm_op_Write.ap_fifo.volatile.i32P" to="StgValue_99" fromId="377" toId="99">
</dataflow>
<dataflow id="379" from="fc_out_V_V" to="StgValue_99" fromId="158" toId="99">
</dataflow>
<dataflow id="380" from="tmp_V_58" to="StgValue_99" fromId="98" toId="99">
</dataflow>
<dataflow id="381" from="tmp_V" to="tmp_V_load" fromId="10" toId="101">
</dataflow>
<dataflow id="382" from="tmp_V_42" to="tmp_V_42_load" fromId="11" toId="102">
</dataflow>
<dataflow id="383" from="tmp_V_43" to="tmp_V_43_load" fromId="12" toId="103">
</dataflow>
<dataflow id="384" from="tmp_V_44" to="tmp_V_44_load" fromId="13" toId="104">
</dataflow>
<dataflow id="385" from="tmp_V_45" to="tmp_V_45_load" fromId="14" toId="105">
</dataflow>
<dataflow id="386" from="tmp_V_46" to="tmp_V_46_load" fromId="15" toId="106">
</dataflow>
<dataflow id="387" from="tmp_V_47" to="tmp_V_47_load" fromId="16" toId="107">
</dataflow>
<dataflow id="388" from="tmp_V_48" to="tmp_V_48_load" fromId="17" toId="108">
</dataflow>
<dataflow id="389" from="tmp_V_49" to="tmp_V_49_load" fromId="18" toId="109">
</dataflow>
<dataflow id="390" from="tmp_V_50" to="tmp_V_50_load" fromId="19" toId="110">
</dataflow>
<dataflow id="391" from="tmp_V_51" to="tmp_V_51_load" fromId="20" toId="111">
</dataflow>
<dataflow id="392" from="tmp_V_52" to="tmp_V_52_load" fromId="21" toId="112">
</dataflow>
<dataflow id="393" from="tmp_V_53" to="tmp_V_53_load" fromId="22" toId="113">
</dataflow>
<dataflow id="394" from="tmp_V_54" to="tmp_V_54_load" fromId="23" toId="114">
</dataflow>
<dataflow id="395" from="tmp_V_55" to="tmp_V_55_load" fromId="24" toId="115">
</dataflow>
<dataflow id="396" from="tmp_V_56" to="tmp_V_56_load" fromId="25" toId="116">
</dataflow>
<dataflow id="398" from="_ssdm_op_Mux.ap_auto.16i32.i4" to="tmp_9" fromId="397" toId="117">
</dataflow>
<dataflow id="399" from="tmp_V_load" to="tmp_9" fromId="101" toId="117">
</dataflow>
<dataflow id="400" from="tmp_V_42_load" to="tmp_9" fromId="102" toId="117">
</dataflow>
<dataflow id="401" from="tmp_V_43_load" to="tmp_9" fromId="103" toId="117">
</dataflow>
<dataflow id="402" from="tmp_V_44_load" to="tmp_9" fromId="104" toId="117">
</dataflow>
<dataflow id="403" from="tmp_V_45_load" to="tmp_9" fromId="105" toId="117">
</dataflow>
<dataflow id="404" from="tmp_V_46_load" to="tmp_9" fromId="106" toId="117">
</dataflow>
<dataflow id="405" from="tmp_V_47_load" to="tmp_9" fromId="107" toId="117">
</dataflow>
<dataflow id="406" from="tmp_V_48_load" to="tmp_9" fromId="108" toId="117">
</dataflow>
<dataflow id="407" from="tmp_V_49_load" to="tmp_9" fromId="109" toId="117">
</dataflow>
<dataflow id="408" from="tmp_V_50_load" to="tmp_9" fromId="110" toId="117">
</dataflow>
<dataflow id="409" from="tmp_V_51_load" to="tmp_9" fromId="111" toId="117">
</dataflow>
<dataflow id="410" from="tmp_V_52_load" to="tmp_9" fromId="112" toId="117">
</dataflow>
<dataflow id="411" from="tmp_V_53_load" to="tmp_9" fromId="113" toId="117">
</dataflow>
<dataflow id="412" from="tmp_V_54_load" to="tmp_9" fromId="114" toId="117">
</dataflow>
<dataflow id="413" from="tmp_V_55_load" to="tmp_9" fromId="115" toId="117">
</dataflow>
<dataflow id="414" from="tmp_V_56_load" to="tmp_9" fromId="116" toId="117">
</dataflow>
<dataflow id="415" from="tmp_14" to="tmp_9" fromId="96" toId="117">
</dataflow>
<dataflow id="416" from="fc_weight_V_addr" to="fc_weight_V_load" fromId="95" toId="118">
</dataflow>
<dataflow id="417" from="tmp_9" to="r_V_cast_i" fromId="117" toId="119">
</dataflow>
<dataflow id="418" from="fc_weight_V_load" to="tmp_3_cast_i" fromId="118" toId="120">
</dataflow>
<dataflow id="419" from="tmp_3_cast_i" to="r_V" fromId="120" toId="121">
</dataflow>
<dataflow id="420" from="r_V_cast_i" to="r_V" fromId="119" toId="121">
</dataflow>
<dataflow id="422" from="_ssdm_op_BitConcatenate.i58.i32.i26" to="lhs_V" fromId="421" toId="122">
</dataflow>
<dataflow id="423" from="p_Val2_1" to="lhs_V" fromId="86" toId="122">
</dataflow>
<dataflow id="425" from="StgValue_424" to="lhs_V" fromId="424" toId="122">
</dataflow>
<dataflow id="426" from="r_V" to="tmp_4_cast_i" fromId="121" toId="123">
</dataflow>
<dataflow id="427" from="tmp_4_cast_i" to="ret_V" fromId="123" toId="124">
</dataflow>
<dataflow id="428" from="lhs_V" to="ret_V" fromId="122" toId="124">
</dataflow>
<dataflow id="430" from="_ssdm_op_PartSelect.i32.i58.i32.i32" to="acc_V_1" fromId="429" toId="125">
</dataflow>
<dataflow id="431" from="ret_V" to="acc_V_1" fromId="124" toId="125">
</dataflow>
<dataflow id="433" from="StgValue_432" to="acc_V_1" fromId="432" toId="125">
</dataflow>
<dataflow id="435" from="StgValue_434" to="acc_V_1" fromId="434" toId="125">
</dataflow>
<dataflow id="436" from="exitcond9_i" to="StgValue_2" fromId="30" toId="2">
</dataflow>
<dataflow id="437" from="tmp_12" to="StgValue_2" fromId="35" toId="2">
</dataflow>
<dataflow id="438" from="exitcond1_i" to="StgValue_4" fromId="72" toId="4">
</dataflow>
<dataflow id="439" from="exitcond_i" to="StgValue_6" fromId="88" toId="6">
</dataflow>
</dataflows>


</stg>
