<profile>

<section name = "Vivado HLS Report for 'global_avg_pool_16_s'" level="0">
<item name = "Date">Mon Aug 11 03:12:06 2025
</item>
<item name = "Version">2018.3 (Build 2405991 on Thu Dec 06 23:56:15 MST 2018)</item>
<item name = "Project">CNN_HLS2</item>
<item name = "Solution">solution1</item>
<item name = "Product family">zynq</item>
<item name = "Target device">xc7z020clg484-1</item>
</section>

<section name = "Performance Estimates" level="0">
<item name = "Timing (ns)">
<section name = "" level="1">
<item name = "Summary"><table name="" hasTotal="0">
<keys size="4">Clock, Target, Estimated, Uncertainty</keys>
<column name="ap_clk">10.00, 8.495, 1.25</column>
</table>
</item>
</section>
</item>
<item name = "Latency (clock cycles)">
<section name = "" level="1">
<item name = "Summary"><table name="" hasTotal="0">
<keys size="6">, min, max, min, max, Type</keys>
<column name="">6066, 6066, 6066, 6066, none</column>
</table>
</item>
<item name = "Detail">
<section name = "" level="1">
<item name = "Instance"><table name="" hasTotal="0">
<keys size="7">Instance, Module, min, max, min, max, Type</keys>
</table>
</item>
<item name = "Loop"><table name="" hasTotal="0">
<keys size="8">Loop Name, min, max, Latency, achieved, target, Count, Pipelined</keys>
<column name="- AccumLoop">6000, 6000, 16, -, -, 375, no</column>
<column name="- AvgLoop">64, 64, 4, -, -, 16, no</column>
</table>
</item>
</section>
</item>
</section>
</item>
</section>

<section name = "Utilization Estimates" level="0">
<item name = "Summary"><table name="" hasTotal="1">
<keys size="5">Name, BRAM_18K, DSP48E, FF, LUT</keys>
<column name="DSP">-, -, -, -</column>
<column name="Expression">-, 4, 0, 941</column>
<column name="FIFO">-, -, -, -</column>
<column name="Instance">-, -, 0, 65</column>
<column name="Memory">-, -, -, -</column>
<column name="Multiplexer">-, -, -, 303</column>
<column name="Register">-, -, 1189, -</column>
<specialColumn name="Available">280, 220, 106400, 53200</specialColumn>
<specialColumn name="Utilization (%)">0, 1, 1, 2</specialColumn>
</table>
</item>
<item name = "Detail">
<section name = "" level="1">
<item name = "Instance"><table name="" hasTotal="1">
<keys size="6">Instance, Module, BRAM_18K, DSP48E, FF, LUT</keys>
<column name="cnn_stream_top_mucow_U128">cnn_stream_top_mucow, 0, 0, 0, 65</column>
</table>
</item>
<item name = "DSP48"><table name="" hasTotal="0">
<keys size="3">Instance, Module, Expression</keys>
</table>
</item>
<item name = "Memory"><table name="" hasTotal="1">
<keys size="9">Memory, Module, BRAM_18K, FF, LUT, Words, Bits, Banks, W*Bits*Banks</keys>
</table>
</item>
<item name = "FIFO"><table name="" hasTotal="1">
<keys size="7">Name, BRAM_18K, FF, LUT, Depth, Bits, Size:D*B</keys>
</table>
</item>
<item name = "Expression"><table name="" hasTotal="1">
<keys size="7">Variable Name, Operation, DSP48E, FF, LUT, Bitwidth P0, Bitwidth P1</keys>
<column name="mul_fu_846_p2">*, 4, 0, 22, 33, 32</column>
<column name="ch_fu_787_p2">+, 0, 0, 15, 5, 1</column>
<column name="i_fu_327_p2">+, 0, 0, 15, 9, 1</column>
<column name="ret_V_10_i_fu_653_p2">+, 0, 0, 44, 37, 37</column>
<column name="ret_V_11_i_fu_681_p2">+, 0, 0, 44, 37, 37</column>
<column name="ret_V_12_i_fu_709_p2">+, 0, 0, 44, 37, 37</column>
<column name="ret_V_13_i_fu_737_p2">+, 0, 0, 44, 37, 37</column>
<column name="ret_V_14_i_fu_765_p2">+, 0, 0, 44, 37, 37</column>
<column name="ret_V_1_i_fu_373_p2">+, 0, 0, 44, 37, 37</column>
<column name="ret_V_2_i_fu_401_p2">+, 0, 0, 44, 37, 37</column>
<column name="ret_V_3_i_fu_429_p2">+, 0, 0, 44, 37, 37</column>
<column name="ret_V_4_i_fu_457_p2">+, 0, 0, 44, 37, 37</column>
<column name="ret_V_5_i_fu_485_p2">+, 0, 0, 44, 37, 37</column>
<column name="ret_V_6_i_fu_513_p2">+, 0, 0, 44, 37, 37</column>
<column name="ret_V_7_i_fu_541_p2">+, 0, 0, 44, 37, 37</column>
<column name="ret_V_8_i_fu_569_p2">+, 0, 0, 44, 37, 37</column>
<column name="ret_V_9_i_fu_597_p2">+, 0, 0, 44, 37, 37</column>
<column name="ret_V_i_67_fu_625_p2">+, 0, 0, 44, 37, 37</column>
<column name="ret_V_i_fu_345_p2">+, 0, 0, 44, 37, 37</column>
<column name="neg_mul_fu_862_p2">-, 0, 0, 72, 1, 65</column>
<column name="neg_ti_fu_886_p2">-, 0, 0, 34, 1, 27</column>
<column name="ap_block_state2">and, 0, 0, 2, 1, 1</column>
<column name="exitcond2_i_fu_321_p2">icmp, 0, 0, 13, 9, 9</column>
<column name="exitcond_i_fu_781_p2">icmp, 0, 0, 11, 5, 6</column>
<column name="ap_block_state1">or, 0, 0, 2, 1, 1</column>
<column name="p_v_v_fu_877_p3">select, 0, 0, 24, 1, 24</column>
<column name="tmp_5_fu_895_p3">select, 0, 0, 27, 1, 27</column>
</table>
</item>
<item name = "Multiplexer"><table name="" hasTotal="1">
<keys size="5">Name, LUT, Input Size, Bits, Total Bits</keys>
<column name="ap_NS_fsm">105, 22, 1, 22</column>
<column name="ap_done">9, 2, 1, 2</column>
<column name="ch2_i_reg_310">9, 2, 5, 10</column>
<column name="channel_sums_0_V_reg_287">9, 2, 32, 64</column>
<column name="channel_sums_10_V_reg_167">9, 2, 32, 64</column>
<column name="channel_sums_11_V_reg_155">9, 2, 32, 64</column>
<column name="channel_sums_12_V_reg_143">9, 2, 32, 64</column>
<column name="channel_sums_13_V_reg_131">9, 2, 32, 64</column>
<column name="channel_sums_14_V_reg_119">9, 2, 32, 64</column>
<column name="channel_sums_15_V_reg_107">9, 2, 32, 64</column>
<column name="channel_sums_1_V_reg_275">9, 2, 32, 64</column>
<column name="channel_sums_2_V_reg_263">9, 2, 32, 64</column>
<column name="channel_sums_3_V_reg_251">9, 2, 32, 64</column>
<column name="channel_sums_4_V_reg_239">9, 2, 32, 64</column>
<column name="channel_sums_5_V_reg_227">9, 2, 32, 64</column>
<column name="channel_sums_6_V_reg_215">9, 2, 32, 64</column>
<column name="channel_sums_7_V_reg_203">9, 2, 32, 64</column>
<column name="channel_sums_8_V_reg_191">9, 2, 32, 64</column>
<column name="channel_sums_9_V_reg_179">9, 2, 32, 64</column>
<column name="gap_out_V_V_blk_n">9, 2, 1, 2</column>
<column name="i1_i_reg_299">9, 2, 9, 18</column>
<column name="pool3_out_V_V_blk_n">9, 2, 1, 2</column>
<column name="real_start">9, 2, 1, 2</column>
</table>
</item>
<item name = "Register"><table name="" hasTotal="1">
<keys size="5">Name, FF, LUT, Bits, Const Bits</keys>
<column name="ap_CS_fsm">21, 0, 21, 0</column>
<column name="ap_done_reg">1, 0, 1, 0</column>
<column name="ch2_i_reg_310">5, 0, 5, 0</column>
<column name="ch_reg_1002">5, 0, 5, 0</column>
<column name="channel_sums_0_V_1_reg_919">32, 0, 32, 0</column>
<column name="channel_sums_0_V_reg_287">32, 0, 32, 0</column>
<column name="channel_sums_10_V_1_reg_969">32, 0, 32, 0</column>
<column name="channel_sums_10_V_reg_167">32, 0, 32, 0</column>
<column name="channel_sums_11_V_1_reg_974">32, 0, 32, 0</column>
<column name="channel_sums_11_V_reg_155">32, 0, 32, 0</column>
<column name="channel_sums_12_V_1_reg_979">32, 0, 32, 0</column>
<column name="channel_sums_12_V_reg_143">32, 0, 32, 0</column>
<column name="channel_sums_13_V_1_reg_984">32, 0, 32, 0</column>
<column name="channel_sums_13_V_reg_131">32, 0, 32, 0</column>
<column name="channel_sums_14_V_1_reg_989">32, 0, 32, 0</column>
<column name="channel_sums_14_V_reg_119">32, 0, 32, 0</column>
<column name="channel_sums_15_V_reg_107">32, 0, 32, 0</column>
<column name="channel_sums_1_V_1_reg_924">32, 0, 32, 0</column>
<column name="channel_sums_1_V_reg_275">32, 0, 32, 0</column>
<column name="channel_sums_2_V_1_reg_929">32, 0, 32, 0</column>
<column name="channel_sums_2_V_reg_263">32, 0, 32, 0</column>
<column name="channel_sums_3_V_1_reg_934">32, 0, 32, 0</column>
<column name="channel_sums_3_V_reg_251">32, 0, 32, 0</column>
<column name="channel_sums_4_V_1_reg_939">32, 0, 32, 0</column>
<column name="channel_sums_4_V_reg_239">32, 0, 32, 0</column>
<column name="channel_sums_5_V_1_reg_944">32, 0, 32, 0</column>
<column name="channel_sums_5_V_reg_227">32, 0, 32, 0</column>
<column name="channel_sums_6_V_1_reg_949">32, 0, 32, 0</column>
<column name="channel_sums_6_V_reg_215">32, 0, 32, 0</column>
<column name="channel_sums_7_V_1_reg_954">32, 0, 32, 0</column>
<column name="channel_sums_7_V_reg_203">32, 0, 32, 0</column>
<column name="channel_sums_8_V_1_reg_959">32, 0, 32, 0</column>
<column name="channel_sums_8_V_reg_191">32, 0, 32, 0</column>
<column name="channel_sums_9_V_1_reg_964">32, 0, 32, 0</column>
<column name="channel_sums_9_V_reg_179">32, 0, 32, 0</column>
<column name="i1_i_reg_299">9, 0, 9, 0</column>
<column name="i_reg_914">9, 0, 9, 0</column>
<column name="mul_reg_1018">65, 0, 65, 0</column>
<column name="p_v_v_reg_1028">24, 0, 24, 0</column>
<column name="start_once_reg">1, 0, 1, 0</column>
<column name="t_V_reg_1007">32, 0, 32, 0</column>
<column name="tmp_11_reg_1023">24, 0, 24, 0</column>
<column name="tmp_9_reg_1012">1, 0, 1, 0</column>
</table>
</item>
</section>
</item>
</section>

<section name = "Interface" level="0">
<item name = "Summary"><table name="" hasTotal="0">
<keys size="6">RTL Ports, Dir, Bits, Protocol, Source Object, C Type</keys>
<column name="ap_clk">in, 1, ap_ctrl_hs, global_avg_pool&lt;16&gt;, return value</column>
<column name="ap_rst">in, 1, ap_ctrl_hs, global_avg_pool&lt;16&gt;, return value</column>
<column name="ap_start">in, 1, ap_ctrl_hs, global_avg_pool&lt;16&gt;, return value</column>
<column name="start_full_n">in, 1, ap_ctrl_hs, global_avg_pool&lt;16&gt;, return value</column>
<column name="ap_done">out, 1, ap_ctrl_hs, global_avg_pool&lt;16&gt;, return value</column>
<column name="ap_continue">in, 1, ap_ctrl_hs, global_avg_pool&lt;16&gt;, return value</column>
<column name="ap_idle">out, 1, ap_ctrl_hs, global_avg_pool&lt;16&gt;, return value</column>
<column name="ap_ready">out, 1, ap_ctrl_hs, global_avg_pool&lt;16&gt;, return value</column>
<column name="start_out">out, 1, ap_ctrl_hs, global_avg_pool&lt;16&gt;, return value</column>
<column name="start_write">out, 1, ap_ctrl_hs, global_avg_pool&lt;16&gt;, return value</column>
<column name="pool3_out_V_V_dout">in, 32, ap_fifo, pool3_out_V_V, pointer</column>
<column name="pool3_out_V_V_empty_n">in, 1, ap_fifo, pool3_out_V_V, pointer</column>
<column name="pool3_out_V_V_read">out, 1, ap_fifo, pool3_out_V_V, pointer</column>
<column name="gap_out_V_V_din">out, 32, ap_fifo, gap_out_V_V, pointer</column>
<column name="gap_out_V_V_full_n">in, 1, ap_fifo, gap_out_V_V, pointer</column>
<column name="gap_out_V_V_write">out, 1, ap_fifo, gap_out_V_V, pointer</column>
</table>
</item>
</section>
</profile>
