<stg><name>global_avg_pool<16></name>


<trans_list>

<trans id="152" from="1" to="2">
<condition id="-1">
<or_exp><and_exp></and_exp></or_exp>
</condition>
</trans>

<trans id="153" from="2" to="3">
<condition id="-1">
<or_exp><and_exp><literal name="exitcond2_i" val="0"/>
</and_exp></or_exp>
</condition>
</trans>

<trans id="170" from="2" to="18">
<condition id="-1">
<or_exp><and_exp><literal name="exitcond2_i" val="1"/>
</and_exp></or_exp>
</condition>
</trans>

<trans id="155" from="3" to="4">
<condition id="-1">
<or_exp><and_exp></and_exp></or_exp>
</condition>
</trans>

<trans id="156" from="4" to="5">
<condition id="-1">
<or_exp><and_exp></and_exp></or_exp>
</condition>
</trans>

<trans id="157" from="5" to="6">
<condition id="-1">
<or_exp><and_exp></and_exp></or_exp>
</condition>
</trans>

<trans id="158" from="6" to="7">
<condition id="-1">
<or_exp><and_exp></and_exp></or_exp>
</condition>
</trans>

<trans id="159" from="7" to="8">
<condition id="-1">
<or_exp><and_exp></and_exp></or_exp>
</condition>
</trans>

<trans id="160" from="8" to="9">
<condition id="-1">
<or_exp><and_exp></and_exp></or_exp>
</condition>
</trans>

<trans id="161" from="9" to="10">
<condition id="-1">
<or_exp><and_exp></and_exp></or_exp>
</condition>
</trans>

<trans id="162" from="10" to="11">
<condition id="-1">
<or_exp><and_exp></and_exp></or_exp>
</condition>
</trans>

<trans id="163" from="11" to="12">
<condition id="-1">
<or_exp><and_exp></and_exp></or_exp>
</condition>
</trans>

<trans id="164" from="12" to="13">
<condition id="-1">
<or_exp><and_exp></and_exp></or_exp>
</condition>
</trans>

<trans id="165" from="13" to="14">
<condition id="-1">
<or_exp><and_exp></and_exp></or_exp>
</condition>
</trans>

<trans id="166" from="14" to="15">
<condition id="-1">
<or_exp><and_exp></and_exp></or_exp>
</condition>
</trans>

<trans id="167" from="15" to="16">
<condition id="-1">
<or_exp><and_exp></and_exp></or_exp>
</condition>
</trans>

<trans id="168" from="16" to="17">
<condition id="-1">
<or_exp><and_exp></and_exp></or_exp>
</condition>
</trans>

<trans id="169" from="17" to="2">
<condition id="-1">
<or_exp><and_exp></and_exp></or_exp>
</condition>
</trans>

<trans id="171" from="18" to="19">
<condition id="-1">
<or_exp><and_exp><literal name="exitcond_i" val="0"/>
</and_exp></or_exp>
</condition>
</trans>

<trans id="173" from="19" to="20">
<condition id="-1">
<or_exp><and_exp></and_exp></or_exp>
</condition>
</trans>

<trans id="174" from="20" to="21">
<condition id="-1">
<or_exp><and_exp></and_exp></or_exp>
</condition>
</trans>

<trans id="175" from="21" to="18">
<condition id="-1">
<or_exp><and_exp></and_exp></or_exp>
</condition>
</trans>
</trans_list>



<state_list>

<state id="1" st_id="1">

<operation id="22" st_id="1" stage="1" lat="1">
<core>NULL</core>
<MemPortIdVec></MemPortIdVec>
<condition id="-1">
<or_exp><and_exp></and_exp></or_exp>
</condition>

<Node id="3" bw="0" op_0_bw="0" op_1_bw="32" op_2_bw="0" op_3_bw="32" op_4_bw="32" op_5_bw="0" op_6_bw="32" op_7_bw="32" op_8_bw="0" op_9_bw="0" op_10_bw="0" op_11_bw="32" op_12_bw="32" op_13_bw="32" op_14_bw="32" op_15_bw="0" op_16_bw="0">
<![CDATA[
entry:0  call void (...)* @_ssdm_op_SpecInterface(i32* @gap_out_V_V, [8 x i8]* @ap_fifo_str, i32 0, i32 0, [1 x i8]* @p_str158, i32 0, i32 0, [1 x i8]* @p_str159, [1 x i8]* @p_str160, [1 x i8]* @p_str161, i32 2, i32 2, i32 16, i32 16, [1 x i8]* @p_str162, [1 x i8]* @p_str163)

]]></Node>
<StgValue><ssdm name=""/></StgValue>
</operation>

<operation id="23" st_id="1" stage="1" lat="1">
<core>NULL</core>
<MemPortIdVec></MemPortIdVec>
<condition id="-1">
<or_exp><and_exp></and_exp></or_exp>
</condition>

<Node id="4" bw="0" op_0_bw="0" op_1_bw="32" op_2_bw="0" op_3_bw="32" op_4_bw="32" op_5_bw="0" op_6_bw="32" op_7_bw="32" op_8_bw="0" op_9_bw="0" op_10_bw="0" op_11_bw="32" op_12_bw="32" op_13_bw="32" op_14_bw="32" op_15_bw="0" op_16_bw="0">
<![CDATA[
entry:1  call void (...)* @_ssdm_op_SpecInterface(i32* @pool3_out_V_V, [8 x i8]* @ap_fifo_str, i32 0, i32 0, [1 x i8]* @p_str137, i32 0, i32 0, [1 x i8]* @p_str138, [1 x i8]* @p_str139, [1 x i8]* @p_str140, i32 2, i32 2, i32 16, i32 16, [1 x i8]* @p_str141, [1 x i8]* @p_str142)

]]></Node>
<StgValue><ssdm name=""/></StgValue>
</operation>

<operation id="24" st_id="1" stage="1" lat="1">
<core>NULL</core>
<MemPortIdVec></MemPortIdVec>
<condition id="-1">
<or_exp><and_exp></and_exp></or_exp>
</condition>

<Node id="5" bw="0" op_0_bw="0">
<![CDATA[
entry:2  br label %.preheader1.i

]]></Node>
<StgValue><ssdm name=""/></StgValue>
</operation>
</state>

<state id="2" st_id="2">

<operation id="25" st_id="2" stage="1" lat="1">
<core>NULL</core>
<MemPortIdVec></MemPortIdVec>
<condition id="-1">
<or_exp><and_exp></and_exp></or_exp>
</condition>

<Node id="7" bw="32" op_0_bw="32" op_1_bw="0">
<![CDATA[
.preheader1.i:0  %channel_sums_15_V = phi i32 [ 0, %entry ], [ %channel_sums_15_V_1, %_ZN13ap_fixed_baseILi38ELi17ELb1EL9ap_q_mode5EL9ap_o_mode3ELi0EEC1ILi32ELi16ELb1ELS0_5ELS1_3ELi0EEERKS_IXT_EXT0_EXT1_EXT2_EXT3_EXT4_EE.exit.i.i.0.i ]

]]></Node>
<StgValue><ssdm name="channel_sums_15_V"/></StgValue>
</operation>

<operation id="26" st_id="2" stage="1" lat="1">
<core>NULL</core>
<MemPortIdVec></MemPortIdVec>
<condition id="-1">
<or_exp><and_exp></and_exp></or_exp>
</condition>

<Node id="8" bw="32" op_0_bw="32" op_1_bw="0">
<![CDATA[
.preheader1.i:1  %channel_sums_14_V = phi i32 [ 0, %entry ], [ %channel_sums_14_V_1, %_ZN13ap_fixed_baseILi38ELi17ELb1EL9ap_q_mode5EL9ap_o_mode3ELi0EEC1ILi32ELi16ELb1ELS0_5ELS1_3ELi0EEERKS_IXT_EXT0_EXT1_EXT2_EXT3_EXT4_EE.exit.i.i.0.i ]

]]></Node>
<StgValue><ssdm name="channel_sums_14_V"/></StgValue>
</operation>

<operation id="27" st_id="2" stage="1" lat="1">
<core>NULL</core>
<MemPortIdVec></MemPortIdVec>
<condition id="-1">
<or_exp><and_exp></and_exp></or_exp>
</condition>

<Node id="9" bw="32" op_0_bw="32" op_1_bw="0">
<![CDATA[
.preheader1.i:2  %channel_sums_13_V = phi i32 [ 0, %entry ], [ %channel_sums_13_V_1, %_ZN13ap_fixed_baseILi38ELi17ELb1EL9ap_q_mode5EL9ap_o_mode3ELi0EEC1ILi32ELi16ELb1ELS0_5ELS1_3ELi0EEERKS_IXT_EXT0_EXT1_EXT2_EXT3_EXT4_EE.exit.i.i.0.i ]

]]></Node>
<StgValue><ssdm name="channel_sums_13_V"/></StgValue>
</operation>

<operation id="28" st_id="2" stage="1" lat="1">
<core>NULL</core>
<MemPortIdVec></MemPortIdVec>
<condition id="-1">
<or_exp><and_exp></and_exp></or_exp>
</condition>

<Node id="10" bw="32" op_0_bw="32" op_1_bw="0">
<![CDATA[
.preheader1.i:3  %channel_sums_12_V = phi i32 [ 0, %entry ], [ %channel_sums_12_V_1, %_ZN13ap_fixed_baseILi38ELi17ELb1EL9ap_q_mode5EL9ap_o_mode3ELi0EEC1ILi32ELi16ELb1ELS0_5ELS1_3ELi0EEERKS_IXT_EXT0_EXT1_EXT2_EXT3_EXT4_EE.exit.i.i.0.i ]

]]></Node>
<StgValue><ssdm name="channel_sums_12_V"/></StgValue>
</operation>

<operation id="29" st_id="2" stage="1" lat="1">
<core>NULL</core>
<MemPortIdVec></MemPortIdVec>
<condition id="-1">
<or_exp><and_exp></and_exp></or_exp>
</condition>

<Node id="11" bw="32" op_0_bw="32" op_1_bw="0">
<![CDATA[
.preheader1.i:4  %channel_sums_11_V = phi i32 [ 0, %entry ], [ %channel_sums_11_V_1, %_ZN13ap_fixed_baseILi38ELi17ELb1EL9ap_q_mode5EL9ap_o_mode3ELi0EEC1ILi32ELi16ELb1ELS0_5ELS1_3ELi0EEERKS_IXT_EXT0_EXT1_EXT2_EXT3_EXT4_EE.exit.i.i.0.i ]

]]></Node>
<StgValue><ssdm name="channel_sums_11_V"/></StgValue>
</operation>

<operation id="30" st_id="2" stage="1" lat="1">
<core>NULL</core>
<MemPortIdVec></MemPortIdVec>
<condition id="-1">
<or_exp><and_exp></and_exp></or_exp>
</condition>

<Node id="12" bw="32" op_0_bw="32" op_1_bw="0">
<![CDATA[
.preheader1.i:5  %channel_sums_10_V = phi i32 [ 0, %entry ], [ %channel_sums_10_V_1, %_ZN13ap_fixed_baseILi38ELi17ELb1EL9ap_q_mode5EL9ap_o_mode3ELi0EEC1ILi32ELi16ELb1ELS0_5ELS1_3ELi0EEERKS_IXT_EXT0_EXT1_EXT2_EXT3_EXT4_EE.exit.i.i.0.i ]

]]></Node>
<StgValue><ssdm name="channel_sums_10_V"/></StgValue>
</operation>

<operation id="31" st_id="2" stage="1" lat="1">
<core>NULL</core>
<MemPortIdVec></MemPortIdVec>
<condition id="-1">
<or_exp><and_exp></and_exp></or_exp>
</condition>

<Node id="13" bw="32" op_0_bw="32" op_1_bw="0">
<![CDATA[
.preheader1.i:6  %channel_sums_9_V = phi i32 [ 0, %entry ], [ %channel_sums_9_V_1, %_ZN13ap_fixed_baseILi38ELi17ELb1EL9ap_q_mode5EL9ap_o_mode3ELi0EEC1ILi32ELi16ELb1ELS0_5ELS1_3ELi0EEERKS_IXT_EXT0_EXT1_EXT2_EXT3_EXT4_EE.exit.i.i.0.i ]

]]></Node>
<StgValue><ssdm name="channel_sums_9_V"/></StgValue>
</operation>

<operation id="32" st_id="2" stage="1" lat="1">
<core>NULL</core>
<MemPortIdVec></MemPortIdVec>
<condition id="-1">
<or_exp><and_exp></and_exp></or_exp>
</condition>

<Node id="14" bw="32" op_0_bw="32" op_1_bw="0">
<![CDATA[
.preheader1.i:7  %channel_sums_8_V = phi i32 [ 0, %entry ], [ %channel_sums_8_V_1, %_ZN13ap_fixed_baseILi38ELi17ELb1EL9ap_q_mode5EL9ap_o_mode3ELi0EEC1ILi32ELi16ELb1ELS0_5ELS1_3ELi0EEERKS_IXT_EXT0_EXT1_EXT2_EXT3_EXT4_EE.exit.i.i.0.i ]

]]></Node>
<StgValue><ssdm name="channel_sums_8_V"/></StgValue>
</operation>

<operation id="33" st_id="2" stage="1" lat="1">
<core>NULL</core>
<MemPortIdVec></MemPortIdVec>
<condition id="-1">
<or_exp><and_exp></and_exp></or_exp>
</condition>

<Node id="15" bw="32" op_0_bw="32" op_1_bw="0">
<![CDATA[
.preheader1.i:8  %channel_sums_7_V = phi i32 [ 0, %entry ], [ %channel_sums_7_V_1, %_ZN13ap_fixed_baseILi38ELi17ELb1EL9ap_q_mode5EL9ap_o_mode3ELi0EEC1ILi32ELi16ELb1ELS0_5ELS1_3ELi0EEERKS_IXT_EXT0_EXT1_EXT2_EXT3_EXT4_EE.exit.i.i.0.i ]

]]></Node>
<StgValue><ssdm name="channel_sums_7_V"/></StgValue>
</operation>

<operation id="34" st_id="2" stage="1" lat="1">
<core>NULL</core>
<MemPortIdVec></MemPortIdVec>
<condition id="-1">
<or_exp><and_exp></and_exp></or_exp>
</condition>

<Node id="16" bw="32" op_0_bw="32" op_1_bw="0">
<![CDATA[
.preheader1.i:9  %channel_sums_6_V = phi i32 [ 0, %entry ], [ %channel_sums_6_V_1, %_ZN13ap_fixed_baseILi38ELi17ELb1EL9ap_q_mode5EL9ap_o_mode3ELi0EEC1ILi32ELi16ELb1ELS0_5ELS1_3ELi0EEERKS_IXT_EXT0_EXT1_EXT2_EXT3_EXT4_EE.exit.i.i.0.i ]

]]></Node>
<StgValue><ssdm name="channel_sums_6_V"/></StgValue>
</operation>

<operation id="35" st_id="2" stage="1" lat="1">
<core>NULL</core>
<MemPortIdVec></MemPortIdVec>
<condition id="-1">
<or_exp><and_exp></and_exp></or_exp>
</condition>

<Node id="17" bw="32" op_0_bw="32" op_1_bw="0">
<![CDATA[
.preheader1.i:10  %channel_sums_5_V = phi i32 [ 0, %entry ], [ %channel_sums_5_V_1, %_ZN13ap_fixed_baseILi38ELi17ELb1EL9ap_q_mode5EL9ap_o_mode3ELi0EEC1ILi32ELi16ELb1ELS0_5ELS1_3ELi0EEERKS_IXT_EXT0_EXT1_EXT2_EXT3_EXT4_EE.exit.i.i.0.i ]

]]></Node>
<StgValue><ssdm name="channel_sums_5_V"/></StgValue>
</operation>

<operation id="36" st_id="2" stage="1" lat="1">
<core>NULL</core>
<MemPortIdVec></MemPortIdVec>
<condition id="-1">
<or_exp><and_exp></and_exp></or_exp>
</condition>

<Node id="18" bw="32" op_0_bw="32" op_1_bw="0">
<![CDATA[
.preheader1.i:11  %channel_sums_4_V = phi i32 [ 0, %entry ], [ %channel_sums_4_V_1, %_ZN13ap_fixed_baseILi38ELi17ELb1EL9ap_q_mode5EL9ap_o_mode3ELi0EEC1ILi32ELi16ELb1ELS0_5ELS1_3ELi0EEERKS_IXT_EXT0_EXT1_EXT2_EXT3_EXT4_EE.exit.i.i.0.i ]

]]></Node>
<StgValue><ssdm name="channel_sums_4_V"/></StgValue>
</operation>

<operation id="37" st_id="2" stage="1" lat="1">
<core>NULL</core>
<MemPortIdVec></MemPortIdVec>
<condition id="-1">
<or_exp><and_exp></and_exp></or_exp>
</condition>

<Node id="19" bw="32" op_0_bw="32" op_1_bw="0">
<![CDATA[
.preheader1.i:12  %channel_sums_3_V = phi i32 [ 0, %entry ], [ %channel_sums_3_V_1, %_ZN13ap_fixed_baseILi38ELi17ELb1EL9ap_q_mode5EL9ap_o_mode3ELi0EEC1ILi32ELi16ELb1ELS0_5ELS1_3ELi0EEERKS_IXT_EXT0_EXT1_EXT2_EXT3_EXT4_EE.exit.i.i.0.i ]

]]></Node>
<StgValue><ssdm name="channel_sums_3_V"/></StgValue>
</operation>

<operation id="38" st_id="2" stage="1" lat="1">
<core>NULL</core>
<MemPortIdVec></MemPortIdVec>
<condition id="-1">
<or_exp><and_exp></and_exp></or_exp>
</condition>

<Node id="20" bw="32" op_0_bw="32" op_1_bw="0">
<![CDATA[
.preheader1.i:13  %channel_sums_2_V = phi i32 [ 0, %entry ], [ %channel_sums_2_V_1, %_ZN13ap_fixed_baseILi38ELi17ELb1EL9ap_q_mode5EL9ap_o_mode3ELi0EEC1ILi32ELi16ELb1ELS0_5ELS1_3ELi0EEERKS_IXT_EXT0_EXT1_EXT2_EXT3_EXT4_EE.exit.i.i.0.i ]

]]></Node>
<StgValue><ssdm name="channel_sums_2_V"/></StgValue>
</operation>

<operation id="39" st_id="2" stage="1" lat="1">
<core>NULL</core>
<MemPortIdVec></MemPortIdVec>
<condition id="-1">
<or_exp><and_exp></and_exp></or_exp>
</condition>

<Node id="21" bw="32" op_0_bw="32" op_1_bw="0">
<![CDATA[
.preheader1.i:14  %channel_sums_1_V = phi i32 [ 0, %entry ], [ %channel_sums_1_V_1, %_ZN13ap_fixed_baseILi38ELi17ELb1EL9ap_q_mode5EL9ap_o_mode3ELi0EEC1ILi32ELi16ELb1ELS0_5ELS1_3ELi0EEERKS_IXT_EXT0_EXT1_EXT2_EXT3_EXT4_EE.exit.i.i.0.i ]

]]></Node>
<StgValue><ssdm name="channel_sums_1_V"/></StgValue>
</operation>

<operation id="40" st_id="2" stage="1" lat="1">
<core>NULL</core>
<MemPortIdVec></MemPortIdVec>
<condition id="-1">
<or_exp><and_exp></and_exp></or_exp>
</condition>

<Node id="22" bw="32" op_0_bw="32" op_1_bw="0">
<![CDATA[
.preheader1.i:15  %channel_sums_0_V = phi i32 [ 0, %entry ], [ %channel_sums_0_V_1, %_ZN13ap_fixed_baseILi38ELi17ELb1EL9ap_q_mode5EL9ap_o_mode3ELi0EEC1ILi32ELi16ELb1ELS0_5ELS1_3ELi0EEERKS_IXT_EXT0_EXT1_EXT2_EXT3_EXT4_EE.exit.i.i.0.i ]

]]></Node>
<StgValue><ssdm name="channel_sums_0_V"/></StgValue>
</operation>

<operation id="41" st_id="2" stage="1" lat="1">
<core>NULL</core>
<MemPortIdVec></MemPortIdVec>
<condition id="-1">
<or_exp><and_exp></and_exp></or_exp>
</condition>

<Node id="23" bw="9" op_0_bw="9" op_1_bw="0">
<![CDATA[
.preheader1.i:16  %i1_i = phi i9 [ 0, %entry ], [ %i, %_ZN13ap_fixed_baseILi38ELi17ELb1EL9ap_q_mode5EL9ap_o_mode3ELi0EEC1ILi32ELi16ELb1ELS0_5ELS1_3ELi0EEERKS_IXT_EXT0_EXT1_EXT2_EXT3_EXT4_EE.exit.i.i.0.i ]

]]></Node>
<StgValue><ssdm name="i1_i"/></StgValue>
</operation>

<operation id="42" st_id="2" stage="1" lat="1">
<core>Cmp</core>
<MemPortIdVec></MemPortIdVec>
<condition id="-1">
<or_exp><and_exp></and_exp></or_exp>
</condition>

<Node id="24" bw="1" op_0_bw="9" op_1_bw="9">
<![CDATA[
.preheader1.i:17  %exitcond2_i = icmp eq i9 %i1_i, -137

]]></Node>
<StgValue><ssdm name="exitcond2_i"/></StgValue>
</operation>

<operation id="43" st_id="2" stage="1" lat="1">
<core>NULL</core>
<MemPortIdVec></MemPortIdVec>
<condition id="-1">
<or_exp><and_exp></and_exp></or_exp>
</condition>

<Node id="25" bw="32" op_0_bw="32" op_1_bw="64" op_2_bw="64" op_3_bw="64">
<![CDATA[
.preheader1.i:18  %empty = call i32 (...)* @_ssdm_op_SpecLoopTripCount(i64 375, i64 375, i64 375) nounwind

]]></Node>
<StgValue><ssdm name="empty"/></StgValue>
</operation>

<operation id="44" st_id="2" stage="1" lat="1">
<core>AddSub</core>
<MemPortIdVec></MemPortIdVec>
<condition id="-1">
<or_exp><and_exp></and_exp></or_exp>
</condition>

<Node id="26" bw="9" op_0_bw="9" op_1_bw="9">
<![CDATA[
.preheader1.i:19  %i = add i9 %i1_i, 1

]]></Node>
<StgValue><ssdm name="i"/></StgValue>
</operation>

<operation id="45" st_id="2" stage="1" lat="1">
<core>NULL</core>
<MemPortIdVec></MemPortIdVec>
<condition id="-1">
<or_exp><and_exp></and_exp></or_exp>
</condition>

<Node id="27" bw="0" op_0_bw="1" op_1_bw="0" op_2_bw="0">
<![CDATA[
.preheader1.i:20  br i1 %exitcond2_i, label %.preheader.i.preheader, label %_ZN13ap_fixed_baseILi38ELi17ELb1EL9ap_q_mode5EL9ap_o_mode3ELi0EEC1ILi32ELi16ELb1ELS0_5ELS1_3ELi0EEERKS_IXT_EXT0_EXT1_EXT2_EXT3_EXT4_EE.exit.i.i.0.i

]]></Node>
<StgValue><ssdm name=""/></StgValue>
</operation>

<operation id="46" st_id="2" stage="1" lat="1">
<core>FIFO_SRL</core>
<MemPortIdVec></MemPortIdVec>
<condition id="-1">
<or_exp><and_exp><literal name="exitcond2_i" val="0"/>
</and_exp></or_exp>
</condition>

<Node id="30" bw="32" op_0_bw="32" op_1_bw="32">
<![CDATA[
_ZN13ap_fixed_baseILi38ELi17ELb1EL9ap_q_mode5EL9ap_o_mode3ELi0EEC1ILi32ELi16ELb1ELS0_5ELS1_3ELi0EEERKS_IXT_EXT0_EXT1_EXT2_EXT3_EXT4_EE.exit.i.i.0.i:1  %tmp_V = call i32 @_ssdm_op_Read.ap_fifo.volatile.i32P(i32* @pool3_out_V_V) nounwind

]]></Node>
<StgValue><ssdm name="tmp_V"/></StgValue>
</operation>

<operation id="47" st_id="2" stage="1" lat="1">
<core>NULL</core>
<MemPortIdVec></MemPortIdVec>
<condition id="-1">
<or_exp><and_exp><literal name="exitcond2_i" val="0"/>
</and_exp></or_exp>
</condition>

<Node id="31" bw="37" op_0_bw="37" op_1_bw="32" op_2_bw="5">
<![CDATA[
_ZN13ap_fixed_baseILi38ELi17ELb1EL9ap_q_mode5EL9ap_o_mode3ELi0EEC1ILi32ELi16ELb1ELS0_5ELS1_3ELi0EEERKS_IXT_EXT0_EXT1_EXT2_EXT3_EXT4_EE.exit.i.i.0.i:2  %lhs_V_1_i = call i37 @_ssdm_op_BitConcatenate.i37.i32.i5(i32 %channel_sums_0_V, i5 0)

]]></Node>
<StgValue><ssdm name="lhs_V_1_i"/></StgValue>
</operation>

<operation id="48" st_id="2" stage="1" lat="1">
<core>NULL</core>
<MemPortIdVec></MemPortIdVec>
<condition id="-1">
<or_exp><and_exp><literal name="exitcond2_i" val="0"/>
</and_exp></or_exp>
</condition>

<Node id="32" bw="37" op_0_bw="32">
<![CDATA[
_ZN13ap_fixed_baseILi38ELi17ELb1EL9ap_q_mode5EL9ap_o_mode3ELi0EEC1ILi32ELi16ELb1ELS0_5ELS1_3ELi0EEERKS_IXT_EXT0_EXT1_EXT2_EXT3_EXT4_EE.exit.i.i.0.i:3  %rhs_V_cast_i = sext i32 %tmp_V to i37

]]></Node>
<StgValue><ssdm name="rhs_V_cast_i"/></StgValue>
</operation>

<operation id="49" st_id="2" stage="1" lat="1">
<core>AddSub</core>
<MemPortIdVec></MemPortIdVec>
<condition id="-1">
<or_exp><and_exp><literal name="exitcond2_i" val="0"/>
</and_exp></or_exp>
</condition>

<Node id="33" bw="37" op_0_bw="37" op_1_bw="37">
<![CDATA[
_ZN13ap_fixed_baseILi38ELi17ELb1EL9ap_q_mode5EL9ap_o_mode3ELi0EEC1ILi32ELi16ELb1ELS0_5ELS1_3ELi0EEERKS_IXT_EXT0_EXT1_EXT2_EXT3_EXT4_EE.exit.i.i.0.i:4  %ret_V_i = add i37 %rhs_V_cast_i, %lhs_V_1_i

]]></Node>
<StgValue><ssdm name="ret_V_i"/></StgValue>
</operation>

<operation id="50" st_id="2" stage="1" lat="1">
<core>NULL</core>
<MemPortIdVec></MemPortIdVec>
<condition id="-1">
<or_exp><and_exp><literal name="exitcond2_i" val="0"/>
</and_exp></or_exp>
</condition>

<Node id="34" bw="32" op_0_bw="32" op_1_bw="37" op_2_bw="32" op_3_bw="32">
<![CDATA[
_ZN13ap_fixed_baseILi38ELi17ELb1EL9ap_q_mode5EL9ap_o_mode3ELi0EEC1ILi32ELi16ELb1ELS0_5ELS1_3ELi0EEERKS_IXT_EXT0_EXT1_EXT2_EXT3_EXT4_EE.exit.i.i.0.i:5  %channel_sums_0_V_1 = call i32 @_ssdm_op_PartSelect.i32.i37.i32.i32(i37 %ret_V_i, i32 5, i32 36)

]]></Node>
<StgValue><ssdm name="channel_sums_0_V_1"/></StgValue>
</operation>

<operation id="51" st_id="2" stage="1" lat="1">
<core>NULL</core>
<MemPortIdVec></MemPortIdVec>
<condition id="-1">
<or_exp><and_exp><literal name="exitcond2_i" val="1"/>
</and_exp></or_exp>
</condition>

<Node id="112" bw="0" op_0_bw="0">
<![CDATA[
.preheader.i.preheader:0  br label %.preheader.i

]]></Node>
<StgValue><ssdm name=""/></StgValue>
</operation>
</state>

<state id="3" st_id="3">

<operation id="52" st_id="3" stage="1" lat="1">
<core>FIFO_SRL</core>
<MemPortIdVec></MemPortIdVec>
<condition id="-1">
<or_exp><and_exp></and_exp></or_exp>
</condition>

<Node id="35" bw="32" op_0_bw="32" op_1_bw="32">
<![CDATA[
_ZN13ap_fixed_baseILi38ELi17ELb1EL9ap_q_mode5EL9ap_o_mode3ELi0EEC1ILi32ELi16ELb1ELS0_5ELS1_3ELi0EEERKS_IXT_EXT0_EXT1_EXT2_EXT3_EXT4_EE.exit.i.i.0.i:6  %tmp_V_26 = call i32 @_ssdm_op_Read.ap_fifo.volatile.i32P(i32* @pool3_out_V_V) nounwind

]]></Node>
<StgValue><ssdm name="tmp_V_26"/></StgValue>
</operation>

<operation id="53" st_id="3" stage="1" lat="1">
<core>NULL</core>
<MemPortIdVec></MemPortIdVec>
<condition id="-1">
<or_exp><and_exp></and_exp></or_exp>
</condition>

<Node id="36" bw="37" op_0_bw="37" op_1_bw="32" op_2_bw="5">
<![CDATA[
_ZN13ap_fixed_baseILi38ELi17ELb1EL9ap_q_mode5EL9ap_o_mode3ELi0EEC1ILi32ELi16ELb1ELS0_5ELS1_3ELi0EEERKS_IXT_EXT0_EXT1_EXT2_EXT3_EXT4_EE.exit.i.i.0.i:7  %lhs_V_1_1_i = call i37 @_ssdm_op_BitConcatenate.i37.i32.i5(i32 %channel_sums_1_V, i5 0)

]]></Node>
<StgValue><ssdm name="lhs_V_1_1_i"/></StgValue>
</operation>

<operation id="54" st_id="3" stage="1" lat="1">
<core>NULL</core>
<MemPortIdVec></MemPortIdVec>
<condition id="-1">
<or_exp><and_exp></and_exp></or_exp>
</condition>

<Node id="37" bw="37" op_0_bw="32">
<![CDATA[
_ZN13ap_fixed_baseILi38ELi17ELb1EL9ap_q_mode5EL9ap_o_mode3ELi0EEC1ILi32ELi16ELb1ELS0_5ELS1_3ELi0EEERKS_IXT_EXT0_EXT1_EXT2_EXT3_EXT4_EE.exit.i.i.0.i:8  %rhs_V_1_cast_i = sext i32 %tmp_V_26 to i37

]]></Node>
<StgValue><ssdm name="rhs_V_1_cast_i"/></StgValue>
</operation>

<operation id="55" st_id="3" stage="1" lat="1">
<core>AddSub</core>
<MemPortIdVec></MemPortIdVec>
<condition id="-1">
<or_exp><and_exp></and_exp></or_exp>
</condition>

<Node id="38" bw="37" op_0_bw="37" op_1_bw="37">
<![CDATA[
_ZN13ap_fixed_baseILi38ELi17ELb1EL9ap_q_mode5EL9ap_o_mode3ELi0EEC1ILi32ELi16ELb1ELS0_5ELS1_3ELi0EEERKS_IXT_EXT0_EXT1_EXT2_EXT3_EXT4_EE.exit.i.i.0.i:9  %ret_V_1_i = add i37 %rhs_V_1_cast_i, %lhs_V_1_1_i

]]></Node>
<StgValue><ssdm name="ret_V_1_i"/></StgValue>
</operation>

<operation id="56" st_id="3" stage="1" lat="1">
<core>NULL</core>
<MemPortIdVec></MemPortIdVec>
<condition id="-1">
<or_exp><and_exp></and_exp></or_exp>
</condition>

<Node id="39" bw="32" op_0_bw="32" op_1_bw="37" op_2_bw="32" op_3_bw="32">
<![CDATA[
_ZN13ap_fixed_baseILi38ELi17ELb1EL9ap_q_mode5EL9ap_o_mode3ELi0EEC1ILi32ELi16ELb1ELS0_5ELS1_3ELi0EEERKS_IXT_EXT0_EXT1_EXT2_EXT3_EXT4_EE.exit.i.i.0.i:10  %channel_sums_1_V_1 = call i32 @_ssdm_op_PartSelect.i32.i37.i32.i32(i37 %ret_V_1_i, i32 5, i32 36)

]]></Node>
<StgValue><ssdm name="channel_sums_1_V_1"/></StgValue>
</operation>
</state>

<state id="4" st_id="4">

<operation id="57" st_id="4" stage="1" lat="1">
<core>FIFO_SRL</core>
<MemPortIdVec></MemPortIdVec>
<condition id="-1">
<or_exp><and_exp></and_exp></or_exp>
</condition>

<Node id="40" bw="32" op_0_bw="32" op_1_bw="32">
<![CDATA[
_ZN13ap_fixed_baseILi38ELi17ELb1EL9ap_q_mode5EL9ap_o_mode3ELi0EEC1ILi32ELi16ELb1ELS0_5ELS1_3ELi0EEERKS_IXT_EXT0_EXT1_EXT2_EXT3_EXT4_EE.exit.i.i.0.i:11  %tmp_V_27 = call i32 @_ssdm_op_Read.ap_fifo.volatile.i32P(i32* @pool3_out_V_V) nounwind

]]></Node>
<StgValue><ssdm name="tmp_V_27"/></StgValue>
</operation>

<operation id="58" st_id="4" stage="1" lat="1">
<core>NULL</core>
<MemPortIdVec></MemPortIdVec>
<condition id="-1">
<or_exp><and_exp></and_exp></or_exp>
</condition>

<Node id="41" bw="37" op_0_bw="37" op_1_bw="32" op_2_bw="5">
<![CDATA[
_ZN13ap_fixed_baseILi38ELi17ELb1EL9ap_q_mode5EL9ap_o_mode3ELi0EEC1ILi32ELi16ELb1ELS0_5ELS1_3ELi0EEERKS_IXT_EXT0_EXT1_EXT2_EXT3_EXT4_EE.exit.i.i.0.i:12  %lhs_V_1_2_i = call i37 @_ssdm_op_BitConcatenate.i37.i32.i5(i32 %channel_sums_2_V, i5 0)

]]></Node>
<StgValue><ssdm name="lhs_V_1_2_i"/></StgValue>
</operation>

<operation id="59" st_id="4" stage="1" lat="1">
<core>NULL</core>
<MemPortIdVec></MemPortIdVec>
<condition id="-1">
<or_exp><and_exp></and_exp></or_exp>
</condition>

<Node id="42" bw="37" op_0_bw="32">
<![CDATA[
_ZN13ap_fixed_baseILi38ELi17ELb1EL9ap_q_mode5EL9ap_o_mode3ELi0EEC1ILi32ELi16ELb1ELS0_5ELS1_3ELi0EEERKS_IXT_EXT0_EXT1_EXT2_EXT3_EXT4_EE.exit.i.i.0.i:13  %rhs_V_2_cast_i = sext i32 %tmp_V_27 to i37

]]></Node>
<StgValue><ssdm name="rhs_V_2_cast_i"/></StgValue>
</operation>

<operation id="60" st_id="4" stage="1" lat="1">
<core>AddSub</core>
<MemPortIdVec></MemPortIdVec>
<condition id="-1">
<or_exp><and_exp></and_exp></or_exp>
</condition>

<Node id="43" bw="37" op_0_bw="37" op_1_bw="37">
<![CDATA[
_ZN13ap_fixed_baseILi38ELi17ELb1EL9ap_q_mode5EL9ap_o_mode3ELi0EEC1ILi32ELi16ELb1ELS0_5ELS1_3ELi0EEERKS_IXT_EXT0_EXT1_EXT2_EXT3_EXT4_EE.exit.i.i.0.i:14  %ret_V_2_i = add i37 %rhs_V_2_cast_i, %lhs_V_1_2_i

]]></Node>
<StgValue><ssdm name="ret_V_2_i"/></StgValue>
</operation>

<operation id="61" st_id="4" stage="1" lat="1">
<core>NULL</core>
<MemPortIdVec></MemPortIdVec>
<condition id="-1">
<or_exp><and_exp></and_exp></or_exp>
</condition>

<Node id="44" bw="32" op_0_bw="32" op_1_bw="37" op_2_bw="32" op_3_bw="32">
<![CDATA[
_ZN13ap_fixed_baseILi38ELi17ELb1EL9ap_q_mode5EL9ap_o_mode3ELi0EEC1ILi32ELi16ELb1ELS0_5ELS1_3ELi0EEERKS_IXT_EXT0_EXT1_EXT2_EXT3_EXT4_EE.exit.i.i.0.i:15  %channel_sums_2_V_1 = call i32 @_ssdm_op_PartSelect.i32.i37.i32.i32(i37 %ret_V_2_i, i32 5, i32 36)

]]></Node>
<StgValue><ssdm name="channel_sums_2_V_1"/></StgValue>
</operation>
</state>

<state id="5" st_id="5">

<operation id="62" st_id="5" stage="1" lat="1">
<core>FIFO_SRL</core>
<MemPortIdVec></MemPortIdVec>
<condition id="-1">
<or_exp><and_exp></and_exp></or_exp>
</condition>

<Node id="45" bw="32" op_0_bw="32" op_1_bw="32">
<![CDATA[
_ZN13ap_fixed_baseILi38ELi17ELb1EL9ap_q_mode5EL9ap_o_mode3ELi0EEC1ILi32ELi16ELb1ELS0_5ELS1_3ELi0EEERKS_IXT_EXT0_EXT1_EXT2_EXT3_EXT4_EE.exit.i.i.0.i:16  %tmp_V_28 = call i32 @_ssdm_op_Read.ap_fifo.volatile.i32P(i32* @pool3_out_V_V) nounwind

]]></Node>
<StgValue><ssdm name="tmp_V_28"/></StgValue>
</operation>

<operation id="63" st_id="5" stage="1" lat="1">
<core>NULL</core>
<MemPortIdVec></MemPortIdVec>
<condition id="-1">
<or_exp><and_exp></and_exp></or_exp>
</condition>

<Node id="46" bw="37" op_0_bw="37" op_1_bw="32" op_2_bw="5">
<![CDATA[
_ZN13ap_fixed_baseILi38ELi17ELb1EL9ap_q_mode5EL9ap_o_mode3ELi0EEC1ILi32ELi16ELb1ELS0_5ELS1_3ELi0EEERKS_IXT_EXT0_EXT1_EXT2_EXT3_EXT4_EE.exit.i.i.0.i:17  %lhs_V_1_3_i = call i37 @_ssdm_op_BitConcatenate.i37.i32.i5(i32 %channel_sums_3_V, i5 0)

]]></Node>
<StgValue><ssdm name="lhs_V_1_3_i"/></StgValue>
</operation>

<operation id="64" st_id="5" stage="1" lat="1">
<core>NULL</core>
<MemPortIdVec></MemPortIdVec>
<condition id="-1">
<or_exp><and_exp></and_exp></or_exp>
</condition>

<Node id="47" bw="37" op_0_bw="32">
<![CDATA[
_ZN13ap_fixed_baseILi38ELi17ELb1EL9ap_q_mode5EL9ap_o_mode3ELi0EEC1ILi32ELi16ELb1ELS0_5ELS1_3ELi0EEERKS_IXT_EXT0_EXT1_EXT2_EXT3_EXT4_EE.exit.i.i.0.i:18  %rhs_V_3_cast_i = sext i32 %tmp_V_28 to i37

]]></Node>
<StgValue><ssdm name="rhs_V_3_cast_i"/></StgValue>
</operation>

<operation id="65" st_id="5" stage="1" lat="1">
<core>AddSub</core>
<MemPortIdVec></MemPortIdVec>
<condition id="-1">
<or_exp><and_exp></and_exp></or_exp>
</condition>

<Node id="48" bw="37" op_0_bw="37" op_1_bw="37">
<![CDATA[
_ZN13ap_fixed_baseILi38ELi17ELb1EL9ap_q_mode5EL9ap_o_mode3ELi0EEC1ILi32ELi16ELb1ELS0_5ELS1_3ELi0EEERKS_IXT_EXT0_EXT1_EXT2_EXT3_EXT4_EE.exit.i.i.0.i:19  %ret_V_3_i = add i37 %rhs_V_3_cast_i, %lhs_V_1_3_i

]]></Node>
<StgValue><ssdm name="ret_V_3_i"/></StgValue>
</operation>

<operation id="66" st_id="5" stage="1" lat="1">
<core>NULL</core>
<MemPortIdVec></MemPortIdVec>
<condition id="-1">
<or_exp><and_exp></and_exp></or_exp>
</condition>

<Node id="49" bw="32" op_0_bw="32" op_1_bw="37" op_2_bw="32" op_3_bw="32">
<![CDATA[
_ZN13ap_fixed_baseILi38ELi17ELb1EL9ap_q_mode5EL9ap_o_mode3ELi0EEC1ILi32ELi16ELb1ELS0_5ELS1_3ELi0EEERKS_IXT_EXT0_EXT1_EXT2_EXT3_EXT4_EE.exit.i.i.0.i:20  %channel_sums_3_V_1 = call i32 @_ssdm_op_PartSelect.i32.i37.i32.i32(i37 %ret_V_3_i, i32 5, i32 36)

]]></Node>
<StgValue><ssdm name="channel_sums_3_V_1"/></StgValue>
</operation>
</state>

<state id="6" st_id="6">

<operation id="67" st_id="6" stage="1" lat="1">
<core>FIFO_SRL</core>
<MemPortIdVec></MemPortIdVec>
<condition id="-1">
<or_exp><and_exp></and_exp></or_exp>
</condition>

<Node id="50" bw="32" op_0_bw="32" op_1_bw="32">
<![CDATA[
_ZN13ap_fixed_baseILi38ELi17ELb1EL9ap_q_mode5EL9ap_o_mode3ELi0EEC1ILi32ELi16ELb1ELS0_5ELS1_3ELi0EEERKS_IXT_EXT0_EXT1_EXT2_EXT3_EXT4_EE.exit.i.i.0.i:21  %tmp_V_29 = call i32 @_ssdm_op_Read.ap_fifo.volatile.i32P(i32* @pool3_out_V_V) nounwind

]]></Node>
<StgValue><ssdm name="tmp_V_29"/></StgValue>
</operation>

<operation id="68" st_id="6" stage="1" lat="1">
<core>NULL</core>
<MemPortIdVec></MemPortIdVec>
<condition id="-1">
<or_exp><and_exp></and_exp></or_exp>
</condition>

<Node id="51" bw="37" op_0_bw="37" op_1_bw="32" op_2_bw="5">
<![CDATA[
_ZN13ap_fixed_baseILi38ELi17ELb1EL9ap_q_mode5EL9ap_o_mode3ELi0EEC1ILi32ELi16ELb1ELS0_5ELS1_3ELi0EEERKS_IXT_EXT0_EXT1_EXT2_EXT3_EXT4_EE.exit.i.i.0.i:22  %lhs_V_1_4_i = call i37 @_ssdm_op_BitConcatenate.i37.i32.i5(i32 %channel_sums_4_V, i5 0)

]]></Node>
<StgValue><ssdm name="lhs_V_1_4_i"/></StgValue>
</operation>

<operation id="69" st_id="6" stage="1" lat="1">
<core>NULL</core>
<MemPortIdVec></MemPortIdVec>
<condition id="-1">
<or_exp><and_exp></and_exp></or_exp>
</condition>

<Node id="52" bw="37" op_0_bw="32">
<![CDATA[
_ZN13ap_fixed_baseILi38ELi17ELb1EL9ap_q_mode5EL9ap_o_mode3ELi0EEC1ILi32ELi16ELb1ELS0_5ELS1_3ELi0EEERKS_IXT_EXT0_EXT1_EXT2_EXT3_EXT4_EE.exit.i.i.0.i:23  %rhs_V_4_cast_i = sext i32 %tmp_V_29 to i37

]]></Node>
<StgValue><ssdm name="rhs_V_4_cast_i"/></StgValue>
</operation>

<operation id="70" st_id="6" stage="1" lat="1">
<core>AddSub</core>
<MemPortIdVec></MemPortIdVec>
<condition id="-1">
<or_exp><and_exp></and_exp></or_exp>
</condition>

<Node id="53" bw="37" op_0_bw="37" op_1_bw="37">
<![CDATA[
_ZN13ap_fixed_baseILi38ELi17ELb1EL9ap_q_mode5EL9ap_o_mode3ELi0EEC1ILi32ELi16ELb1ELS0_5ELS1_3ELi0EEERKS_IXT_EXT0_EXT1_EXT2_EXT3_EXT4_EE.exit.i.i.0.i:24  %ret_V_4_i = add i37 %rhs_V_4_cast_i, %lhs_V_1_4_i

]]></Node>
<StgValue><ssdm name="ret_V_4_i"/></StgValue>
</operation>

<operation id="71" st_id="6" stage="1" lat="1">
<core>NULL</core>
<MemPortIdVec></MemPortIdVec>
<condition id="-1">
<or_exp><and_exp></and_exp></or_exp>
</condition>

<Node id="54" bw="32" op_0_bw="32" op_1_bw="37" op_2_bw="32" op_3_bw="32">
<![CDATA[
_ZN13ap_fixed_baseILi38ELi17ELb1EL9ap_q_mode5EL9ap_o_mode3ELi0EEC1ILi32ELi16ELb1ELS0_5ELS1_3ELi0EEERKS_IXT_EXT0_EXT1_EXT2_EXT3_EXT4_EE.exit.i.i.0.i:25  %channel_sums_4_V_1 = call i32 @_ssdm_op_PartSelect.i32.i37.i32.i32(i37 %ret_V_4_i, i32 5, i32 36)

]]></Node>
<StgValue><ssdm name="channel_sums_4_V_1"/></StgValue>
</operation>
</state>

<state id="7" st_id="7">

<operation id="72" st_id="7" stage="1" lat="1">
<core>FIFO_SRL</core>
<MemPortIdVec></MemPortIdVec>
<condition id="-1">
<or_exp><and_exp></and_exp></or_exp>
</condition>

<Node id="55" bw="32" op_0_bw="32" op_1_bw="32">
<![CDATA[
_ZN13ap_fixed_baseILi38ELi17ELb1EL9ap_q_mode5EL9ap_o_mode3ELi0EEC1ILi32ELi16ELb1ELS0_5ELS1_3ELi0EEERKS_IXT_EXT0_EXT1_EXT2_EXT3_EXT4_EE.exit.i.i.0.i:26  %tmp_V_30 = call i32 @_ssdm_op_Read.ap_fifo.volatile.i32P(i32* @pool3_out_V_V) nounwind

]]></Node>
<StgValue><ssdm name="tmp_V_30"/></StgValue>
</operation>

<operation id="73" st_id="7" stage="1" lat="1">
<core>NULL</core>
<MemPortIdVec></MemPortIdVec>
<condition id="-1">
<or_exp><and_exp></and_exp></or_exp>
</condition>

<Node id="56" bw="37" op_0_bw="37" op_1_bw="32" op_2_bw="5">
<![CDATA[
_ZN13ap_fixed_baseILi38ELi17ELb1EL9ap_q_mode5EL9ap_o_mode3ELi0EEC1ILi32ELi16ELb1ELS0_5ELS1_3ELi0EEERKS_IXT_EXT0_EXT1_EXT2_EXT3_EXT4_EE.exit.i.i.0.i:27  %lhs_V_1_5_i = call i37 @_ssdm_op_BitConcatenate.i37.i32.i5(i32 %channel_sums_5_V, i5 0)

]]></Node>
<StgValue><ssdm name="lhs_V_1_5_i"/></StgValue>
</operation>

<operation id="74" st_id="7" stage="1" lat="1">
<core>NULL</core>
<MemPortIdVec></MemPortIdVec>
<condition id="-1">
<or_exp><and_exp></and_exp></or_exp>
</condition>

<Node id="57" bw="37" op_0_bw="32">
<![CDATA[
_ZN13ap_fixed_baseILi38ELi17ELb1EL9ap_q_mode5EL9ap_o_mode3ELi0EEC1ILi32ELi16ELb1ELS0_5ELS1_3ELi0EEERKS_IXT_EXT0_EXT1_EXT2_EXT3_EXT4_EE.exit.i.i.0.i:28  %rhs_V_5_cast_i = sext i32 %tmp_V_30 to i37

]]></Node>
<StgValue><ssdm name="rhs_V_5_cast_i"/></StgValue>
</operation>

<operation id="75" st_id="7" stage="1" lat="1">
<core>AddSub</core>
<MemPortIdVec></MemPortIdVec>
<condition id="-1">
<or_exp><and_exp></and_exp></or_exp>
</condition>

<Node id="58" bw="37" op_0_bw="37" op_1_bw="37">
<![CDATA[
_ZN13ap_fixed_baseILi38ELi17ELb1EL9ap_q_mode5EL9ap_o_mode3ELi0EEC1ILi32ELi16ELb1ELS0_5ELS1_3ELi0EEERKS_IXT_EXT0_EXT1_EXT2_EXT3_EXT4_EE.exit.i.i.0.i:29  %ret_V_5_i = add i37 %rhs_V_5_cast_i, %lhs_V_1_5_i

]]></Node>
<StgValue><ssdm name="ret_V_5_i"/></StgValue>
</operation>

<operation id="76" st_id="7" stage="1" lat="1">
<core>NULL</core>
<MemPortIdVec></MemPortIdVec>
<condition id="-1">
<or_exp><and_exp></and_exp></or_exp>
</condition>

<Node id="59" bw="32" op_0_bw="32" op_1_bw="37" op_2_bw="32" op_3_bw="32">
<![CDATA[
_ZN13ap_fixed_baseILi38ELi17ELb1EL9ap_q_mode5EL9ap_o_mode3ELi0EEC1ILi32ELi16ELb1ELS0_5ELS1_3ELi0EEERKS_IXT_EXT0_EXT1_EXT2_EXT3_EXT4_EE.exit.i.i.0.i:30  %channel_sums_5_V_1 = call i32 @_ssdm_op_PartSelect.i32.i37.i32.i32(i37 %ret_V_5_i, i32 5, i32 36)

]]></Node>
<StgValue><ssdm name="channel_sums_5_V_1"/></StgValue>
</operation>
</state>

<state id="8" st_id="8">

<operation id="77" st_id="8" stage="1" lat="1">
<core>FIFO_SRL</core>
<MemPortIdVec></MemPortIdVec>
<condition id="-1">
<or_exp><and_exp></and_exp></or_exp>
</condition>

<Node id="60" bw="32" op_0_bw="32" op_1_bw="32">
<![CDATA[
_ZN13ap_fixed_baseILi38ELi17ELb1EL9ap_q_mode5EL9ap_o_mode3ELi0EEC1ILi32ELi16ELb1ELS0_5ELS1_3ELi0EEERKS_IXT_EXT0_EXT1_EXT2_EXT3_EXT4_EE.exit.i.i.0.i:31  %tmp_V_31 = call i32 @_ssdm_op_Read.ap_fifo.volatile.i32P(i32* @pool3_out_V_V) nounwind

]]></Node>
<StgValue><ssdm name="tmp_V_31"/></StgValue>
</operation>

<operation id="78" st_id="8" stage="1" lat="1">
<core>NULL</core>
<MemPortIdVec></MemPortIdVec>
<condition id="-1">
<or_exp><and_exp></and_exp></or_exp>
</condition>

<Node id="61" bw="37" op_0_bw="37" op_1_bw="32" op_2_bw="5">
<![CDATA[
_ZN13ap_fixed_baseILi38ELi17ELb1EL9ap_q_mode5EL9ap_o_mode3ELi0EEC1ILi32ELi16ELb1ELS0_5ELS1_3ELi0EEERKS_IXT_EXT0_EXT1_EXT2_EXT3_EXT4_EE.exit.i.i.0.i:32  %lhs_V_1_6_i = call i37 @_ssdm_op_BitConcatenate.i37.i32.i5(i32 %channel_sums_6_V, i5 0)

]]></Node>
<StgValue><ssdm name="lhs_V_1_6_i"/></StgValue>
</operation>

<operation id="79" st_id="8" stage="1" lat="1">
<core>NULL</core>
<MemPortIdVec></MemPortIdVec>
<condition id="-1">
<or_exp><and_exp></and_exp></or_exp>
</condition>

<Node id="62" bw="37" op_0_bw="32">
<![CDATA[
_ZN13ap_fixed_baseILi38ELi17ELb1EL9ap_q_mode5EL9ap_o_mode3ELi0EEC1ILi32ELi16ELb1ELS0_5ELS1_3ELi0EEERKS_IXT_EXT0_EXT1_EXT2_EXT3_EXT4_EE.exit.i.i.0.i:33  %rhs_V_6_cast_i = sext i32 %tmp_V_31 to i37

]]></Node>
<StgValue><ssdm name="rhs_V_6_cast_i"/></StgValue>
</operation>

<operation id="80" st_id="8" stage="1" lat="1">
<core>AddSub</core>
<MemPortIdVec></MemPortIdVec>
<condition id="-1">
<or_exp><and_exp></and_exp></or_exp>
</condition>

<Node id="63" bw="37" op_0_bw="37" op_1_bw="37">
<![CDATA[
_ZN13ap_fixed_baseILi38ELi17ELb1EL9ap_q_mode5EL9ap_o_mode3ELi0EEC1ILi32ELi16ELb1ELS0_5ELS1_3ELi0EEERKS_IXT_EXT0_EXT1_EXT2_EXT3_EXT4_EE.exit.i.i.0.i:34  %ret_V_6_i = add i37 %rhs_V_6_cast_i, %lhs_V_1_6_i

]]></Node>
<StgValue><ssdm name="ret_V_6_i"/></StgValue>
</operation>

<operation id="81" st_id="8" stage="1" lat="1">
<core>NULL</core>
<MemPortIdVec></MemPortIdVec>
<condition id="-1">
<or_exp><and_exp></and_exp></or_exp>
</condition>

<Node id="64" bw="32" op_0_bw="32" op_1_bw="37" op_2_bw="32" op_3_bw="32">
<![CDATA[
_ZN13ap_fixed_baseILi38ELi17ELb1EL9ap_q_mode5EL9ap_o_mode3ELi0EEC1ILi32ELi16ELb1ELS0_5ELS1_3ELi0EEERKS_IXT_EXT0_EXT1_EXT2_EXT3_EXT4_EE.exit.i.i.0.i:35  %channel_sums_6_V_1 = call i32 @_ssdm_op_PartSelect.i32.i37.i32.i32(i37 %ret_V_6_i, i32 5, i32 36)

]]></Node>
<StgValue><ssdm name="channel_sums_6_V_1"/></StgValue>
</operation>
</state>

<state id="9" st_id="9">

<operation id="82" st_id="9" stage="1" lat="1">
<core>FIFO_SRL</core>
<MemPortIdVec></MemPortIdVec>
<condition id="-1">
<or_exp><and_exp></and_exp></or_exp>
</condition>

<Node id="65" bw="32" op_0_bw="32" op_1_bw="32">
<![CDATA[
_ZN13ap_fixed_baseILi38ELi17ELb1EL9ap_q_mode5EL9ap_o_mode3ELi0EEC1ILi32ELi16ELb1ELS0_5ELS1_3ELi0EEERKS_IXT_EXT0_EXT1_EXT2_EXT3_EXT4_EE.exit.i.i.0.i:36  %tmp_V_32 = call i32 @_ssdm_op_Read.ap_fifo.volatile.i32P(i32* @pool3_out_V_V) nounwind

]]></Node>
<StgValue><ssdm name="tmp_V_32"/></StgValue>
</operation>

<operation id="83" st_id="9" stage="1" lat="1">
<core>NULL</core>
<MemPortIdVec></MemPortIdVec>
<condition id="-1">
<or_exp><and_exp></and_exp></or_exp>
</condition>

<Node id="66" bw="37" op_0_bw="37" op_1_bw="32" op_2_bw="5">
<![CDATA[
_ZN13ap_fixed_baseILi38ELi17ELb1EL9ap_q_mode5EL9ap_o_mode3ELi0EEC1ILi32ELi16ELb1ELS0_5ELS1_3ELi0EEERKS_IXT_EXT0_EXT1_EXT2_EXT3_EXT4_EE.exit.i.i.0.i:37  %lhs_V_1_7_i = call i37 @_ssdm_op_BitConcatenate.i37.i32.i5(i32 %channel_sums_7_V, i5 0)

]]></Node>
<StgValue><ssdm name="lhs_V_1_7_i"/></StgValue>
</operation>

<operation id="84" st_id="9" stage="1" lat="1">
<core>NULL</core>
<MemPortIdVec></MemPortIdVec>
<condition id="-1">
<or_exp><and_exp></and_exp></or_exp>
</condition>

<Node id="67" bw="37" op_0_bw="32">
<![CDATA[
_ZN13ap_fixed_baseILi38ELi17ELb1EL9ap_q_mode5EL9ap_o_mode3ELi0EEC1ILi32ELi16ELb1ELS0_5ELS1_3ELi0EEERKS_IXT_EXT0_EXT1_EXT2_EXT3_EXT4_EE.exit.i.i.0.i:38  %rhs_V_7_cast_i = sext i32 %tmp_V_32 to i37

]]></Node>
<StgValue><ssdm name="rhs_V_7_cast_i"/></StgValue>
</operation>

<operation id="85" st_id="9" stage="1" lat="1">
<core>AddSub</core>
<MemPortIdVec></MemPortIdVec>
<condition id="-1">
<or_exp><and_exp></and_exp></or_exp>
</condition>

<Node id="68" bw="37" op_0_bw="37" op_1_bw="37">
<![CDATA[
_ZN13ap_fixed_baseILi38ELi17ELb1EL9ap_q_mode5EL9ap_o_mode3ELi0EEC1ILi32ELi16ELb1ELS0_5ELS1_3ELi0EEERKS_IXT_EXT0_EXT1_EXT2_EXT3_EXT4_EE.exit.i.i.0.i:39  %ret_V_7_i = add i37 %rhs_V_7_cast_i, %lhs_V_1_7_i

]]></Node>
<StgValue><ssdm name="ret_V_7_i"/></StgValue>
</operation>

<operation id="86" st_id="9" stage="1" lat="1">
<core>NULL</core>
<MemPortIdVec></MemPortIdVec>
<condition id="-1">
<or_exp><and_exp></and_exp></or_exp>
</condition>

<Node id="69" bw="32" op_0_bw="32" op_1_bw="37" op_2_bw="32" op_3_bw="32">
<![CDATA[
_ZN13ap_fixed_baseILi38ELi17ELb1EL9ap_q_mode5EL9ap_o_mode3ELi0EEC1ILi32ELi16ELb1ELS0_5ELS1_3ELi0EEERKS_IXT_EXT0_EXT1_EXT2_EXT3_EXT4_EE.exit.i.i.0.i:40  %channel_sums_7_V_1 = call i32 @_ssdm_op_PartSelect.i32.i37.i32.i32(i37 %ret_V_7_i, i32 5, i32 36)

]]></Node>
<StgValue><ssdm name="channel_sums_7_V_1"/></StgValue>
</operation>
</state>

<state id="10" st_id="10">

<operation id="87" st_id="10" stage="1" lat="1">
<core>FIFO_SRL</core>
<MemPortIdVec></MemPortIdVec>
<condition id="-1">
<or_exp><and_exp></and_exp></or_exp>
</condition>

<Node id="70" bw="32" op_0_bw="32" op_1_bw="32">
<![CDATA[
_ZN13ap_fixed_baseILi38ELi17ELb1EL9ap_q_mode5EL9ap_o_mode3ELi0EEC1ILi32ELi16ELb1ELS0_5ELS1_3ELi0EEERKS_IXT_EXT0_EXT1_EXT2_EXT3_EXT4_EE.exit.i.i.0.i:41  %tmp_V_33 = call i32 @_ssdm_op_Read.ap_fifo.volatile.i32P(i32* @pool3_out_V_V) nounwind

]]></Node>
<StgValue><ssdm name="tmp_V_33"/></StgValue>
</operation>

<operation id="88" st_id="10" stage="1" lat="1">
<core>NULL</core>
<MemPortIdVec></MemPortIdVec>
<condition id="-1">
<or_exp><and_exp></and_exp></or_exp>
</condition>

<Node id="71" bw="37" op_0_bw="37" op_1_bw="32" op_2_bw="5">
<![CDATA[
_ZN13ap_fixed_baseILi38ELi17ELb1EL9ap_q_mode5EL9ap_o_mode3ELi0EEC1ILi32ELi16ELb1ELS0_5ELS1_3ELi0EEERKS_IXT_EXT0_EXT1_EXT2_EXT3_EXT4_EE.exit.i.i.0.i:42  %lhs_V_1_8_i = call i37 @_ssdm_op_BitConcatenate.i37.i32.i5(i32 %channel_sums_8_V, i5 0)

]]></Node>
<StgValue><ssdm name="lhs_V_1_8_i"/></StgValue>
</operation>

<operation id="89" st_id="10" stage="1" lat="1">
<core>NULL</core>
<MemPortIdVec></MemPortIdVec>
<condition id="-1">
<or_exp><and_exp></and_exp></or_exp>
</condition>

<Node id="72" bw="37" op_0_bw="32">
<![CDATA[
_ZN13ap_fixed_baseILi38ELi17ELb1EL9ap_q_mode5EL9ap_o_mode3ELi0EEC1ILi32ELi16ELb1ELS0_5ELS1_3ELi0EEERKS_IXT_EXT0_EXT1_EXT2_EXT3_EXT4_EE.exit.i.i.0.i:43  %rhs_V_8_cast_i = sext i32 %tmp_V_33 to i37

]]></Node>
<StgValue><ssdm name="rhs_V_8_cast_i"/></StgValue>
</operation>

<operation id="90" st_id="10" stage="1" lat="1">
<core>AddSub</core>
<MemPortIdVec></MemPortIdVec>
<condition id="-1">
<or_exp><and_exp></and_exp></or_exp>
</condition>

<Node id="73" bw="37" op_0_bw="37" op_1_bw="37">
<![CDATA[
_ZN13ap_fixed_baseILi38ELi17ELb1EL9ap_q_mode5EL9ap_o_mode3ELi0EEC1ILi32ELi16ELb1ELS0_5ELS1_3ELi0EEERKS_IXT_EXT0_EXT1_EXT2_EXT3_EXT4_EE.exit.i.i.0.i:44  %ret_V_8_i = add i37 %rhs_V_8_cast_i, %lhs_V_1_8_i

]]></Node>
<StgValue><ssdm name="ret_V_8_i"/></StgValue>
</operation>

<operation id="91" st_id="10" stage="1" lat="1">
<core>NULL</core>
<MemPortIdVec></MemPortIdVec>
<condition id="-1">
<or_exp><and_exp></and_exp></or_exp>
</condition>

<Node id="74" bw="32" op_0_bw="32" op_1_bw="37" op_2_bw="32" op_3_bw="32">
<![CDATA[
_ZN13ap_fixed_baseILi38ELi17ELb1EL9ap_q_mode5EL9ap_o_mode3ELi0EEC1ILi32ELi16ELb1ELS0_5ELS1_3ELi0EEERKS_IXT_EXT0_EXT1_EXT2_EXT3_EXT4_EE.exit.i.i.0.i:45  %channel_sums_8_V_1 = call i32 @_ssdm_op_PartSelect.i32.i37.i32.i32(i37 %ret_V_8_i, i32 5, i32 36)

]]></Node>
<StgValue><ssdm name="channel_sums_8_V_1"/></StgValue>
</operation>
</state>

<state id="11" st_id="11">

<operation id="92" st_id="11" stage="1" lat="1">
<core>FIFO_SRL</core>
<MemPortIdVec></MemPortIdVec>
<condition id="-1">
<or_exp><and_exp></and_exp></or_exp>
</condition>

<Node id="75" bw="32" op_0_bw="32" op_1_bw="32">
<![CDATA[
_ZN13ap_fixed_baseILi38ELi17ELb1EL9ap_q_mode5EL9ap_o_mode3ELi0EEC1ILi32ELi16ELb1ELS0_5ELS1_3ELi0EEERKS_IXT_EXT0_EXT1_EXT2_EXT3_EXT4_EE.exit.i.i.0.i:46  %tmp_V_34 = call i32 @_ssdm_op_Read.ap_fifo.volatile.i32P(i32* @pool3_out_V_V) nounwind

]]></Node>
<StgValue><ssdm name="tmp_V_34"/></StgValue>
</operation>

<operation id="93" st_id="11" stage="1" lat="1">
<core>NULL</core>
<MemPortIdVec></MemPortIdVec>
<condition id="-1">
<or_exp><and_exp></and_exp></or_exp>
</condition>

<Node id="76" bw="37" op_0_bw="37" op_1_bw="32" op_2_bw="5">
<![CDATA[
_ZN13ap_fixed_baseILi38ELi17ELb1EL9ap_q_mode5EL9ap_o_mode3ELi0EEC1ILi32ELi16ELb1ELS0_5ELS1_3ELi0EEERKS_IXT_EXT0_EXT1_EXT2_EXT3_EXT4_EE.exit.i.i.0.i:47  %lhs_V_1_9_i = call i37 @_ssdm_op_BitConcatenate.i37.i32.i5(i32 %channel_sums_9_V, i5 0)

]]></Node>
<StgValue><ssdm name="lhs_V_1_9_i"/></StgValue>
</operation>

<operation id="94" st_id="11" stage="1" lat="1">
<core>NULL</core>
<MemPortIdVec></MemPortIdVec>
<condition id="-1">
<or_exp><and_exp></and_exp></or_exp>
</condition>

<Node id="77" bw="37" op_0_bw="32">
<![CDATA[
_ZN13ap_fixed_baseILi38ELi17ELb1EL9ap_q_mode5EL9ap_o_mode3ELi0EEC1ILi32ELi16ELb1ELS0_5ELS1_3ELi0EEERKS_IXT_EXT0_EXT1_EXT2_EXT3_EXT4_EE.exit.i.i.0.i:48  %rhs_V_9_cast_i = sext i32 %tmp_V_34 to i37

]]></Node>
<StgValue><ssdm name="rhs_V_9_cast_i"/></StgValue>
</operation>

<operation id="95" st_id="11" stage="1" lat="1">
<core>AddSub</core>
<MemPortIdVec></MemPortIdVec>
<condition id="-1">
<or_exp><and_exp></and_exp></or_exp>
</condition>

<Node id="78" bw="37" op_0_bw="37" op_1_bw="37">
<![CDATA[
_ZN13ap_fixed_baseILi38ELi17ELb1EL9ap_q_mode5EL9ap_o_mode3ELi0EEC1ILi32ELi16ELb1ELS0_5ELS1_3ELi0EEERKS_IXT_EXT0_EXT1_EXT2_EXT3_EXT4_EE.exit.i.i.0.i:49  %ret_V_9_i = add i37 %rhs_V_9_cast_i, %lhs_V_1_9_i

]]></Node>
<StgValue><ssdm name="ret_V_9_i"/></StgValue>
</operation>

<operation id="96" st_id="11" stage="1" lat="1">
<core>NULL</core>
<MemPortIdVec></MemPortIdVec>
<condition id="-1">
<or_exp><and_exp></and_exp></or_exp>
</condition>

<Node id="79" bw="32" op_0_bw="32" op_1_bw="37" op_2_bw="32" op_3_bw="32">
<![CDATA[
_ZN13ap_fixed_baseILi38ELi17ELb1EL9ap_q_mode5EL9ap_o_mode3ELi0EEC1ILi32ELi16ELb1ELS0_5ELS1_3ELi0EEERKS_IXT_EXT0_EXT1_EXT2_EXT3_EXT4_EE.exit.i.i.0.i:50  %channel_sums_9_V_1 = call i32 @_ssdm_op_PartSelect.i32.i37.i32.i32(i37 %ret_V_9_i, i32 5, i32 36)

]]></Node>
<StgValue><ssdm name="channel_sums_9_V_1"/></StgValue>
</operation>
</state>

<state id="12" st_id="12">

<operation id="97" st_id="12" stage="1" lat="1">
<core>FIFO_SRL</core>
<MemPortIdVec></MemPortIdVec>
<condition id="-1">
<or_exp><and_exp></and_exp></or_exp>
</condition>

<Node id="80" bw="32" op_0_bw="32" op_1_bw="32">
<![CDATA[
_ZN13ap_fixed_baseILi38ELi17ELb1EL9ap_q_mode5EL9ap_o_mode3ELi0EEC1ILi32ELi16ELb1ELS0_5ELS1_3ELi0EEERKS_IXT_EXT0_EXT1_EXT2_EXT3_EXT4_EE.exit.i.i.0.i:51  %tmp_V_35 = call i32 @_ssdm_op_Read.ap_fifo.volatile.i32P(i32* @pool3_out_V_V) nounwind

]]></Node>
<StgValue><ssdm name="tmp_V_35"/></StgValue>
</operation>

<operation id="98" st_id="12" stage="1" lat="1">
<core>NULL</core>
<MemPortIdVec></MemPortIdVec>
<condition id="-1">
<or_exp><and_exp></and_exp></or_exp>
</condition>

<Node id="81" bw="37" op_0_bw="37" op_1_bw="32" op_2_bw="5">
<![CDATA[
_ZN13ap_fixed_baseILi38ELi17ELb1EL9ap_q_mode5EL9ap_o_mode3ELi0EEC1ILi32ELi16ELb1ELS0_5ELS1_3ELi0EEERKS_IXT_EXT0_EXT1_EXT2_EXT3_EXT4_EE.exit.i.i.0.i:52  %lhs_V_1_i_65 = call i37 @_ssdm_op_BitConcatenate.i37.i32.i5(i32 %channel_sums_10_V, i5 0)

]]></Node>
<StgValue><ssdm name="lhs_V_1_i_65"/></StgValue>
</operation>

<operation id="99" st_id="12" stage="1" lat="1">
<core>NULL</core>
<MemPortIdVec></MemPortIdVec>
<condition id="-1">
<or_exp><and_exp></and_exp></or_exp>
</condition>

<Node id="82" bw="37" op_0_bw="32">
<![CDATA[
_ZN13ap_fixed_baseILi38ELi17ELb1EL9ap_q_mode5EL9ap_o_mode3ELi0EEC1ILi32ELi16ELb1ELS0_5ELS1_3ELi0EEERKS_IXT_EXT0_EXT1_EXT2_EXT3_EXT4_EE.exit.i.i.0.i:53  %rhs_V_cast_i_66 = sext i32 %tmp_V_35 to i37

]]></Node>
<StgValue><ssdm name="rhs_V_cast_i_66"/></StgValue>
</operation>

<operation id="100" st_id="12" stage="1" lat="1">
<core>AddSub</core>
<MemPortIdVec></MemPortIdVec>
<condition id="-1">
<or_exp><and_exp></and_exp></or_exp>
</condition>

<Node id="83" bw="37" op_0_bw="37" op_1_bw="37">
<![CDATA[
_ZN13ap_fixed_baseILi38ELi17ELb1EL9ap_q_mode5EL9ap_o_mode3ELi0EEC1ILi32ELi16ELb1ELS0_5ELS1_3ELi0EEERKS_IXT_EXT0_EXT1_EXT2_EXT3_EXT4_EE.exit.i.i.0.i:54  %ret_V_i_67 = add i37 %rhs_V_cast_i_66, %lhs_V_1_i_65

]]></Node>
<StgValue><ssdm name="ret_V_i_67"/></StgValue>
</operation>

<operation id="101" st_id="12" stage="1" lat="1">
<core>NULL</core>
<MemPortIdVec></MemPortIdVec>
<condition id="-1">
<or_exp><and_exp></and_exp></or_exp>
</condition>

<Node id="84" bw="32" op_0_bw="32" op_1_bw="37" op_2_bw="32" op_3_bw="32">
<![CDATA[
_ZN13ap_fixed_baseILi38ELi17ELb1EL9ap_q_mode5EL9ap_o_mode3ELi0EEC1ILi32ELi16ELb1ELS0_5ELS1_3ELi0EEERKS_IXT_EXT0_EXT1_EXT2_EXT3_EXT4_EE.exit.i.i.0.i:55  %channel_sums_10_V_1 = call i32 @_ssdm_op_PartSelect.i32.i37.i32.i32(i37 %ret_V_i_67, i32 5, i32 36)

]]></Node>
<StgValue><ssdm name="channel_sums_10_V_1"/></StgValue>
</operation>
</state>

<state id="13" st_id="13">

<operation id="102" st_id="13" stage="1" lat="1">
<core>FIFO_SRL</core>
<MemPortIdVec></MemPortIdVec>
<condition id="-1">
<or_exp><and_exp></and_exp></or_exp>
</condition>

<Node id="85" bw="32" op_0_bw="32" op_1_bw="32">
<![CDATA[
_ZN13ap_fixed_baseILi38ELi17ELb1EL9ap_q_mode5EL9ap_o_mode3ELi0EEC1ILi32ELi16ELb1ELS0_5ELS1_3ELi0EEERKS_IXT_EXT0_EXT1_EXT2_EXT3_EXT4_EE.exit.i.i.0.i:56  %tmp_V_36 = call i32 @_ssdm_op_Read.ap_fifo.volatile.i32P(i32* @pool3_out_V_V) nounwind

]]></Node>
<StgValue><ssdm name="tmp_V_36"/></StgValue>
</operation>

<operation id="103" st_id="13" stage="1" lat="1">
<core>NULL</core>
<MemPortIdVec></MemPortIdVec>
<condition id="-1">
<or_exp><and_exp></and_exp></or_exp>
</condition>

<Node id="86" bw="37" op_0_bw="37" op_1_bw="32" op_2_bw="5">
<![CDATA[
_ZN13ap_fixed_baseILi38ELi17ELb1EL9ap_q_mode5EL9ap_o_mode3ELi0EEC1ILi32ELi16ELb1ELS0_5ELS1_3ELi0EEERKS_IXT_EXT0_EXT1_EXT2_EXT3_EXT4_EE.exit.i.i.0.i:57  %lhs_V_1_10_i = call i37 @_ssdm_op_BitConcatenate.i37.i32.i5(i32 %channel_sums_11_V, i5 0)

]]></Node>
<StgValue><ssdm name="lhs_V_1_10_i"/></StgValue>
</operation>

<operation id="104" st_id="13" stage="1" lat="1">
<core>NULL</core>
<MemPortIdVec></MemPortIdVec>
<condition id="-1">
<or_exp><and_exp></and_exp></or_exp>
</condition>

<Node id="87" bw="37" op_0_bw="32">
<![CDATA[
_ZN13ap_fixed_baseILi38ELi17ELb1EL9ap_q_mode5EL9ap_o_mode3ELi0EEC1ILi32ELi16ELb1ELS0_5ELS1_3ELi0EEERKS_IXT_EXT0_EXT1_EXT2_EXT3_EXT4_EE.exit.i.i.0.i:58  %rhs_V_10_cast_i = sext i32 %tmp_V_36 to i37

]]></Node>
<StgValue><ssdm name="rhs_V_10_cast_i"/></StgValue>
</operation>

<operation id="105" st_id="13" stage="1" lat="1">
<core>AddSub</core>
<MemPortIdVec></MemPortIdVec>
<condition id="-1">
<or_exp><and_exp></and_exp></or_exp>
</condition>

<Node id="88" bw="37" op_0_bw="37" op_1_bw="37">
<![CDATA[
_ZN13ap_fixed_baseILi38ELi17ELb1EL9ap_q_mode5EL9ap_o_mode3ELi0EEC1ILi32ELi16ELb1ELS0_5ELS1_3ELi0EEERKS_IXT_EXT0_EXT1_EXT2_EXT3_EXT4_EE.exit.i.i.0.i:59  %ret_V_10_i = add i37 %rhs_V_10_cast_i, %lhs_V_1_10_i

]]></Node>
<StgValue><ssdm name="ret_V_10_i"/></StgValue>
</operation>

<operation id="106" st_id="13" stage="1" lat="1">
<core>NULL</core>
<MemPortIdVec></MemPortIdVec>
<condition id="-1">
<or_exp><and_exp></and_exp></or_exp>
</condition>

<Node id="89" bw="32" op_0_bw="32" op_1_bw="37" op_2_bw="32" op_3_bw="32">
<![CDATA[
_ZN13ap_fixed_baseILi38ELi17ELb1EL9ap_q_mode5EL9ap_o_mode3ELi0EEC1ILi32ELi16ELb1ELS0_5ELS1_3ELi0EEERKS_IXT_EXT0_EXT1_EXT2_EXT3_EXT4_EE.exit.i.i.0.i:60  %channel_sums_11_V_1 = call i32 @_ssdm_op_PartSelect.i32.i37.i32.i32(i37 %ret_V_10_i, i32 5, i32 36)

]]></Node>
<StgValue><ssdm name="channel_sums_11_V_1"/></StgValue>
</operation>
</state>

<state id="14" st_id="14">

<operation id="107" st_id="14" stage="1" lat="1">
<core>FIFO_SRL</core>
<MemPortIdVec></MemPortIdVec>
<condition id="-1">
<or_exp><and_exp></and_exp></or_exp>
</condition>

<Node id="90" bw="32" op_0_bw="32" op_1_bw="32">
<![CDATA[
_ZN13ap_fixed_baseILi38ELi17ELb1EL9ap_q_mode5EL9ap_o_mode3ELi0EEC1ILi32ELi16ELb1ELS0_5ELS1_3ELi0EEERKS_IXT_EXT0_EXT1_EXT2_EXT3_EXT4_EE.exit.i.i.0.i:61  %tmp_V_37 = call i32 @_ssdm_op_Read.ap_fifo.volatile.i32P(i32* @pool3_out_V_V) nounwind

]]></Node>
<StgValue><ssdm name="tmp_V_37"/></StgValue>
</operation>

<operation id="108" st_id="14" stage="1" lat="1">
<core>NULL</core>
<MemPortIdVec></MemPortIdVec>
<condition id="-1">
<or_exp><and_exp></and_exp></or_exp>
</condition>

<Node id="91" bw="37" op_0_bw="37" op_1_bw="32" op_2_bw="5">
<![CDATA[
_ZN13ap_fixed_baseILi38ELi17ELb1EL9ap_q_mode5EL9ap_o_mode3ELi0EEC1ILi32ELi16ELb1ELS0_5ELS1_3ELi0EEERKS_IXT_EXT0_EXT1_EXT2_EXT3_EXT4_EE.exit.i.i.0.i:62  %lhs_V_1_11_i = call i37 @_ssdm_op_BitConcatenate.i37.i32.i5(i32 %channel_sums_12_V, i5 0)

]]></Node>
<StgValue><ssdm name="lhs_V_1_11_i"/></StgValue>
</operation>

<operation id="109" st_id="14" stage="1" lat="1">
<core>NULL</core>
<MemPortIdVec></MemPortIdVec>
<condition id="-1">
<or_exp><and_exp></and_exp></or_exp>
</condition>

<Node id="92" bw="37" op_0_bw="32">
<![CDATA[
_ZN13ap_fixed_baseILi38ELi17ELb1EL9ap_q_mode5EL9ap_o_mode3ELi0EEC1ILi32ELi16ELb1ELS0_5ELS1_3ELi0EEERKS_IXT_EXT0_EXT1_EXT2_EXT3_EXT4_EE.exit.i.i.0.i:63  %rhs_V_11_cast_i = sext i32 %tmp_V_37 to i37

]]></Node>
<StgValue><ssdm name="rhs_V_11_cast_i"/></StgValue>
</operation>

<operation id="110" st_id="14" stage="1" lat="1">
<core>AddSub</core>
<MemPortIdVec></MemPortIdVec>
<condition id="-1">
<or_exp><and_exp></and_exp></or_exp>
</condition>

<Node id="93" bw="37" op_0_bw="37" op_1_bw="37">
<![CDATA[
_ZN13ap_fixed_baseILi38ELi17ELb1EL9ap_q_mode5EL9ap_o_mode3ELi0EEC1ILi32ELi16ELb1ELS0_5ELS1_3ELi0EEERKS_IXT_EXT0_EXT1_EXT2_EXT3_EXT4_EE.exit.i.i.0.i:64  %ret_V_11_i = add i37 %rhs_V_11_cast_i, %lhs_V_1_11_i

]]></Node>
<StgValue><ssdm name="ret_V_11_i"/></StgValue>
</operation>

<operation id="111" st_id="14" stage="1" lat="1">
<core>NULL</core>
<MemPortIdVec></MemPortIdVec>
<condition id="-1">
<or_exp><and_exp></and_exp></or_exp>
</condition>

<Node id="94" bw="32" op_0_bw="32" op_1_bw="37" op_2_bw="32" op_3_bw="32">
<![CDATA[
_ZN13ap_fixed_baseILi38ELi17ELb1EL9ap_q_mode5EL9ap_o_mode3ELi0EEC1ILi32ELi16ELb1ELS0_5ELS1_3ELi0EEERKS_IXT_EXT0_EXT1_EXT2_EXT3_EXT4_EE.exit.i.i.0.i:65  %channel_sums_12_V_1 = call i32 @_ssdm_op_PartSelect.i32.i37.i32.i32(i37 %ret_V_11_i, i32 5, i32 36)

]]></Node>
<StgValue><ssdm name="channel_sums_12_V_1"/></StgValue>
</operation>
</state>

<state id="15" st_id="15">

<operation id="112" st_id="15" stage="1" lat="1">
<core>FIFO_SRL</core>
<MemPortIdVec></MemPortIdVec>
<condition id="-1">
<or_exp><and_exp></and_exp></or_exp>
</condition>

<Node id="95" bw="32" op_0_bw="32" op_1_bw="32">
<![CDATA[
_ZN13ap_fixed_baseILi38ELi17ELb1EL9ap_q_mode5EL9ap_o_mode3ELi0EEC1ILi32ELi16ELb1ELS0_5ELS1_3ELi0EEERKS_IXT_EXT0_EXT1_EXT2_EXT3_EXT4_EE.exit.i.i.0.i:66  %tmp_V_38 = call i32 @_ssdm_op_Read.ap_fifo.volatile.i32P(i32* @pool3_out_V_V) nounwind

]]></Node>
<StgValue><ssdm name="tmp_V_38"/></StgValue>
</operation>

<operation id="113" st_id="15" stage="1" lat="1">
<core>NULL</core>
<MemPortIdVec></MemPortIdVec>
<condition id="-1">
<or_exp><and_exp></and_exp></or_exp>
</condition>

<Node id="96" bw="37" op_0_bw="37" op_1_bw="32" op_2_bw="5">
<![CDATA[
_ZN13ap_fixed_baseILi38ELi17ELb1EL9ap_q_mode5EL9ap_o_mode3ELi0EEC1ILi32ELi16ELb1ELS0_5ELS1_3ELi0EEERKS_IXT_EXT0_EXT1_EXT2_EXT3_EXT4_EE.exit.i.i.0.i:67  %lhs_V_1_12_i = call i37 @_ssdm_op_BitConcatenate.i37.i32.i5(i32 %channel_sums_13_V, i5 0)

]]></Node>
<StgValue><ssdm name="lhs_V_1_12_i"/></StgValue>
</operation>

<operation id="114" st_id="15" stage="1" lat="1">
<core>NULL</core>
<MemPortIdVec></MemPortIdVec>
<condition id="-1">
<or_exp><and_exp></and_exp></or_exp>
</condition>

<Node id="97" bw="37" op_0_bw="32">
<![CDATA[
_ZN13ap_fixed_baseILi38ELi17ELb1EL9ap_q_mode5EL9ap_o_mode3ELi0EEC1ILi32ELi16ELb1ELS0_5ELS1_3ELi0EEERKS_IXT_EXT0_EXT1_EXT2_EXT3_EXT4_EE.exit.i.i.0.i:68  %rhs_V_12_cast_i = sext i32 %tmp_V_38 to i37

]]></Node>
<StgValue><ssdm name="rhs_V_12_cast_i"/></StgValue>
</operation>

<operation id="115" st_id="15" stage="1" lat="1">
<core>AddSub</core>
<MemPortIdVec></MemPortIdVec>
<condition id="-1">
<or_exp><and_exp></and_exp></or_exp>
</condition>

<Node id="98" bw="37" op_0_bw="37" op_1_bw="37">
<![CDATA[
_ZN13ap_fixed_baseILi38ELi17ELb1EL9ap_q_mode5EL9ap_o_mode3ELi0EEC1ILi32ELi16ELb1ELS0_5ELS1_3ELi0EEERKS_IXT_EXT0_EXT1_EXT2_EXT3_EXT4_EE.exit.i.i.0.i:69  %ret_V_12_i = add i37 %rhs_V_12_cast_i, %lhs_V_1_12_i

]]></Node>
<StgValue><ssdm name="ret_V_12_i"/></StgValue>
</operation>

<operation id="116" st_id="15" stage="1" lat="1">
<core>NULL</core>
<MemPortIdVec></MemPortIdVec>
<condition id="-1">
<or_exp><and_exp></and_exp></or_exp>
</condition>

<Node id="99" bw="32" op_0_bw="32" op_1_bw="37" op_2_bw="32" op_3_bw="32">
<![CDATA[
_ZN13ap_fixed_baseILi38ELi17ELb1EL9ap_q_mode5EL9ap_o_mode3ELi0EEC1ILi32ELi16ELb1ELS0_5ELS1_3ELi0EEERKS_IXT_EXT0_EXT1_EXT2_EXT3_EXT4_EE.exit.i.i.0.i:70  %channel_sums_13_V_1 = call i32 @_ssdm_op_PartSelect.i32.i37.i32.i32(i37 %ret_V_12_i, i32 5, i32 36)

]]></Node>
<StgValue><ssdm name="channel_sums_13_V_1"/></StgValue>
</operation>
</state>

<state id="16" st_id="16">

<operation id="117" st_id="16" stage="1" lat="1">
<core>FIFO_SRL</core>
<MemPortIdVec></MemPortIdVec>
<condition id="-1">
<or_exp><and_exp></and_exp></or_exp>
</condition>

<Node id="100" bw="32" op_0_bw="32" op_1_bw="32">
<![CDATA[
_ZN13ap_fixed_baseILi38ELi17ELb1EL9ap_q_mode5EL9ap_o_mode3ELi0EEC1ILi32ELi16ELb1ELS0_5ELS1_3ELi0EEERKS_IXT_EXT0_EXT1_EXT2_EXT3_EXT4_EE.exit.i.i.0.i:71  %tmp_V_39 = call i32 @_ssdm_op_Read.ap_fifo.volatile.i32P(i32* @pool3_out_V_V) nounwind

]]></Node>
<StgValue><ssdm name="tmp_V_39"/></StgValue>
</operation>

<operation id="118" st_id="16" stage="1" lat="1">
<core>NULL</core>
<MemPortIdVec></MemPortIdVec>
<condition id="-1">
<or_exp><and_exp></and_exp></or_exp>
</condition>

<Node id="101" bw="37" op_0_bw="37" op_1_bw="32" op_2_bw="5">
<![CDATA[
_ZN13ap_fixed_baseILi38ELi17ELb1EL9ap_q_mode5EL9ap_o_mode3ELi0EEC1ILi32ELi16ELb1ELS0_5ELS1_3ELi0EEERKS_IXT_EXT0_EXT1_EXT2_EXT3_EXT4_EE.exit.i.i.0.i:72  %lhs_V_1_13_i = call i37 @_ssdm_op_BitConcatenate.i37.i32.i5(i32 %channel_sums_14_V, i5 0)

]]></Node>
<StgValue><ssdm name="lhs_V_1_13_i"/></StgValue>
</operation>

<operation id="119" st_id="16" stage="1" lat="1">
<core>NULL</core>
<MemPortIdVec></MemPortIdVec>
<condition id="-1">
<or_exp><and_exp></and_exp></or_exp>
</condition>

<Node id="102" bw="37" op_0_bw="32">
<![CDATA[
_ZN13ap_fixed_baseILi38ELi17ELb1EL9ap_q_mode5EL9ap_o_mode3ELi0EEC1ILi32ELi16ELb1ELS0_5ELS1_3ELi0EEERKS_IXT_EXT0_EXT1_EXT2_EXT3_EXT4_EE.exit.i.i.0.i:73  %rhs_V_13_cast_i = sext i32 %tmp_V_39 to i37

]]></Node>
<StgValue><ssdm name="rhs_V_13_cast_i"/></StgValue>
</operation>

<operation id="120" st_id="16" stage="1" lat="1">
<core>AddSub</core>
<MemPortIdVec></MemPortIdVec>
<condition id="-1">
<or_exp><and_exp></and_exp></or_exp>
</condition>

<Node id="103" bw="37" op_0_bw="37" op_1_bw="37">
<![CDATA[
_ZN13ap_fixed_baseILi38ELi17ELb1EL9ap_q_mode5EL9ap_o_mode3ELi0EEC1ILi32ELi16ELb1ELS0_5ELS1_3ELi0EEERKS_IXT_EXT0_EXT1_EXT2_EXT3_EXT4_EE.exit.i.i.0.i:74  %ret_V_13_i = add i37 %rhs_V_13_cast_i, %lhs_V_1_13_i

]]></Node>
<StgValue><ssdm name="ret_V_13_i"/></StgValue>
</operation>

<operation id="121" st_id="16" stage="1" lat="1">
<core>NULL</core>
<MemPortIdVec></MemPortIdVec>
<condition id="-1">
<or_exp><and_exp></and_exp></or_exp>
</condition>

<Node id="104" bw="32" op_0_bw="32" op_1_bw="37" op_2_bw="32" op_3_bw="32">
<![CDATA[
_ZN13ap_fixed_baseILi38ELi17ELb1EL9ap_q_mode5EL9ap_o_mode3ELi0EEC1ILi32ELi16ELb1ELS0_5ELS1_3ELi0EEERKS_IXT_EXT0_EXT1_EXT2_EXT3_EXT4_EE.exit.i.i.0.i:75  %channel_sums_14_V_1 = call i32 @_ssdm_op_PartSelect.i32.i37.i32.i32(i37 %ret_V_13_i, i32 5, i32 36)

]]></Node>
<StgValue><ssdm name="channel_sums_14_V_1"/></StgValue>
</operation>
</state>

<state id="17" st_id="17">

<operation id="122" st_id="17" stage="1" lat="1">
<core>NULL</core>
<MemPortIdVec></MemPortIdVec>
<condition id="-1">
<or_exp><and_exp></and_exp></or_exp>
</condition>

<Node id="29" bw="0" op_0_bw="0" op_1_bw="0">
<![CDATA[
_ZN13ap_fixed_baseILi38ELi17ELb1EL9ap_q_mode5EL9ap_o_mode3ELi0EEC1ILi32ELi16ELb1ELS0_5ELS1_3ELi0EEERKS_IXT_EXT0_EXT1_EXT2_EXT3_EXT4_EE.exit.i.i.0.i:0  call void (...)* @_ssdm_op_SpecLoopName([10 x i8]* @p_str17) nounwind

]]></Node>
<StgValue><ssdm name=""/></StgValue>
</operation>

<operation id="123" st_id="17" stage="1" lat="1">
<core>FIFO_SRL</core>
<MemPortIdVec></MemPortIdVec>
<condition id="-1">
<or_exp><and_exp></and_exp></or_exp>
</condition>

<Node id="105" bw="32" op_0_bw="32" op_1_bw="32">
<![CDATA[
_ZN13ap_fixed_baseILi38ELi17ELb1EL9ap_q_mode5EL9ap_o_mode3ELi0EEC1ILi32ELi16ELb1ELS0_5ELS1_3ELi0EEERKS_IXT_EXT0_EXT1_EXT2_EXT3_EXT4_EE.exit.i.i.0.i:76  %tmp_V_40 = call i32 @_ssdm_op_Read.ap_fifo.volatile.i32P(i32* @pool3_out_V_V) nounwind

]]></Node>
<StgValue><ssdm name="tmp_V_40"/></StgValue>
</operation>

<operation id="124" st_id="17" stage="1" lat="1">
<core>NULL</core>
<MemPortIdVec></MemPortIdVec>
<condition id="-1">
<or_exp><and_exp></and_exp></or_exp>
</condition>

<Node id="106" bw="37" op_0_bw="37" op_1_bw="32" op_2_bw="5">
<![CDATA[
_ZN13ap_fixed_baseILi38ELi17ELb1EL9ap_q_mode5EL9ap_o_mode3ELi0EEC1ILi32ELi16ELb1ELS0_5ELS1_3ELi0EEERKS_IXT_EXT0_EXT1_EXT2_EXT3_EXT4_EE.exit.i.i.0.i:77  %lhs_V_1_14_i = call i37 @_ssdm_op_BitConcatenate.i37.i32.i5(i32 %channel_sums_15_V, i5 0)

]]></Node>
<StgValue><ssdm name="lhs_V_1_14_i"/></StgValue>
</operation>

<operation id="125" st_id="17" stage="1" lat="1">
<core>NULL</core>
<MemPortIdVec></MemPortIdVec>
<condition id="-1">
<or_exp><and_exp></and_exp></or_exp>
</condition>

<Node id="107" bw="37" op_0_bw="32">
<![CDATA[
_ZN13ap_fixed_baseILi38ELi17ELb1EL9ap_q_mode5EL9ap_o_mode3ELi0EEC1ILi32ELi16ELb1ELS0_5ELS1_3ELi0EEERKS_IXT_EXT0_EXT1_EXT2_EXT3_EXT4_EE.exit.i.i.0.i:78  %rhs_V_14_cast_i = sext i32 %tmp_V_40 to i37

]]></Node>
<StgValue><ssdm name="rhs_V_14_cast_i"/></StgValue>
</operation>

<operation id="126" st_id="17" stage="1" lat="1">
<core>AddSub</core>
<MemPortIdVec></MemPortIdVec>
<condition id="-1">
<or_exp><and_exp></and_exp></or_exp>
</condition>

<Node id="108" bw="37" op_0_bw="37" op_1_bw="37">
<![CDATA[
_ZN13ap_fixed_baseILi38ELi17ELb1EL9ap_q_mode5EL9ap_o_mode3ELi0EEC1ILi32ELi16ELb1ELS0_5ELS1_3ELi0EEERKS_IXT_EXT0_EXT1_EXT2_EXT3_EXT4_EE.exit.i.i.0.i:79  %ret_V_14_i = add i37 %rhs_V_14_cast_i, %lhs_V_1_14_i

]]></Node>
<StgValue><ssdm name="ret_V_14_i"/></StgValue>
</operation>

<operation id="127" st_id="17" stage="1" lat="1">
<core>NULL</core>
<MemPortIdVec></MemPortIdVec>
<condition id="-1">
<or_exp><and_exp></and_exp></or_exp>
</condition>

<Node id="109" bw="32" op_0_bw="32" op_1_bw="37" op_2_bw="32" op_3_bw="32">
<![CDATA[
_ZN13ap_fixed_baseILi38ELi17ELb1EL9ap_q_mode5EL9ap_o_mode3ELi0EEC1ILi32ELi16ELb1ELS0_5ELS1_3ELi0EEERKS_IXT_EXT0_EXT1_EXT2_EXT3_EXT4_EE.exit.i.i.0.i:80  %channel_sums_15_V_1 = call i32 @_ssdm_op_PartSelect.i32.i37.i32.i32(i37 %ret_V_14_i, i32 5, i32 36)

]]></Node>
<StgValue><ssdm name="channel_sums_15_V_1"/></StgValue>
</operation>

<operation id="128" st_id="17" stage="1" lat="1">
<core>NULL</core>
<MemPortIdVec></MemPortIdVec>
<condition id="-1">
<or_exp><and_exp></and_exp></or_exp>
</condition>

<Node id="110" bw="0" op_0_bw="0">
<![CDATA[
_ZN13ap_fixed_baseILi38ELi17ELb1EL9ap_q_mode5EL9ap_o_mode3ELi0EEC1ILi32ELi16ELb1ELS0_5ELS1_3ELi0EEERKS_IXT_EXT0_EXT1_EXT2_EXT3_EXT4_EE.exit.i.i.0.i:81  br label %.preheader1.i

]]></Node>
<StgValue><ssdm name=""/></StgValue>
</operation>
</state>

<state id="18" st_id="18">

<operation id="129" st_id="18" stage="1" lat="1">
<core>NULL</core>
<MemPortIdVec></MemPortIdVec>
<condition id="-1">
<or_exp><and_exp></and_exp></or_exp>
</condition>

<Node id="114" bw="5" op_0_bw="5" op_1_bw="0">
<![CDATA[
.preheader.i:0  %ch2_i = phi i5 [ %ch, %_ZN8ap_fixedILi32ELi16EL9ap_q_mode5EL9ap_o_mode3ELi0EEC1ILi33ELi17ELb1ELS0_5ELS1_3ELi0EEERK13ap_fixed_baseIXT_EXT0_EXT1_EXT2_EXT3_EXT4_EE.exit.i ], [ 0, %.preheader.i.preheader ]

]]></Node>
<StgValue><ssdm name="ch2_i"/></StgValue>
</operation>

<operation id="130" st_id="18" stage="1" lat="1">
<core>Cmp</core>
<MemPortIdVec></MemPortIdVec>
<condition id="-1">
<or_exp><and_exp></and_exp></or_exp>
</condition>

<Node id="115" bw="1" op_0_bw="5" op_1_bw="5">
<![CDATA[
.preheader.i:1  %exitcond_i = icmp eq i5 %ch2_i, -16

]]></Node>
<StgValue><ssdm name="exitcond_i"/></StgValue>
</operation>

<operation id="131" st_id="18" stage="1" lat="1">
<core>NULL</core>
<MemPortIdVec></MemPortIdVec>
<condition id="-1">
<or_exp><and_exp></and_exp></or_exp>
</condition>

<Node id="116" bw="32" op_0_bw="32" op_1_bw="64" op_2_bw="64" op_3_bw="64">
<![CDATA[
.preheader.i:2  %empty_68 = call i32 (...)* @_ssdm_op_SpecLoopTripCount(i64 16, i64 16, i64 16) nounwind

]]></Node>
<StgValue><ssdm name="empty_68"/></StgValue>
</operation>

<operation id="132" st_id="18" stage="1" lat="1">
<core>AddSub</core>
<MemPortIdVec></MemPortIdVec>
<condition id="-1">
<or_exp><and_exp></and_exp></or_exp>
</condition>

<Node id="117" bw="5" op_0_bw="5" op_1_bw="5">
<![CDATA[
.preheader.i:3  %ch = add i5 %ch2_i, 1

]]></Node>
<StgValue><ssdm name="ch"/></StgValue>
</operation>

<operation id="133" st_id="18" stage="1" lat="1">
<core>NULL</core>
<MemPortIdVec></MemPortIdVec>
<condition id="-1">
<or_exp><and_exp></and_exp></or_exp>
</condition>

<Node id="118" bw="0" op_0_bw="1" op_1_bw="0" op_2_bw="0">
<![CDATA[
.preheader.i:4  br i1 %exitcond_i, label %"global_avg_pool<16>.exit", label %_ZN8ap_fixedILi32ELi16EL9ap_q_mode5EL9ap_o_mode3ELi0EEC1ILi33ELi17ELb1ELS0_5ELS1_3ELi0EEERK13ap_fixed_baseIXT_EXT0_EXT1_EXT2_EXT3_EXT4_EE.exit.i

]]></Node>
<StgValue><ssdm name=""/></StgValue>
</operation>

<operation id="134" st_id="18" stage="1" lat="1">
<core>NULL</core>
<MemPortIdVec></MemPortIdVec>
<condition id="-1">
<or_exp><and_exp><literal name="exitcond_i" val="0"/>
</and_exp></or_exp>
</condition>

<Node id="121" bw="4" op_0_bw="5">
<![CDATA[
_ZN8ap_fixedILi32ELi16EL9ap_q_mode5EL9ap_o_mode3ELi0EEC1ILi33ELi17ELb1ELS0_5ELS1_3ELi0EEERK13ap_fixed_baseIXT_EXT0_EXT1_EXT2_EXT3_EXT4_EE.exit.i:1  %tmp = trunc i5 %ch2_i to i4

]]></Node>
<StgValue><ssdm name="tmp"/></StgValue>
</operation>

<operation id="135" st_id="18" stage="1" lat="1">
<core>MuxnS</core>
<MemPortIdVec></MemPortIdVec>
<condition id="-1">
<or_exp><and_exp><literal name="exitcond_i" val="0"/>
</and_exp></or_exp>
</condition>

<Node id="122" bw="32" op_0_bw="32" op_1_bw="32" op_2_bw="32" op_3_bw="32" op_4_bw="32" op_5_bw="32" op_6_bw="32" op_7_bw="32" op_8_bw="32" op_9_bw="32" op_10_bw="32" op_11_bw="32" op_12_bw="32" op_13_bw="32" op_14_bw="32" op_15_bw="32" op_16_bw="32" op_17_bw="4">
<![CDATA[
_ZN8ap_fixedILi32ELi16EL9ap_q_mode5EL9ap_o_mode3ELi0EEC1ILi33ELi17ELb1ELS0_5ELS1_3ELi0EEERK13ap_fixed_baseIXT_EXT0_EXT1_EXT2_EXT3_EXT4_EE.exit.i:2  %t_V = call i32 @_ssdm_op_Mux.ap_auto.16i32.i4(i32 %channel_sums_0_V, i32 %channel_sums_1_V, i32 %channel_sums_2_V, i32 %channel_sums_3_V, i32 %channel_sums_4_V, i32 %channel_sums_5_V, i32 %channel_sums_6_V, i32 %channel_sums_7_V, i32 %channel_sums_8_V, i32 %channel_sums_9_V, i32 %channel_sums_10_V, i32 %channel_sums_11_V, i32 %channel_sums_12_V, i32 %channel_sums_13_V, i32 %channel_sums_14_V, i32 %channel_sums_15_V, i4 %tmp) nounwind

]]></Node>
<StgValue><ssdm name="t_V"/></StgValue>
</operation>

<operation id="136" st_id="18" stage="1" lat="1">
<core>NULL</core>
<MemPortIdVec></MemPortIdVec>
<condition id="-1">
<or_exp><and_exp><literal name="exitcond_i" val="0"/>
</and_exp></or_exp>
</condition>

<Node id="126" bw="1" op_0_bw="1" op_1_bw="32" op_2_bw="32">
<![CDATA[
_ZN8ap_fixedILi32ELi16EL9ap_q_mode5EL9ap_o_mode3ELi0EEC1ILi33ELi17ELb1ELS0_5ELS1_3ELi0EEERK13ap_fixed_baseIXT_EXT0_EXT1_EXT2_EXT3_EXT4_EE.exit.i:6  %tmp_9 = call i1 @_ssdm_op_BitSelect.i1.i32.i32(i32 %t_V, i32 31)

]]></Node>
<StgValue><ssdm name="tmp_9"/></StgValue>
</operation>

<operation id="137" st_id="18" stage="1" lat="1">
<core>NULL</core>
<MemPortIdVec></MemPortIdVec>
<condition id="-1">
<or_exp><and_exp><literal name="exitcond_i" val="1"/>
</and_exp></or_exp>
</condition>

<Node id="138" bw="0">
<![CDATA[
global_avg_pool<16>.exit:0  ret void

]]></Node>
<StgValue><ssdm name=""/></StgValue>
</operation>
</state>

<state id="19" st_id="19">

<operation id="138" st_id="19" stage="1" lat="1">
<core>NULL</core>
<MemPortIdVec></MemPortIdVec>
<condition id="-1">
<or_exp><and_exp></and_exp></or_exp>
</condition>

<Node id="123" bw="65" op_0_bw="32">
<![CDATA[
_ZN8ap_fixedILi32ELi16EL9ap_q_mode5EL9ap_o_mode3ELi0EEC1ILi33ELi17ELb1ELS0_5ELS1_3ELi0EEERK13ap_fixed_baseIXT_EXT0_EXT1_EXT2_EXT3_EXT4_EE.exit.i:3  %sext_cast = sext i32 %t_V to i65

]]></Node>
<StgValue><ssdm name="sext_cast"/></StgValue>
</operation>

<operation id="139" st_id="19" stage="1" lat="1">
<core>Mul</core>
<MemPortIdVec></MemPortIdVec>
<condition id="-1">
<or_exp><and_exp></and_exp></or_exp>
</condition>

<Node id="124" bw="65" op_0_bw="65" op_1_bw="65">
<![CDATA[
_ZN8ap_fixedILi32ELi16EL9ap_q_mode5EL9ap_o_mode3ELi0EEC1ILi33ELi17ELb1ELS0_5ELS1_3ELi0EEERK13ap_fixed_baseIXT_EXT0_EXT1_EXT2_EXT3_EXT4_EE.exit.i:4  %mul = mul i65 5864062015, %sext_cast

]]></Node>
<StgValue><ssdm name="mul"/></StgValue>
</operation>

<operation id="140" st_id="19" stage="1" lat="1">
<core>NULL</core>
<MemPortIdVec></MemPortIdVec>
<condition id="-1">
<or_exp><and_exp><literal name="tmp_9" val="0"/>
</and_exp></or_exp>
</condition>

<Node id="128" bw="24" op_0_bw="24" op_1_bw="65" op_2_bw="32" op_3_bw="32">
<![CDATA[
_ZN8ap_fixedILi32ELi16EL9ap_q_mode5EL9ap_o_mode3ELi0EEC1ILi33ELi17ELb1ELS0_5ELS1_3ELi0EEERK13ap_fixed_baseIXT_EXT0_EXT1_EXT2_EXT3_EXT4_EE.exit.i:8  %tmp_11 = call i24 @_ssdm_op_PartSelect.i24.i65.i32.i32(i65 %mul, i32 41, i32 64)

]]></Node>
<StgValue><ssdm name="tmp_11"/></StgValue>
</operation>
</state>

<state id="20" st_id="20">

<operation id="141" st_id="20" stage="1" lat="1">
<core>AddSub</core>
<MemPortIdVec></MemPortIdVec>
<condition id="-1">
<or_exp><and_exp><literal name="tmp_9" val="1"/>
</and_exp></or_exp>
</condition>

<Node id="125" bw="65" op_0_bw="65" op_1_bw="65">
<![CDATA[
_ZN8ap_fixedILi32ELi16EL9ap_q_mode5EL9ap_o_mode3ELi0EEC1ILi33ELi17ELb1ELS0_5ELS1_3ELi0EEERK13ap_fixed_baseIXT_EXT0_EXT1_EXT2_EXT3_EXT4_EE.exit.i:5  %neg_mul = sub i65 0, %mul

]]></Node>
<StgValue><ssdm name="neg_mul"/></StgValue>
</operation>

<operation id="142" st_id="20" stage="1" lat="1">
<core>NULL</core>
<MemPortIdVec></MemPortIdVec>
<condition id="-1">
<or_exp><and_exp><literal name="tmp_9" val="1"/>
</and_exp></or_exp>
</condition>

<Node id="127" bw="24" op_0_bw="24" op_1_bw="65" op_2_bw="32" op_3_bw="32">
<![CDATA[
_ZN8ap_fixedILi32ELi16EL9ap_q_mode5EL9ap_o_mode3ELi0EEC1ILi33ELi17ELb1ELS0_5ELS1_3ELi0EEERK13ap_fixed_baseIXT_EXT0_EXT1_EXT2_EXT3_EXT4_EE.exit.i:7  %tmp_10 = call i24 @_ssdm_op_PartSelect.i24.i65.i32.i32(i65 %neg_mul, i32 41, i32 64)

]]></Node>
<StgValue><ssdm name="tmp_10"/></StgValue>
</operation>

<operation id="143" st_id="20" stage="1" lat="1">
<core>Sel</core>
<MemPortIdVec></MemPortIdVec>
<condition id="-1">
<or_exp><and_exp></and_exp></or_exp>
</condition>

<Node id="129" bw="24" op_0_bw="1" op_1_bw="24" op_2_bw="24">
<![CDATA[
_ZN8ap_fixedILi32ELi16EL9ap_q_mode5EL9ap_o_mode3ELi0EEC1ILi33ELi17ELb1ELS0_5ELS1_3ELi0EEERK13ap_fixed_baseIXT_EXT0_EXT1_EXT2_EXT3_EXT4_EE.exit.i:9  %p_v_v = select i1 %tmp_9, i24 %tmp_10, i24 %tmp_11

]]></Node>
<StgValue><ssdm name="p_v_v"/></StgValue>
</operation>
</state>

<state id="21" st_id="21">

<operation id="144" st_id="21" stage="1" lat="1">
<core>NULL</core>
<MemPortIdVec></MemPortIdVec>
<condition id="-1">
<or_exp><and_exp></and_exp></or_exp>
</condition>

<Node id="120" bw="0" op_0_bw="0" op_1_bw="0">
<![CDATA[
_ZN8ap_fixedILi32ELi16EL9ap_q_mode5EL9ap_o_mode3ELi0EEC1ILi33ELi17ELb1ELS0_5ELS1_3ELi0EEERK13ap_fixed_baseIXT_EXT0_EXT1_EXT2_EXT3_EXT4_EE.exit.i:0  call void (...)* @_ssdm_op_SpecLoopName([8 x i8]* @p_str19) nounwind

]]></Node>
<StgValue><ssdm name=""/></StgValue>
</operation>

<operation id="145" st_id="21" stage="1" lat="1">
<core>NULL</core>
<MemPortIdVec></MemPortIdVec>
<condition id="-1">
<or_exp><and_exp><literal name="tmp_9" val="1"/>
</and_exp></or_exp>
</condition>

<Node id="130" bw="27" op_0_bw="24">
<![CDATA[
_ZN8ap_fixedILi32ELi16EL9ap_q_mode5EL9ap_o_mode3ELi0EEC1ILi33ELi17ELb1ELS0_5ELS1_3ELi0EEERK13ap_fixed_baseIXT_EXT0_EXT1_EXT2_EXT3_EXT4_EE.exit.i:10  %trunc = sext i24 %p_v_v to i27

]]></Node>
<StgValue><ssdm name="trunc"/></StgValue>
</operation>

<operation id="146" st_id="21" stage="1" lat="1">
<core>AddSub</core>
<MemPortIdVec></MemPortIdVec>
<condition id="-1">
<or_exp><and_exp><literal name="tmp_9" val="1"/>
</and_exp></or_exp>
</condition>

<Node id="131" bw="27" op_0_bw="27" op_1_bw="27">
<![CDATA[
_ZN8ap_fixedILi32ELi16EL9ap_q_mode5EL9ap_o_mode3ELi0EEC1ILi33ELi17ELb1ELS0_5ELS1_3ELi0EEERK13ap_fixed_baseIXT_EXT0_EXT1_EXT2_EXT3_EXT4_EE.exit.i:11  %neg_ti = sub i27 0, %trunc

]]></Node>
<StgValue><ssdm name="neg_ti"/></StgValue>
</operation>

<operation id="147" st_id="21" stage="1" lat="1">
<core>NULL</core>
<MemPortIdVec></MemPortIdVec>
<condition id="-1">
<or_exp><and_exp><literal name="tmp_9" val="0"/>
</and_exp></or_exp>
</condition>

<Node id="132" bw="27" op_0_bw="24">
<![CDATA[
_ZN8ap_fixedILi32ELi16EL9ap_q_mode5EL9ap_o_mode3ELi0EEC1ILi33ELi17ELb1ELS0_5ELS1_3ELi0EEERK13ap_fixed_baseIXT_EXT0_EXT1_EXT2_EXT3_EXT4_EE.exit.i:12  %tmp_4 = sext i24 %p_v_v to i27

]]></Node>
<StgValue><ssdm name="tmp_4"/></StgValue>
</operation>

<operation id="148" st_id="21" stage="1" lat="1">
<core>Sel</core>
<MemPortIdVec></MemPortIdVec>
<condition id="-1">
<or_exp><and_exp></and_exp></or_exp>
</condition>

<Node id="133" bw="27" op_0_bw="1" op_1_bw="27" op_2_bw="27">
<![CDATA[
_ZN8ap_fixedILi32ELi16EL9ap_q_mode5EL9ap_o_mode3ELi0EEC1ILi33ELi17ELb1ELS0_5ELS1_3ELi0EEERK13ap_fixed_baseIXT_EXT0_EXT1_EXT2_EXT3_EXT4_EE.exit.i:13  %tmp_5 = select i1 %tmp_9, i27 %neg_ti, i27 %tmp_4

]]></Node>
<StgValue><ssdm name="tmp_5"/></StgValue>
</operation>

<operation id="149" st_id="21" stage="1" lat="1">
<core>NULL</core>
<MemPortIdVec></MemPortIdVec>
<condition id="-1">
<or_exp><and_exp></and_exp></or_exp>
</condition>

<Node id="134" bw="32" op_0_bw="32" op_1_bw="27" op_2_bw="5">
<![CDATA[
_ZN8ap_fixedILi32ELi16EL9ap_q_mode5EL9ap_o_mode3ELi0EEC1ILi33ELi17ELb1ELS0_5ELS1_3ELi0EEERK13ap_fixed_baseIXT_EXT0_EXT1_EXT2_EXT3_EXT4_EE.exit.i:14  %tmp_V_41 = call i32 @_ssdm_op_BitConcatenate.i32.i27.i5(i27 %tmp_5, i5 0)

]]></Node>
<StgValue><ssdm name="tmp_V_41"/></StgValue>
</operation>

<operation id="150" st_id="21" stage="1" lat="1">
<core>FIFO_SRL</core>
<MemPortIdVec></MemPortIdVec>
<condition id="-1">
<or_exp><and_exp></and_exp></or_exp>
</condition>

<Node id="135" bw="0" op_0_bw="0" op_1_bw="32" op_2_bw="32">
<![CDATA[
_ZN8ap_fixedILi32ELi16EL9ap_q_mode5EL9ap_o_mode3ELi0EEC1ILi33ELi17ELb1ELS0_5ELS1_3ELi0EEERK13ap_fixed_baseIXT_EXT0_EXT1_EXT2_EXT3_EXT4_EE.exit.i:15  call void @_ssdm_op_Write.ap_fifo.volatile.i32P(i32* @gap_out_V_V, i32 %tmp_V_41) nounwind

]]></Node>
<StgValue><ssdm name=""/></StgValue>
</operation>

<operation id="151" st_id="21" stage="1" lat="1">
<core>NULL</core>
<MemPortIdVec></MemPortIdVec>
<condition id="-1">
<or_exp><and_exp></and_exp></or_exp>
</condition>

<Node id="136" bw="0" op_0_bw="0">
<![CDATA[
_ZN8ap_fixedILi32ELi16EL9ap_q_mode5EL9ap_o_mode3ELi0EEC1ILi33ELi17ELb1ELS0_5ELS1_3ELi0EEERK13ap_fixed_baseIXT_EXT0_EXT1_EXT2_EXT3_EXT4_EE.exit.i:16  br label %.preheader.i

]]></Node>
<StgValue><ssdm name=""/></StgValue>
</operation>
</state>
</state_list>


<ports>
</ports>


<dataflows>
</dataflows>


</stg>
