<stg><name>Loop_2_proc135</name>


<trans_list>

<trans id="23" from="1" to="2">
<condition id="-1">
<or_exp><and_exp></and_exp></or_exp>
</condition>
</trans>

<trans id="32" from="2" to="5">
<condition id="-1">
<or_exp><and_exp><literal name="exitcond_i" val="1"/>
</and_exp></or_exp>
</condition>
</trans>

<trans id="33" from="2" to="3">
<condition id="-1">
<or_exp><and_exp><literal name="exitcond_i" val="0"/>
</and_exp></or_exp>
</condition>
</trans>

<trans id="30" from="3" to="4">
<condition id="-1">
<or_exp><and_exp></and_exp></or_exp>
</condition>
</trans>

<trans id="31" from="4" to="2">
<condition id="-1">
<or_exp><and_exp></and_exp></or_exp>
</condition>
</trans>
</trans_list>



<state_list>

<state id="1" st_id="1">

<operation id="6" st_id="1" stage="1" lat="1">
<core>NULL</core>
<MemPortIdVec></MemPortIdVec>
<condition id="-1">
<or_exp><and_exp></and_exp></or_exp>
</condition>

<Node id="4" bw="0" op_0_bw="0" op_1_bw="1" op_2_bw="32" op_3_bw="0" op_4_bw="32" op_5_bw="32" op_6_bw="0" op_7_bw="32" op_8_bw="32" op_9_bw="0" op_10_bw="0" op_11_bw="0" op_12_bw="32" op_13_bw="32" op_14_bw="32" op_15_bw="32" op_16_bw="0" op_17_bw="0">
<![CDATA[
entry:0  call void (...)* @_ssdm_op_SpecInterface(i1* %dout_V_last_V, i32* %dout_V_data_V, [5 x i8]* @p_str, i32 1, i32 1, [5 x i8]* @p_str1, i32 0, i32 0, [1 x i8]* @p_str2, [1 x i8]* @p_str2, [1 x i8]* @p_str2, i32 0, i32 0, i32 0, i32 0, [1 x i8]* @p_str2, [1 x i8]* @p_str2)

]]></Node>
<StgValue><ssdm name=""/></StgValue>
</operation>

<operation id="7" st_id="1" stage="1" lat="1">
<core>NULL</core>
<MemPortIdVec></MemPortIdVec>
<condition id="-1">
<or_exp><and_exp></and_exp></or_exp>
</condition>

<Node id="5" bw="0" op_0_bw="0" op_1_bw="32" op_2_bw="0" op_3_bw="32" op_4_bw="32" op_5_bw="0" op_6_bw="32" op_7_bw="32" op_8_bw="0" op_9_bw="0" op_10_bw="0" op_11_bw="32" op_12_bw="32" op_13_bw="32" op_14_bw="32" op_15_bw="0" op_16_bw="0">
<![CDATA[
entry:1  call void (...)* @_ssdm_op_SpecInterface(i32* @fc_out_V_V, [8 x i8]* @ap_fifo_str, i32 0, i32 0, [1 x i8]* @p_str165, i32 0, i32 0, [1 x i8]* @p_str166, [1 x i8]* @p_str167, [1 x i8]* @p_str168, i32 2, i32 2, i32 16, i32 16, [1 x i8]* @p_str169, [1 x i8]* @p_str170)

]]></Node>
<StgValue><ssdm name=""/></StgValue>
</operation>

<operation id="8" st_id="1" stage="1" lat="1">
<core>NULL</core>
<MemPortIdVec></MemPortIdVec>
<condition id="-1">
<or_exp><and_exp></and_exp></or_exp>
</condition>

<Node id="6" bw="0" op_0_bw="0">
<![CDATA[
entry:2  br label %0

]]></Node>
<StgValue><ssdm name=""/></StgValue>
</operation>
</state>

<state id="2" st_id="2">

<operation id="9" st_id="2" stage="1" lat="1">
<core>NULL</core>
<MemPortIdVec></MemPortIdVec>
<condition id="-1">
<or_exp><and_exp></and_exp></or_exp>
</condition>

<Node id="8" bw="2" op_0_bw="2" op_1_bw="0">
<![CDATA[
:0  %i1_i = phi i2 [ 0, %entry ], [ %i, %1 ]

]]></Node>
<StgValue><ssdm name="i1_i"/></StgValue>
</operation>

<operation id="10" st_id="2" stage="1" lat="1">
<core>Cmp</core>
<MemPortIdVec></MemPortIdVec>
<condition id="-1">
<or_exp><and_exp></and_exp></or_exp>
</condition>

<Node id="9" bw="1" op_0_bw="2" op_1_bw="2">
<![CDATA[
:1  %exitcond_i = icmp eq i2 %i1_i, -2

]]></Node>
<StgValue><ssdm name="exitcond_i"/></StgValue>
</operation>

<operation id="11" st_id="2" stage="1" lat="1">
<core>NULL</core>
<MemPortIdVec></MemPortIdVec>
<condition id="-1">
<or_exp><and_exp></and_exp></or_exp>
</condition>

<Node id="10" bw="32" op_0_bw="32" op_1_bw="64" op_2_bw="64" op_3_bw="64">
<![CDATA[
:2  %empty = call i32 (...)* @_ssdm_op_SpecLoopTripCount(i64 2, i64 2, i64 2)

]]></Node>
<StgValue><ssdm name="empty"/></StgValue>
</operation>

<operation id="12" st_id="2" stage="1" lat="1">
<core>AddSub</core>
<MemPortIdVec></MemPortIdVec>
<condition id="-1">
<or_exp><and_exp></and_exp></or_exp>
</condition>

<Node id="11" bw="2" op_0_bw="2" op_1_bw="2">
<![CDATA[
:3  %i = add i2 %i1_i, 1

]]></Node>
<StgValue><ssdm name="i"/></StgValue>
</operation>

<operation id="13" st_id="2" stage="1" lat="1">
<core>NULL</core>
<MemPortIdVec></MemPortIdVec>
<condition id="-1">
<or_exp><and_exp></and_exp></or_exp>
</condition>

<Node id="12" bw="0" op_0_bw="1" op_1_bw="0" op_2_bw="0">
<![CDATA[
:4  br i1 %exitcond_i, label %Loop_2_proc135.exit, label %1

]]></Node>
<StgValue><ssdm name=""/></StgValue>
</operation>

<operation id="14" st_id="2" stage="1" lat="1">
<core>Cmp</core>
<MemPortIdVec></MemPortIdVec>
<condition id="-1">
<or_exp><and_exp><literal name="exitcond_i" val="0"/>
</and_exp></or_exp>
</condition>

<Node id="17" bw="1" op_0_bw="2" op_1_bw="2">
<![CDATA[
:3  %out_val_last_V = icmp eq i2 %i1_i, 1

]]></Node>
<StgValue><ssdm name="out_val_last_V"/></StgValue>
</operation>
</state>

<state id="3" st_id="3">

<operation id="15" st_id="3" stage="1" lat="1">
<core>FIFO_SRL</core>
<MemPortIdVec></MemPortIdVec>
<condition id="-1">
<or_exp><and_exp><literal name="exitcond_i" val="0"/>
</and_exp></or_exp>
</condition>

<Node id="16" bw="32" op_0_bw="32" op_1_bw="32">
<![CDATA[
:2  %tmp_V = call i32 @_ssdm_op_Read.ap_fifo.volatile.i32P(i32* @fc_out_V_V)

]]></Node>
<StgValue><ssdm name="tmp_V"/></StgValue>
</operation>

<operation id="16" st_id="3" stage="2" lat="2">
<core>AXI4Stream</core>
<MemPortIdVec></MemPortIdVec>
<condition id="-1">
<or_exp><and_exp><literal name="exitcond_i" val="0"/>
</and_exp></or_exp>
</condition>

<Node id="18" bw="0" op_0_bw="0" op_1_bw="32" op_2_bw="1" op_3_bw="32" op_4_bw="1">
<![CDATA[
:4  call void @_ssdm_op_Write.axis.volatile.i32P.i1P(i32* %dout_V_data_V, i1* %dout_V_last_V, i32 %tmp_V, i1 %out_val_last_V)

]]></Node>
<StgValue><ssdm name=""/></StgValue>
</operation>
</state>

<state id="4" st_id="4">

<operation id="17" st_id="4" stage="1" lat="1">
<core>NULL</core>
<MemPortIdVec></MemPortIdVec>
<condition id="-1">
<or_exp><and_exp><literal name="exitcond_i" val="0"/>
</and_exp></or_exp>
</condition>

<Node id="14" bw="32" op_0_bw="32" op_1_bw="0">
<![CDATA[
:0  %tmp_138_i = call i32 (...)* @_ssdm_op_SpecRegionBegin([12 x i8]* @p_str14)

]]></Node>
<StgValue><ssdm name="tmp_138_i"/></StgValue>
</operation>

<operation id="18" st_id="4" stage="1" lat="1">
<core>NULL</core>
<MemPortIdVec></MemPortIdVec>
<condition id="-1">
<or_exp><and_exp><literal name="exitcond_i" val="0"/>
</and_exp></or_exp>
</condition>

<Node id="15" bw="0" op_0_bw="0" op_1_bw="32" op_2_bw="32" op_3_bw="32" op_4_bw="32" op_5_bw="0">
<![CDATA[
:1  call void (...)* @_ssdm_op_SpecPipeline(i32 1, i32 1, i32 1, i32 0, [1 x i8]* @p_str2) nounwind

]]></Node>
<StgValue><ssdm name=""/></StgValue>
</operation>

<operation id="19" st_id="4" stage="1" lat="2">
<core>AXI4Stream</core>
<MemPortIdVec></MemPortIdVec>
<condition id="-1">
<or_exp><and_exp><literal name="exitcond_i" val="0"/>
</and_exp></or_exp>
</condition>

<Node id="18" bw="0" op_0_bw="0" op_1_bw="32" op_2_bw="1" op_3_bw="32" op_4_bw="1">
<![CDATA[
:4  call void @_ssdm_op_Write.axis.volatile.i32P.i1P(i32* %dout_V_data_V, i1* %dout_V_last_V, i32 %tmp_V, i1 %out_val_last_V)

]]></Node>
<StgValue><ssdm name=""/></StgValue>
</operation>

<operation id="20" st_id="4" stage="1" lat="1">
<core>NULL</core>
<MemPortIdVec></MemPortIdVec>
<condition id="-1">
<or_exp><and_exp><literal name="exitcond_i" val="0"/>
</and_exp></or_exp>
</condition>

<Node id="19" bw="32" op_0_bw="32" op_1_bw="0" op_2_bw="32">
<![CDATA[
:5  %empty_194 = call i32 (...)* @_ssdm_op_SpecRegionEnd([12 x i8]* @p_str14, i32 %tmp_138_i)

]]></Node>
<StgValue><ssdm name="empty_194"/></StgValue>
</operation>

<operation id="21" st_id="4" stage="1" lat="1">
<core>NULL</core>
<MemPortIdVec></MemPortIdVec>
<condition id="-1">
<or_exp><and_exp><literal name="exitcond_i" val="0"/>
</and_exp></or_exp>
</condition>

<Node id="20" bw="0" op_0_bw="0">
<![CDATA[
:6  br label %0

]]></Node>
<StgValue><ssdm name=""/></StgValue>
</operation>
</state>

<state id="5" st_id="5">

<operation id="22" st_id="5" stage="1" lat="1">
<core>NULL</core>
<MemPortIdVec></MemPortIdVec>
<condition id="-1">
<or_exp><and_exp></and_exp></or_exp>
</condition>

<Node id="22" bw="0">
<![CDATA[
Loop_2_proc135.exit:0  ret void

]]></Node>
<StgValue><ssdm name=""/></StgValue>
</operation>
</state>
</state_list>


<ports>
<port id="34" name="dout_V_data_V" dir="1" iftype="0">
<core>NULL</core><StgValue><ssdm name="dout_V_data_V"/></StgValue>
</port>
<port id="35" name="dout_V_last_V" dir="1" iftype="0">
<core>NULL</core><StgValue><ssdm name="dout_V_last_V"/></StgValue>
</port>
<port id="36" name="fc_out_V_V" dir="0" iftype="3">
<core>FIFO_SRL</core><StgValue><ssdm name="fc_out_V_V"/></StgValue>
</port>
</ports>


<dataflows>
<dataflow id="38" from="_ssdm_op_SpecInterface" to="StgValue_6" fromId="37" toId="6">
</dataflow>
<dataflow id="39" from="dout_V_last_V" to="StgValue_6" fromId="35" toId="6">
</dataflow>
<dataflow id="40" from="dout_V_data_V" to="StgValue_6" fromId="34" toId="6">
</dataflow>
<dataflow id="42" from="p_str" to="StgValue_6" fromId="41" toId="6">
</dataflow>
<dataflow id="44" from="StgValue_43" to="StgValue_6" fromId="43" toId="6">
</dataflow>
<dataflow id="45" from="StgValue_43" to="StgValue_6" fromId="43" toId="6">
</dataflow>
<dataflow id="47" from="p_str1" to="StgValue_6" fromId="46" toId="6">
</dataflow>
<dataflow id="49" from="StgValue_48" to="StgValue_6" fromId="48" toId="6">
</dataflow>
<dataflow id="50" from="StgValue_48" to="StgValue_6" fromId="48" toId="6">
</dataflow>
<dataflow id="52" from="p_str2" to="StgValue_6" fromId="51" toId="6">
</dataflow>
<dataflow id="53" from="p_str2" to="StgValue_6" fromId="51" toId="6">
</dataflow>
<dataflow id="54" from="p_str2" to="StgValue_6" fromId="51" toId="6">
</dataflow>
<dataflow id="55" from="StgValue_48" to="StgValue_6" fromId="48" toId="6">
</dataflow>
<dataflow id="56" from="StgValue_48" to="StgValue_6" fromId="48" toId="6">
</dataflow>
<dataflow id="57" from="StgValue_48" to="StgValue_6" fromId="48" toId="6">
</dataflow>
<dataflow id="58" from="StgValue_48" to="StgValue_6" fromId="48" toId="6">
</dataflow>
<dataflow id="59" from="p_str2" to="StgValue_6" fromId="51" toId="6">
</dataflow>
<dataflow id="60" from="p_str2" to="StgValue_6" fromId="51" toId="6">
</dataflow>
<dataflow id="61" from="_ssdm_op_SpecInterface" to="StgValue_7" fromId="37" toId="7">
</dataflow>
<dataflow id="62" from="fc_out_V_V" to="StgValue_7" fromId="36" toId="7">
</dataflow>
<dataflow id="64" from="ap_fifo_str" to="StgValue_7" fromId="63" toId="7">
</dataflow>
<dataflow id="65" from="StgValue_48" to="StgValue_7" fromId="48" toId="7">
</dataflow>
<dataflow id="66" from="StgValue_48" to="StgValue_7" fromId="48" toId="7">
</dataflow>
<dataflow id="68" from="p_str165" to="StgValue_7" fromId="67" toId="7">
</dataflow>
<dataflow id="69" from="StgValue_48" to="StgValue_7" fromId="48" toId="7">
</dataflow>
<dataflow id="70" from="StgValue_48" to="StgValue_7" fromId="48" toId="7">
</dataflow>
<dataflow id="72" from="p_str166" to="StgValue_7" fromId="71" toId="7">
</dataflow>
<dataflow id="74" from="p_str167" to="StgValue_7" fromId="73" toId="7">
</dataflow>
<dataflow id="76" from="p_str168" to="StgValue_7" fromId="75" toId="7">
</dataflow>
<dataflow id="78" from="StgValue_77" to="StgValue_7" fromId="77" toId="7">
</dataflow>
<dataflow id="79" from="StgValue_77" to="StgValue_7" fromId="77" toId="7">
</dataflow>
<dataflow id="81" from="StgValue_80" to="StgValue_7" fromId="80" toId="7">
</dataflow>
<dataflow id="82" from="StgValue_80" to="StgValue_7" fromId="80" toId="7">
</dataflow>
<dataflow id="84" from="p_str169" to="StgValue_7" fromId="83" toId="7">
</dataflow>
<dataflow id="86" from="p_str170" to="StgValue_7" fromId="85" toId="7">
</dataflow>
<dataflow id="88" from="StgValue_87" to="i1_i" fromId="87" toId="9">
<condition id="-1">
<or_exp><and_exp></and_exp></or_exp>
</condition>
</dataflow>
<dataflow id="89" from="StgValue_8" to="i1_i" fromId="8" toId="9">
</dataflow>
<dataflow id="90" from="i" to="i1_i" fromId="12" toId="9">
<BackEdge/>
<condition id="-1">
<or_exp><and_exp><literal name="exitcond_i" val="0"/>
</and_exp></or_exp>
</condition>
</dataflow>
<dataflow id="91" from="StgValue_21" to="i1_i" fromId="21" toId="9">
<BackEdge/>
</dataflow>
<dataflow id="92" from="i1_i" to="exitcond_i" fromId="9" toId="10">
</dataflow>
<dataflow id="94" from="StgValue_93" to="exitcond_i" fromId="93" toId="10">
</dataflow>
<dataflow id="96" from="_ssdm_op_SpecLoopTripCount" to="empty" fromId="95" toId="11">
</dataflow>
<dataflow id="98" from="StgValue_97" to="empty" fromId="97" toId="11">
</dataflow>
<dataflow id="99" from="StgValue_97" to="empty" fromId="97" toId="11">
</dataflow>
<dataflow id="100" from="StgValue_97" to="empty" fromId="97" toId="11">
</dataflow>
<dataflow id="101" from="i1_i" to="i" fromId="9" toId="12">
</dataflow>
<dataflow id="103" from="StgValue_102" to="i" fromId="102" toId="12">
</dataflow>
<dataflow id="104" from="exitcond_i" to="StgValue_13" fromId="10" toId="13">
</dataflow>
<dataflow id="105" from="i1_i" to="out_val_last_V" fromId="9" toId="14">
</dataflow>
<dataflow id="106" from="StgValue_102" to="out_val_last_V" fromId="102" toId="14">
</dataflow>
<dataflow id="108" from="_ssdm_op_Read.ap_fifo.volatile.i32P" to="tmp_V" fromId="107" toId="15">
</dataflow>
<dataflow id="109" from="fc_out_V_V" to="tmp_V" fromId="36" toId="15">
</dataflow>
<dataflow id="111" from="_ssdm_op_Write.axis.volatile.i32P.i1P" to="StgValue_16" fromId="110" toId="16">
</dataflow>
<dataflow id="112" from="dout_V_data_V" to="StgValue_16" fromId="34" toId="16">
</dataflow>
<dataflow id="113" from="dout_V_last_V" to="StgValue_16" fromId="35" toId="16">
</dataflow>
<dataflow id="114" from="tmp_V" to="StgValue_16" fromId="15" toId="16">
</dataflow>
<dataflow id="115" from="out_val_last_V" to="StgValue_16" fromId="14" toId="16">
</dataflow>
<dataflow id="117" from="_ssdm_op_SpecRegionBegin" to="tmp_138_i" fromId="116" toId="17">
</dataflow>
<dataflow id="119" from="p_str14" to="tmp_138_i" fromId="118" toId="17">
</dataflow>
<dataflow id="121" from="_ssdm_op_SpecPipeline" to="StgValue_18" fromId="120" toId="18">
</dataflow>
<dataflow id="122" from="StgValue_43" to="StgValue_18" fromId="43" toId="18">
</dataflow>
<dataflow id="123" from="StgValue_43" to="StgValue_18" fromId="43" toId="18">
</dataflow>
<dataflow id="124" from="StgValue_43" to="StgValue_18" fromId="43" toId="18">
</dataflow>
<dataflow id="125" from="StgValue_48" to="StgValue_18" fromId="48" toId="18">
</dataflow>
<dataflow id="126" from="p_str2" to="StgValue_18" fromId="51" toId="18">
</dataflow>
<dataflow id="127" from="_ssdm_op_Write.axis.volatile.i32P.i1P" to="StgValue_19" fromId="110" toId="19">
</dataflow>
<dataflow id="128" from="dout_V_data_V" to="StgValue_19" fromId="34" toId="19">
</dataflow>
<dataflow id="129" from="dout_V_last_V" to="StgValue_19" fromId="35" toId="19">
</dataflow>
<dataflow id="130" from="tmp_V" to="StgValue_19" fromId="15" toId="19">
</dataflow>
<dataflow id="131" from="out_val_last_V" to="StgValue_19" fromId="14" toId="19">
</dataflow>
<dataflow id="133" from="_ssdm_op_SpecRegionEnd" to="empty_194" fromId="132" toId="20">
</dataflow>
<dataflow id="134" from="p_str14" to="empty_194" fromId="118" toId="20">
</dataflow>
<dataflow id="135" from="tmp_138_i" to="empty_194" fromId="17" toId="20">
</dataflow>
<dataflow id="136" from="exitcond_i" to="StgValue_2" fromId="10" toId="2">
</dataflow>
<dataflow id="137" from="exitcond_i" to="StgValue_3" fromId="10" toId="3">
</dataflow>
<dataflow id="138" from="exitcond_i" to="StgValue_4" fromId="10" toId="4">
</dataflow>
</dataflows>


</stg>
