<stg><name>Loop_1_proc134</name>


<trans_list>

<trans id="21" from="1" to="2">
<condition id="-1">
<or_exp><and_exp></and_exp></or_exp>
</condition>
</trans>

<trans id="28" from="2" to="4">
<condition id="-1">
<or_exp><and_exp><literal name="exitcond42_i_i" val="1"/>
</and_exp></or_exp>
</condition>
</trans>

<trans id="29" from="2" to="3">
<condition id="-1">
<or_exp><and_exp><literal name="exitcond42_i_i" val="0"/>
</and_exp></or_exp>
</condition>
</trans>

<trans id="27" from="3" to="2">
<condition id="-1">
<or_exp><and_exp></and_exp></or_exp>
</condition>
</trans>
</trans_list>



<state_list>

<state id="1" st_id="1">

<operation id="5" st_id="1" stage="1" lat="1">
<core>NULL</core>
<MemPortIdVec></MemPortIdVec>
<condition id="-1">
<or_exp><and_exp></and_exp></or_exp>
</condition>

<Node id="4" bw="0" op_0_bw="0" op_1_bw="1" op_2_bw="32" op_3_bw="0" op_4_bw="32" op_5_bw="32" op_6_bw="0" op_7_bw="32" op_8_bw="32" op_9_bw="0" op_10_bw="0" op_11_bw="0" op_12_bw="32" op_13_bw="32" op_14_bw="32" op_15_bw="32" op_16_bw="0" op_17_bw="0">
<![CDATA[
entry:0  call void (...)* @_ssdm_op_SpecInterface(i1* %din_V_last_V, i32* %din_V_data_V, [5 x i8]* @p_str, i32 1, i32 1, [5 x i8]* @p_str1, i32 0, i32 0, [1 x i8]* @p_str2, [1 x i8]* @p_str2, [1 x i8]* @p_str2, i32 0, i32 0, i32 0, i32 0, [1 x i8]* @p_str2, [1 x i8]* @p_str2)

]]></Node>
<StgValue><ssdm name=""/></StgValue>
</operation>

<operation id="6" st_id="1" stage="1" lat="1">
<core>NULL</core>
<MemPortIdVec></MemPortIdVec>
<condition id="-1">
<or_exp><and_exp></and_exp></or_exp>
</condition>

<Node id="5" bw="0" op_0_bw="0" op_1_bw="32" op_2_bw="0" op_3_bw="32" op_4_bw="32" op_5_bw="0" op_6_bw="32" op_7_bw="32" op_8_bw="0" op_9_bw="0" op_10_bw="0" op_11_bw="32" op_12_bw="32" op_13_bw="32" op_14_bw="32" op_15_bw="0" op_16_bw="0">
<![CDATA[
entry:1  call void (...)* @_ssdm_op_SpecInterface(i32* @internal_din_V_V, [8 x i8]* @ap_fifo_str, i32 0, i32 0, [1 x i8]* @p_str151, i32 0, i32 0, [1 x i8]* @p_str152, [1 x i8]* @p_str153, [1 x i8]* @p_str154, i32 2, i32 2, i32 16, i32 16, [1 x i8]* @p_str155, [1 x i8]* @p_str156)

]]></Node>
<StgValue><ssdm name=""/></StgValue>
</operation>

<operation id="7" st_id="1" stage="1" lat="1">
<core>NULL</core>
<MemPortIdVec></MemPortIdVec>
<condition id="-1">
<or_exp><and_exp></and_exp></or_exp>
</condition>

<Node id="6" bw="0" op_0_bw="0">
<![CDATA[
entry:2  br label %0

]]></Node>
<StgValue><ssdm name=""/></StgValue>
</operation>
</state>

<state id="2" st_id="2">

<operation id="8" st_id="2" stage="1" lat="1">
<core>NULL</core>
<MemPortIdVec></MemPortIdVec>
<condition id="-1">
<or_exp><and_exp></and_exp></or_exp>
</condition>

<Node id="8" bw="12" op_0_bw="12" op_1_bw="0">
<![CDATA[
:0  %i_i_i = phi i12 [ 0, %entry ], [ %i, %1 ]

]]></Node>
<StgValue><ssdm name="i_i_i"/></StgValue>
</operation>

<operation id="9" st_id="2" stage="1" lat="1">
<core>Cmp</core>
<MemPortIdVec></MemPortIdVec>
<condition id="-1">
<or_exp><and_exp></and_exp></or_exp>
</condition>

<Node id="9" bw="1" op_0_bw="12" op_1_bw="12">
<![CDATA[
:1  %exitcond42_i_i = icmp eq i12 %i_i_i, -1096

]]></Node>
<StgValue><ssdm name="exitcond42_i_i"/></StgValue>
</operation>

<operation id="10" st_id="2" stage="1" lat="1">
<core>NULL</core>
<MemPortIdVec></MemPortIdVec>
<condition id="-1">
<or_exp><and_exp></and_exp></or_exp>
</condition>

<Node id="10" bw="32" op_0_bw="32" op_1_bw="64" op_2_bw="64" op_3_bw="64">
<![CDATA[
:2  %empty = call i32 (...)* @_ssdm_op_SpecLoopTripCount(i64 3000, i64 3000, i64 3000)

]]></Node>
<StgValue><ssdm name="empty"/></StgValue>
</operation>

<operation id="11" st_id="2" stage="1" lat="1">
<core>AddSub</core>
<MemPortIdVec></MemPortIdVec>
<condition id="-1">
<or_exp><and_exp></and_exp></or_exp>
</condition>

<Node id="11" bw="12" op_0_bw="12" op_1_bw="12">
<![CDATA[
:3  %i = add i12 %i_i_i, 1

]]></Node>
<StgValue><ssdm name="i"/></StgValue>
</operation>

<operation id="12" st_id="2" stage="1" lat="1">
<core>NULL</core>
<MemPortIdVec></MemPortIdVec>
<condition id="-1">
<or_exp><and_exp></and_exp></or_exp>
</condition>

<Node id="12" bw="0" op_0_bw="1" op_1_bw="0" op_2_bw="0">
<![CDATA[
:4  br i1 %exitcond42_i_i, label %Loop_1_proc134.exit, label %1

]]></Node>
<StgValue><ssdm name=""/></StgValue>
</operation>

<operation id="13" st_id="2" stage="1" lat="1">
<core>AXI4Stream</core>
<MemPortIdVec></MemPortIdVec>
<condition id="-1">
<or_exp><and_exp><literal name="exitcond42_i_i" val="0"/>
</and_exp></or_exp>
</condition>

<Node id="16" bw="33" op_0_bw="33" op_1_bw="32" op_2_bw="1">
<![CDATA[
:2  %empty_195 = call { i32, i1 } @_ssdm_op_Read.axis.volatile.i32P.i1P(i32* %din_V_data_V, i1* %din_V_last_V)

]]></Node>
<StgValue><ssdm name="empty_195"/></StgValue>
</operation>

<operation id="14" st_id="2" stage="1" lat="1">
<core>NULL</core>
<MemPortIdVec></MemPortIdVec>
<condition id="-1">
<or_exp><and_exp><literal name="exitcond42_i_i" val="0"/>
</and_exp></or_exp>
</condition>

<Node id="17" bw="32" op_0_bw="33">
<![CDATA[
:3  %tmp_data_V = extractvalue { i32, i1 } %empty_195, 0

]]></Node>
<StgValue><ssdm name="tmp_data_V"/></StgValue>
</operation>
</state>

<state id="3" st_id="3">

<operation id="15" st_id="3" stage="1" lat="1">
<core>NULL</core>
<MemPortIdVec></MemPortIdVec>
<condition id="-1">
<or_exp><and_exp><literal name="exitcond42_i_i" val="0"/>
</and_exp></or_exp>
</condition>

<Node id="14" bw="32" op_0_bw="32" op_1_bw="0">
<![CDATA[
:0  %tmp_i = call i32 (...)* @_ssdm_op_SpecRegionBegin([12 x i8]* @p_str13)

]]></Node>
<StgValue><ssdm name="tmp_i"/></StgValue>
</operation>

<operation id="16" st_id="3" stage="1" lat="1">
<core>NULL</core>
<MemPortIdVec></MemPortIdVec>
<condition id="-1">
<or_exp><and_exp><literal name="exitcond42_i_i" val="0"/>
</and_exp></or_exp>
</condition>

<Node id="15" bw="0" op_0_bw="0" op_1_bw="32" op_2_bw="32" op_3_bw="32" op_4_bw="32" op_5_bw="0">
<![CDATA[
:1  call void (...)* @_ssdm_op_SpecPipeline(i32 1, i32 1, i32 1, i32 0, [1 x i8]* @p_str2) nounwind

]]></Node>
<StgValue><ssdm name=""/></StgValue>
</operation>

<operation id="17" st_id="3" stage="1" lat="1">
<core>FIFO_SRL</core>
<MemPortIdVec></MemPortIdVec>
<condition id="-1">
<or_exp><and_exp><literal name="exitcond42_i_i" val="0"/>
</and_exp></or_exp>
</condition>

<Node id="18" bw="0" op_0_bw="0" op_1_bw="32" op_2_bw="32">
<![CDATA[
:4  call void @_ssdm_op_Write.ap_fifo.volatile.i32P(i32* @internal_din_V_V, i32 %tmp_data_V)

]]></Node>
<StgValue><ssdm name=""/></StgValue>
</operation>

<operation id="18" st_id="3" stage="1" lat="1">
<core>NULL</core>
<MemPortIdVec></MemPortIdVec>
<condition id="-1">
<or_exp><and_exp><literal name="exitcond42_i_i" val="0"/>
</and_exp></or_exp>
</condition>

<Node id="19" bw="32" op_0_bw="32" op_1_bw="0" op_2_bw="32">
<![CDATA[
:5  %empty_196 = call i32 (...)* @_ssdm_op_SpecRegionEnd([12 x i8]* @p_str13, i32 %tmp_i)

]]></Node>
<StgValue><ssdm name="empty_196"/></StgValue>
</operation>

<operation id="19" st_id="3" stage="1" lat="1">
<core>NULL</core>
<MemPortIdVec></MemPortIdVec>
<condition id="-1">
<or_exp><and_exp><literal name="exitcond42_i_i" val="0"/>
</and_exp></or_exp>
</condition>

<Node id="20" bw="0" op_0_bw="0">
<![CDATA[
:6  br label %0

]]></Node>
<StgValue><ssdm name=""/></StgValue>
</operation>
</state>

<state id="4" st_id="4">

<operation id="20" st_id="4" stage="1" lat="1">
<core>NULL</core>
<MemPortIdVec></MemPortIdVec>
<condition id="-1">
<or_exp><and_exp></and_exp></or_exp>
</condition>

<Node id="22" bw="0">
<![CDATA[
Loop_1_proc134.exit:0  ret void

]]></Node>
<StgValue><ssdm name=""/></StgValue>
</operation>
</state>
</state_list>


<ports>
<port id="30" name="din_V_data_V" dir="0" iftype="0">
<core>NULL</core><StgValue><ssdm name="din_V_data_V"/></StgValue>
</port>
<port id="31" name="din_V_last_V" dir="0" iftype="0">
<core>NULL</core><StgValue><ssdm name="din_V_last_V"/></StgValue>
</port>
<port id="32" name="internal_din_V_V" dir="1" iftype="3">
<core>FIFO_SRL</core><StgValue><ssdm name="internal_din_V_V"/></StgValue>
</port>
</ports>


<dataflows>
<dataflow id="34" from="_ssdm_op_SpecInterface" to="StgValue_5" fromId="33" toId="5">
</dataflow>
<dataflow id="35" from="din_V_last_V" to="StgValue_5" fromId="31" toId="5">
</dataflow>
<dataflow id="36" from="din_V_data_V" to="StgValue_5" fromId="30" toId="5">
</dataflow>
<dataflow id="38" from="p_str" to="StgValue_5" fromId="37" toId="5">
</dataflow>
<dataflow id="40" from="StgValue_39" to="StgValue_5" fromId="39" toId="5">
</dataflow>
<dataflow id="41" from="StgValue_39" to="StgValue_5" fromId="39" toId="5">
</dataflow>
<dataflow id="43" from="p_str1" to="StgValue_5" fromId="42" toId="5">
</dataflow>
<dataflow id="45" from="StgValue_44" to="StgValue_5" fromId="44" toId="5">
</dataflow>
<dataflow id="46" from="StgValue_44" to="StgValue_5" fromId="44" toId="5">
</dataflow>
<dataflow id="48" from="p_str2" to="StgValue_5" fromId="47" toId="5">
</dataflow>
<dataflow id="49" from="p_str2" to="StgValue_5" fromId="47" toId="5">
</dataflow>
<dataflow id="50" from="p_str2" to="StgValue_5" fromId="47" toId="5">
</dataflow>
<dataflow id="51" from="StgValue_44" to="StgValue_5" fromId="44" toId="5">
</dataflow>
<dataflow id="52" from="StgValue_44" to="StgValue_5" fromId="44" toId="5">
</dataflow>
<dataflow id="53" from="StgValue_44" to="StgValue_5" fromId="44" toId="5">
</dataflow>
<dataflow id="54" from="StgValue_44" to="StgValue_5" fromId="44" toId="5">
</dataflow>
<dataflow id="55" from="p_str2" to="StgValue_5" fromId="47" toId="5">
</dataflow>
<dataflow id="56" from="p_str2" to="StgValue_5" fromId="47" toId="5">
</dataflow>
<dataflow id="57" from="_ssdm_op_SpecInterface" to="StgValue_6" fromId="33" toId="6">
</dataflow>
<dataflow id="58" from="internal_din_V_V" to="StgValue_6" fromId="32" toId="6">
</dataflow>
<dataflow id="60" from="ap_fifo_str" to="StgValue_6" fromId="59" toId="6">
</dataflow>
<dataflow id="61" from="StgValue_44" to="StgValue_6" fromId="44" toId="6">
</dataflow>
<dataflow id="62" from="StgValue_44" to="StgValue_6" fromId="44" toId="6">
</dataflow>
<dataflow id="64" from="p_str151" to="StgValue_6" fromId="63" toId="6">
</dataflow>
<dataflow id="65" from="StgValue_44" to="StgValue_6" fromId="44" toId="6">
</dataflow>
<dataflow id="66" from="StgValue_44" to="StgValue_6" fromId="44" toId="6">
</dataflow>
<dataflow id="68" from="p_str152" to="StgValue_6" fromId="67" toId="6">
</dataflow>
<dataflow id="70" from="p_str153" to="StgValue_6" fromId="69" toId="6">
</dataflow>
<dataflow id="72" from="p_str154" to="StgValue_6" fromId="71" toId="6">
</dataflow>
<dataflow id="74" from="StgValue_73" to="StgValue_6" fromId="73" toId="6">
</dataflow>
<dataflow id="75" from="StgValue_73" to="StgValue_6" fromId="73" toId="6">
</dataflow>
<dataflow id="77" from="StgValue_76" to="StgValue_6" fromId="76" toId="6">
</dataflow>
<dataflow id="78" from="StgValue_76" to="StgValue_6" fromId="76" toId="6">
</dataflow>
<dataflow id="80" from="p_str155" to="StgValue_6" fromId="79" toId="6">
</dataflow>
<dataflow id="82" from="p_str156" to="StgValue_6" fromId="81" toId="6">
</dataflow>
<dataflow id="84" from="StgValue_83" to="i_i_i" fromId="83" toId="8">
<condition id="-1">
<or_exp><and_exp></and_exp></or_exp>
</condition>
</dataflow>
<dataflow id="85" from="StgValue_7" to="i_i_i" fromId="7" toId="8">
</dataflow>
<dataflow id="86" from="i" to="i_i_i" fromId="11" toId="8">
<BackEdge/>
<condition id="-1">
<or_exp><and_exp><literal name="exitcond42_i_i" val="0"/>
</and_exp></or_exp>
</condition>
</dataflow>
<dataflow id="87" from="StgValue_19" to="i_i_i" fromId="19" toId="8">
<BackEdge/>
</dataflow>
<dataflow id="88" from="i_i_i" to="exitcond42_i_i" fromId="8" toId="9">
</dataflow>
<dataflow id="90" from="StgValue_89" to="exitcond42_i_i" fromId="89" toId="9">
</dataflow>
<dataflow id="92" from="_ssdm_op_SpecLoopTripCount" to="empty" fromId="91" toId="10">
</dataflow>
<dataflow id="94" from="StgValue_93" to="empty" fromId="93" toId="10">
</dataflow>
<dataflow id="95" from="StgValue_93" to="empty" fromId="93" toId="10">
</dataflow>
<dataflow id="96" from="StgValue_93" to="empty" fromId="93" toId="10">
</dataflow>
<dataflow id="97" from="i_i_i" to="i" fromId="8" toId="11">
</dataflow>
<dataflow id="99" from="StgValue_98" to="i" fromId="98" toId="11">
</dataflow>
<dataflow id="100" from="exitcond42_i_i" to="StgValue_12" fromId="9" toId="12">
</dataflow>
<dataflow id="102" from="_ssdm_op_Read.axis.volatile.i32P.i1P" to="empty_195" fromId="101" toId="13">
</dataflow>
<dataflow id="103" from="din_V_data_V" to="empty_195" fromId="30" toId="13">
</dataflow>
<dataflow id="104" from="din_V_last_V" to="empty_195" fromId="31" toId="13">
</dataflow>
<dataflow id="105" from="empty_195" to="tmp_data_V" fromId="13" toId="14">
</dataflow>
<dataflow id="107" from="_ssdm_op_SpecRegionBegin" to="tmp_i" fromId="106" toId="15">
</dataflow>
<dataflow id="109" from="p_str13" to="tmp_i" fromId="108" toId="15">
</dataflow>
<dataflow id="111" from="_ssdm_op_SpecPipeline" to="StgValue_16" fromId="110" toId="16">
</dataflow>
<dataflow id="112" from="StgValue_39" to="StgValue_16" fromId="39" toId="16">
</dataflow>
<dataflow id="113" from="StgValue_39" to="StgValue_16" fromId="39" toId="16">
</dataflow>
<dataflow id="114" from="StgValue_39" to="StgValue_16" fromId="39" toId="16">
</dataflow>
<dataflow id="115" from="StgValue_44" to="StgValue_16" fromId="44" toId="16">
</dataflow>
<dataflow id="116" from="p_str2" to="StgValue_16" fromId="47" toId="16">
</dataflow>
<dataflow id="118" from="_ssdm_op_Write.ap_fifo.volatile.i32P" to="StgValue_17" fromId="117" toId="17">
</dataflow>
<dataflow id="119" from="internal_din_V_V" to="StgValue_17" fromId="32" toId="17">
</dataflow>
<dataflow id="120" from="tmp_data_V" to="StgValue_17" fromId="14" toId="17">
</dataflow>
<dataflow id="122" from="_ssdm_op_SpecRegionEnd" to="empty_196" fromId="121" toId="18">
</dataflow>
<dataflow id="123" from="p_str13" to="empty_196" fromId="108" toId="18">
</dataflow>
<dataflow id="124" from="tmp_i" to="empty_196" fromId="15" toId="18">
</dataflow>
<dataflow id="125" from="exitcond42_i_i" to="StgValue_2" fromId="9" toId="2">
</dataflow>
<dataflow id="126" from="exitcond42_i_i" to="StgValue_3" fromId="9" toId="3">
</dataflow>
</dataflows>


</stg>
