<profile>

<section name = "Vivado HLS Report for 'Loop_1_proc134'" level="0">
<item name = "Date">Mon Aug 11 03:11:55 2025
</item>
<item name = "Version">2018.3 (Build 2405991 on Thu Dec 06 23:56:15 MST 2018)</item>
<item name = "Project">CNN_HLS2</item>
<item name = "Solution">solution1</item>
<item name = "Product family">zynq</item>
<item name = "Target device">xc7z020clg484-1</item>
</section>

<section name = "Performance Estimates" level="0">
<item name = "Timing (ns)">
<section name = "" level="1">
<item name = "Summary"><table name="" hasTotal="0">
<keys size="4">Clock, Target, Estimated, Uncertainty</keys>
<column name="ap_clk">10.00, 3.634, 1.25</column>
</table>
</item>
</section>
</item>
<item name = "Latency (clock cycles)">
<section name = "" level="1">
<item name = "Summary"><table name="" hasTotal="0">
<keys size="6">, min, max, min, max, Type</keys>
<column name="">3002, 3002, 3002, 3002, none</column>
</table>
</item>
<item name = "Detail">
<section name = "" level="1">
<item name = "Instance"><table name="" hasTotal="0">
<keys size="7">Instance, Module, min, max, min, max, Type</keys>
</table>
</item>
<item name = "Loop"><table name="" hasTotal="0">
<keys size="8">Loop Name, min, max, Latency, achieved, target, Count, Pipelined</keys>
<column name="- Loop 1">3000, 3000, 2, 1, 1, 3000, yes</column>
</table>
</item>
</section>
</item>
</section>
</item>
</section>

<section name = "Utilization Estimates" level="0">
<item name = "Summary"><table name="" hasTotal="1">
<keys size="5">Name, BRAM_18K, DSP48E, FF, LUT</keys>
<column name="DSP">-, -, -, -</column>
<column name="Expression">-, -, 0, 49</column>
<column name="FIFO">-, -, -, -</column>
<column name="Instance">-, -, -, -</column>
<column name="Memory">-, -, -, -</column>
<column name="Multiplexer">-, -, -, 120</column>
<column name="Register">-, -, 122, -</column>
<specialColumn name="Available">280, 220, 106400, 53200</specialColumn>
<specialColumn name="Utilization (%)">0, 0, ~0, ~0</specialColumn>
</table>
</item>
<item name = "Detail">
<section name = "" level="1">
<item name = "Instance"><table name="" hasTotal="1">
<keys size="6">Instance, Module, BRAM_18K, DSP48E, FF, LUT</keys>
</table>
</item>
<item name = "DSP48"><table name="" hasTotal="0">
<keys size="3">Instance, Module, Expression</keys>
</table>
</item>
<item name = "Memory"><table name="" hasTotal="1">
<keys size="9">Memory, Module, BRAM_18K, FF, LUT, Words, Bits, Banks, W*Bits*Banks</keys>
</table>
</item>
<item name = "FIFO"><table name="" hasTotal="1">
<keys size="7">Name, BRAM_18K, FF, LUT, Depth, Bits, Size:D*B</keys>
</table>
</item>
<item name = "Expression"><table name="" hasTotal="1">
<keys size="7">Variable Name, Operation, DSP48E, FF, LUT, Bitwidth P0, Bitwidth P1</keys>
<column name="i_fu_90_p2">+, 0, 0, 12, 12, 1</column>
<column name="ap_block_state2_pp0_stage0_iter0">and, 0, 0, 2, 1, 1</column>
<column name="ap_block_state3_pp0_stage0_iter1">and, 0, 0, 2, 1, 1</column>
<column name="din_V_data_V_0_load_A">and, 0, 0, 2, 1, 1</column>
<column name="din_V_data_V_0_load_B">and, 0, 0, 2, 1, 1</column>
<column name="din_V_data_V_0_state_cmp_full">icmp, 0, 0, 8, 2, 1</column>
<column name="exitcond42_i_i_fu_84_p2">icmp, 0, 0, 13, 12, 12</column>
<column name="ap_block_pp0_stage0_01001">or, 0, 0, 2, 1, 1</column>
<column name="ap_block_state1">or, 0, 0, 2, 1, 1</column>
<column name="ap_enable_pp0">xor, 0, 0, 2, 1, 2</column>
<column name="ap_enable_reg_pp0_iter1">xor, 0, 0, 2, 2, 1</column>
</table>
</item>
<item name = "Multiplexer"><table name="" hasTotal="1">
<keys size="5">Name, LUT, Input Size, Bits, Total Bits</keys>
<column name="ap_NS_fsm">21, 4, 1, 4</column>
<column name="ap_done">9, 2, 1, 2</column>
<column name="ap_enable_reg_pp0_iter1">15, 3, 1, 3</column>
<column name="din_TDATA_blk_n">9, 2, 1, 2</column>
<column name="din_V_data_V_0_data_out">9, 2, 32, 64</column>
<column name="din_V_data_V_0_state">15, 3, 2, 6</column>
<column name="din_V_last_V_0_state">15, 3, 2, 6</column>
<column name="i_i_i_reg_73">9, 2, 12, 24</column>
<column name="internal_din_V_V_blk_n">9, 2, 1, 2</column>
<column name="real_start">9, 2, 1, 2</column>
</table>
</item>
<item name = "Register"><table name="" hasTotal="1">
<keys size="5">Name, FF, LUT, Bits, Const Bits</keys>
<column name="ap_CS_fsm">3, 0, 3, 0</column>
<column name="ap_done_reg">1, 0, 1, 0</column>
<column name="ap_enable_reg_pp0_iter0">1, 0, 1, 0</column>
<column name="ap_enable_reg_pp0_iter1">1, 0, 1, 0</column>
<column name="din_V_data_V_0_payload_A">32, 0, 32, 0</column>
<column name="din_V_data_V_0_payload_B">32, 0, 32, 0</column>
<column name="din_V_data_V_0_sel_rd">1, 0, 1, 0</column>
<column name="din_V_data_V_0_sel_wr">1, 0, 1, 0</column>
<column name="din_V_data_V_0_state">2, 0, 2, 0</column>
<column name="din_V_last_V_0_state">2, 0, 2, 0</column>
<column name="exitcond42_i_i_reg_100">1, 0, 1, 0</column>
<column name="i_i_i_reg_73">12, 0, 12, 0</column>
<column name="start_once_reg">1, 0, 1, 0</column>
<column name="tmp_data_V_reg_109">32, 0, 32, 0</column>
</table>
</item>
</section>
</item>
</section>

<section name = "Interface" level="0">
<item name = "Summary"><table name="" hasTotal="0">
<keys size="6">RTL Ports, Dir, Bits, Protocol, Source Object, C Type</keys>
<column name="ap_clk">in, 1, ap_ctrl_hs, Loop_1_proc134, return value</column>
<column name="ap_rst">in, 1, ap_ctrl_hs, Loop_1_proc134, return value</column>
<column name="ap_start">in, 1, ap_ctrl_hs, Loop_1_proc134, return value</column>
<column name="start_full_n">in, 1, ap_ctrl_hs, Loop_1_proc134, return value</column>
<column name="ap_done">out, 1, ap_ctrl_hs, Loop_1_proc134, return value</column>
<column name="ap_continue">in, 1, ap_ctrl_hs, Loop_1_proc134, return value</column>
<column name="ap_idle">out, 1, ap_ctrl_hs, Loop_1_proc134, return value</column>
<column name="ap_ready">out, 1, ap_ctrl_hs, Loop_1_proc134, return value</column>
<column name="start_out">out, 1, ap_ctrl_hs, Loop_1_proc134, return value</column>
<column name="start_write">out, 1, ap_ctrl_hs, Loop_1_proc134, return value</column>
<column name="din_TDATA">in, 32, axis, din_V_data_V, pointer</column>
<column name="din_TVALID">in, 1, axis, din_V_last_V, pointer</column>
<column name="din_TREADY">out, 1, axis, din_V_last_V, pointer</column>
<column name="din_TLAST">in, 1, axis, din_V_last_V, pointer</column>
<column name="internal_din_V_V_din">out, 32, ap_fifo, internal_din_V_V, pointer</column>
<column name="internal_din_V_V_full_n">in, 1, ap_fifo, internal_din_V_V, pointer</column>
<column name="internal_din_V_V_write">out, 1, ap_fifo, internal_din_V_V, pointer</column>
</table>
</item>
</section>
</profile>
