<profile>

<section name = "Vivado HLS Report for 'Loop_2_proc135'" level="0">
<item name = "Date">Mon Aug 11 03:12:07 2025
</item>
<item name = "Version">2018.3 (Build 2405991 on Thu Dec 06 23:56:15 MST 2018)</item>
<item name = "Project">CNN_HLS2</item>
<item name = "Solution">solution1</item>
<item name = "Product family">zynq</item>
<item name = "Target device">xc7z020clg484-1</item>
</section>

<section name = "Performance Estimates" level="0">
<item name = "Timing (ns)">
<section name = "" level="1">
<item name = "Summary"><table name="" hasTotal="0">
<keys size="4">Clock, Target, Estimated, Uncertainty</keys>
<column name="ap_clk">10.00, 3.634, 1.25</column>
</table>
</item>
</section>
</item>
<item name = "Latency (clock cycles)">
<section name = "" level="1">
<item name = "Summary"><table name="" hasTotal="0">
<keys size="6">, min, max, min, max, Type</keys>
<column name="">5, 5, 5, 5, none</column>
</table>
</item>
<item name = "Detail">
<section name = "" level="1">
<item name = "Instance"><table name="" hasTotal="0">
<keys size="7">Instance, Module, min, max, min, max, Type</keys>
</table>
</item>
<item name = "Loop"><table name="" hasTotal="0">
<keys size="8">Loop Name, min, max, Latency, achieved, target, Count, Pipelined</keys>
<column name="- Loop 1">3, 3, 3, 1, 1, 2, yes</column>
</table>
</item>
</section>
</item>
</section>
</item>
</section>

<section name = "Utilization Estimates" level="0">
<item name = "Summary"><table name="" hasTotal="1">
<keys size="5">Name, BRAM_18K, DSP48E, FF, LUT</keys>
<column name="DSP">-, -, -, -</column>
<column name="Expression">-, -, 0, 69</column>
<column name="FIFO">-, -, -, -</column>
<column name="Instance">-, -, -, -</column>
<column name="Memory">-, -, -, -</column>
<column name="Multiplexer">-, -, -, 123</column>
<column name="Register">-, -, 86, -</column>
<specialColumn name="Available">280, 220, 106400, 53200</specialColumn>
<specialColumn name="Utilization (%)">0, 0, ~0, ~0</specialColumn>
</table>
</item>
<item name = "Detail">
<section name = "" level="1">
<item name = "Instance"><table name="" hasTotal="1">
<keys size="6">Instance, Module, BRAM_18K, DSP48E, FF, LUT</keys>
</table>
</item>
<item name = "DSP48"><table name="" hasTotal="0">
<keys size="3">Instance, Module, Expression</keys>
</table>
</item>
<item name = "Memory"><table name="" hasTotal="1">
<keys size="9">Memory, Module, BRAM_18K, FF, LUT, Words, Bits, Banks, W*Bits*Banks</keys>
</table>
</item>
<item name = "FIFO"><table name="" hasTotal="1">
<keys size="7">Name, BRAM_18K, FF, LUT, Depth, Bits, Size:D*B</keys>
</table>
</item>
<item name = "Expression"><table name="" hasTotal="1">
<keys size="7">Variable Name, Operation, DSP48E, FF, LUT, Bitwidth P0, Bitwidth P1</keys>
<column name="i_fu_92_p2">+, 0, 0, 10, 2, 1</column>
<column name="ap_block_pp0_stage0_01001">and, 0, 0, 2, 1, 1</column>
<column name="ap_block_state3_io">and, 0, 0, 2, 1, 1</column>
<column name="ap_block_state3_pp0_stage0_iter1">and, 0, 0, 2, 1, 1</column>
<column name="ap_block_state4_io">and, 0, 0, 2, 1, 1</column>
<column name="dout_V_data_V_1_load_A">and, 0, 0, 2, 1, 1</column>
<column name="dout_V_data_V_1_load_B">and, 0, 0, 2, 1, 1</column>
<column name="dout_V_last_V_1_load_A">and, 0, 0, 2, 1, 1</column>
<column name="dout_V_last_V_1_load_B">and, 0, 0, 2, 1, 1</column>
<column name="dout_V_data_V_1_state_cmp_full">icmp, 0, 0, 8, 2, 1</column>
<column name="dout_V_last_V_1_state_cmp_full">icmp, 0, 0, 8, 2, 1</column>
<column name="exitcond_i_fu_86_p2">icmp, 0, 0, 9, 2, 3</column>
<column name="out_val_last_V_fu_98_p2">icmp, 0, 0, 8, 2, 1</column>
<column name="ap_block_pp0_stage0_11001">or, 0, 0, 2, 1, 1</column>
<column name="ap_block_state1">or, 0, 0, 2, 1, 1</column>
<column name="ap_block_state5">or, 0, 0, 2, 1, 1</column>
<column name="ap_enable_pp0">xor, 0, 0, 2, 1, 2</column>
<column name="ap_enable_reg_pp0_iter1">xor, 0, 0, 2, 2, 1</column>
</table>
</item>
<item name = "Multiplexer"><table name="" hasTotal="1">
<keys size="5">Name, LUT, Input Size, Bits, Total Bits</keys>
<column name="ap_NS_fsm">21, 4, 1, 4</column>
<column name="ap_done">9, 2, 1, 2</column>
<column name="ap_enable_reg_pp0_iter1">9, 2, 1, 2</column>
<column name="ap_enable_reg_pp0_iter2">9, 2, 1, 2</column>
<column name="dout_TDATA_blk_n">9, 2, 1, 2</column>
<column name="dout_V_data_V_1_data_out">9, 2, 32, 64</column>
<column name="dout_V_data_V_1_state">15, 3, 2, 6</column>
<column name="dout_V_last_V_1_data_out">9, 2, 1, 2</column>
<column name="dout_V_last_V_1_state">15, 3, 2, 6</column>
<column name="fc_out_V_V_blk_n">9, 2, 1, 2</column>
<column name="i1_i_reg_75">9, 2, 2, 4</column>
</table>
</item>
<item name = "Register"><table name="" hasTotal="1">
<keys size="5">Name, FF, LUT, Bits, Const Bits</keys>
<column name="ap_CS_fsm">3, 0, 3, 0</column>
<column name="ap_done_reg">1, 0, 1, 0</column>
<column name="ap_enable_reg_pp0_iter0">1, 0, 1, 0</column>
<column name="ap_enable_reg_pp0_iter1">1, 0, 1, 0</column>
<column name="ap_enable_reg_pp0_iter2">1, 0, 1, 0</column>
<column name="dout_V_data_V_1_payload_A">32, 0, 32, 0</column>
<column name="dout_V_data_V_1_payload_B">32, 0, 32, 0</column>
<column name="dout_V_data_V_1_sel_rd">1, 0, 1, 0</column>
<column name="dout_V_data_V_1_sel_wr">1, 0, 1, 0</column>
<column name="dout_V_data_V_1_state">2, 0, 2, 0</column>
<column name="dout_V_last_V_1_payload_A">1, 0, 1, 0</column>
<column name="dout_V_last_V_1_payload_B">1, 0, 1, 0</column>
<column name="dout_V_last_V_1_sel_rd">1, 0, 1, 0</column>
<column name="dout_V_last_V_1_sel_wr">1, 0, 1, 0</column>
<column name="dout_V_last_V_1_state">2, 0, 2, 0</column>
<column name="exitcond_i_reg_104">1, 0, 1, 0</column>
<column name="exitcond_i_reg_104_pp0_iter1_reg">1, 0, 1, 0</column>
<column name="i1_i_reg_75">2, 0, 2, 0</column>
<column name="out_val_last_V_reg_113">1, 0, 1, 0</column>
</table>
</item>
</section>
</item>
</section>

<section name = "Interface" level="0">
<item name = "Summary"><table name="" hasTotal="0">
<keys size="6">RTL Ports, Dir, Bits, Protocol, Source Object, C Type</keys>
<column name="ap_clk">in, 1, ap_ctrl_hs, Loop_2_proc135, return value</column>
<column name="ap_rst">in, 1, ap_ctrl_hs, Loop_2_proc135, return value</column>
<column name="ap_start">in, 1, ap_ctrl_hs, Loop_2_proc135, return value</column>
<column name="ap_done">out, 1, ap_ctrl_hs, Loop_2_proc135, return value</column>
<column name="ap_continue">in, 1, ap_ctrl_hs, Loop_2_proc135, return value</column>
<column name="ap_idle">out, 1, ap_ctrl_hs, Loop_2_proc135, return value</column>
<column name="ap_ready">out, 1, ap_ctrl_hs, Loop_2_proc135, return value</column>
<column name="dout_TDATA">out, 32, axis, dout_V_data_V, pointer</column>
<column name="dout_TREADY">in, 1, axis, dout_V_data_V, pointer</column>
<column name="dout_TVALID">out, 1, axis, dout_V_last_V, pointer</column>
<column name="dout_TLAST">out, 1, axis, dout_V_last_V, pointer</column>
<column name="fc_out_V_V_dout">in, 32, ap_fifo, fc_out_V_V, pointer</column>
<column name="fc_out_V_V_empty_n">in, 1, ap_fifo, fc_out_V_V, pointer</column>
<column name="fc_out_V_V_read">out, 1, ap_fifo, fc_out_V_V, pointer</column>
</table>
</item>
</section>
</profile>
