<profile>

<section name = "Vivado HLS Report for 'max_pooling2d'" level="0">
<item name = "Date">Mon Aug 11 03:12:05 2025
</item>
<item name = "Version">2018.3 (Build 2405991 on Thu Dec 06 23:56:15 MST 2018)</item>
<item name = "Project">CNN_HLS2</item>
<item name = "Solution">solution1</item>
<item name = "Product family">zynq</item>
<item name = "Target device">xc7z020clg484-1</item>
</section>

<section name = "Performance Estimates" level="0">
<item name = "Timing (ns)">
<section name = "" level="1">
<item name = "Summary"><table name="" hasTotal="0">
<keys size="4">Clock, Target, Estimated, Uncertainty</keys>
<column name="ap_clk">10.00, 8.406, 1.25</column>
</table>
</item>
</section>
</item>
<item name = "Latency (clock cycles)">
<section name = "" level="1">
<item name = "Summary"><table name="" hasTotal="0">
<keys size="6">, min, max, min, max, Type</keys>
<column name="">65001, 65001, 65001, 65001, none</column>
</table>
</item>
<item name = "Detail">
<section name = "" level="1">
<item name = "Instance"><table name="" hasTotal="0">
<keys size="7">Instance, Module, min, max, min, max, Type</keys>
</table>
</item>
<item name = "Loop"><table name="" hasTotal="0">
<keys size="8">Loop Name, min, max, Latency, achieved, target, Count, Pipelined</keys>
<column name="- RowLoop">65000, 65000, 520, -, -, 125, no</column>
<column name=" + RowLoop.1">412, 412, 206, -, -, 2, no</column>
<column name="  ++ RowLoop.1.1">204, 204, 34, -, -, 6, no</column>
<column name="   +++ RowLoop.1.1.1">32, 32, 2, -, -, 16, no</column>
<column name=" + ColLoop">105, 105, 35, -, -, 3, no</column>
<column name="  ++ ColLoop.1">32, 32, 2, -, -, 16, no</column>
</table>
</item>
</section>
</item>
</section>
</item>
</section>

<section name = "Utilization Estimates" level="0">
<item name = "Summary"><table name="" hasTotal="1">
<keys size="5">Name, BRAM_18K, DSP48E, FF, LUT</keys>
<column name="DSP">-, -, -, -</column>
<column name="Expression">-, -, 0, 296</column>
<column name="FIFO">-, -, -, -</column>
<column name="Instance">-, -, 0, 260</column>
<column name="Memory">0, -, 2048, 96</column>
<column name="Multiplexer">-, -, -, 620</column>
<column name="Register">-, -, 2262, -</column>
<specialColumn name="Available">280, 220, 106400, 53200</specialColumn>
<specialColumn name="Utilization (%)">0, 0, 4, 2</specialColumn>
</table>
</item>
<item name = "Detail">
<section name = "" level="1">
<item name = "Instance"><table name="" hasTotal="1">
<keys size="6">Instance, Module, BRAM_18K, DSP48E, FF, LUT</keys>
<column name="cnn_stream_top_mucow_U120">cnn_stream_top_mucow, 0, 0, 0, 65</column>
<column name="cnn_stream_top_mucow_U121">cnn_stream_top_mucow, 0, 0, 0, 65</column>
<column name="cnn_stream_top_mucow_U122">cnn_stream_top_mucow, 0, 0, 0, 65</column>
<column name="cnn_stream_top_mucow_U123">cnn_stream_top_mucow, 0, 0, 0, 65</column>
</table>
</item>
<item name = "DSP48"><table name="" hasTotal="0">
<keys size="3">Instance, Module, Expression</keys>
</table>
</item>
<item name = "Memory"><table name="" hasTotal="1">
<keys size="9">Memory, Module, BRAM_18K, FF, LUT, Words, Bits, Banks, W*Bits*Banks</keys>
<column name="line_buffer_0_0_V_U">max_pooling2d_linbSr, 0, 64, 3, 6, 32, 1, 192</column>
<column name="line_buffer_0_1_V_U">max_pooling2d_linbSr, 0, 64, 3, 6, 32, 1, 192</column>
<column name="line_buffer_0_2_V_U">max_pooling2d_linbSr, 0, 64, 3, 6, 32, 1, 192</column>
<column name="line_buffer_0_3_V_U">max_pooling2d_linbSr, 0, 64, 3, 6, 32, 1, 192</column>
<column name="line_buffer_0_4_V_U">max_pooling2d_linbSr, 0, 64, 3, 6, 32, 1, 192</column>
<column name="line_buffer_0_5_V_U">max_pooling2d_linbSr, 0, 64, 3, 6, 32, 1, 192</column>
<column name="line_buffer_0_6_V_U">max_pooling2d_linbSr, 0, 64, 3, 6, 32, 1, 192</column>
<column name="line_buffer_0_7_V_U">max_pooling2d_linbSr, 0, 64, 3, 6, 32, 1, 192</column>
<column name="line_buffer_0_8_V_U">max_pooling2d_linbSr, 0, 64, 3, 6, 32, 1, 192</column>
<column name="line_buffer_0_9_V_U">max_pooling2d_linbSr, 0, 64, 3, 6, 32, 1, 192</column>
<column name="line_buffer_0_10_V_U">max_pooling2d_linbSr, 0, 64, 3, 6, 32, 1, 192</column>
<column name="line_buffer_0_11_V_U">max_pooling2d_linbSr, 0, 64, 3, 6, 32, 1, 192</column>
<column name="line_buffer_0_12_V_U">max_pooling2d_linbSr, 0, 64, 3, 6, 32, 1, 192</column>
<column name="line_buffer_0_13_V_U">max_pooling2d_linbSr, 0, 64, 3, 6, 32, 1, 192</column>
<column name="line_buffer_0_14_V_U">max_pooling2d_linbSr, 0, 64, 3, 6, 32, 1, 192</column>
<column name="line_buffer_0_15_V_U">max_pooling2d_linbSr, 0, 64, 3, 6, 32, 1, 192</column>
<column name="line_buffer_1_0_V_U">max_pooling2d_linbSr, 0, 64, 3, 6, 32, 1, 192</column>
<column name="line_buffer_1_1_V_U">max_pooling2d_linbSr, 0, 64, 3, 6, 32, 1, 192</column>
<column name="line_buffer_1_2_V_U">max_pooling2d_linbSr, 0, 64, 3, 6, 32, 1, 192</column>
<column name="line_buffer_1_3_V_U">max_pooling2d_linbSr, 0, 64, 3, 6, 32, 1, 192</column>
<column name="line_buffer_1_4_V_U">max_pooling2d_linbSr, 0, 64, 3, 6, 32, 1, 192</column>
<column name="line_buffer_1_5_V_U">max_pooling2d_linbSr, 0, 64, 3, 6, 32, 1, 192</column>
<column name="line_buffer_1_6_V_U">max_pooling2d_linbSr, 0, 64, 3, 6, 32, 1, 192</column>
<column name="line_buffer_1_7_V_U">max_pooling2d_linbSr, 0, 64, 3, 6, 32, 1, 192</column>
<column name="line_buffer_1_8_V_U">max_pooling2d_linbSr, 0, 64, 3, 6, 32, 1, 192</column>
<column name="line_buffer_1_9_V_U">max_pooling2d_linbSr, 0, 64, 3, 6, 32, 1, 192</column>
<column name="line_buffer_1_10_V_U">max_pooling2d_linbSr, 0, 64, 3, 6, 32, 1, 192</column>
<column name="line_buffer_1_11_V_U">max_pooling2d_linbSr, 0, 64, 3, 6, 32, 1, 192</column>
<column name="line_buffer_1_12_V_U">max_pooling2d_linbSr, 0, 64, 3, 6, 32, 1, 192</column>
<column name="line_buffer_1_13_V_U">max_pooling2d_linbSr, 0, 64, 3, 6, 32, 1, 192</column>
<column name="line_buffer_1_14_V_U">max_pooling2d_linbSr, 0, 64, 3, 6, 32, 1, 192</column>
<column name="line_buffer_1_15_V_U">max_pooling2d_linbSr, 0, 64, 3, 6, 32, 1, 192</column>
</table>
</item>
<item name = "FIFO"><table name="" hasTotal="1">
<keys size="7">Name, BRAM_18K, FF, LUT, Depth, Bits, Size:D*B</keys>
</table>
</item>
<item name = "Expression"><table name="" hasTotal="1">
<keys size="7">Variable Name, Operation, DSP48E, FF, LUT, Bitwidth P0, Bitwidth P1</keys>
<column name="c_1_fu_1323_p2">+, 0, 0, 12, 3, 1</column>
<column name="c_fu_1603_p2">+, 0, 0, 12, 3, 2</column>
<column name="ch_1_fu_1371_p2">+, 0, 0, 15, 5, 1</column>
<column name="ch_fu_1477_p2">+, 0, 0, 15, 5, 1</column>
<column name="i_fu_1307_p2">+, 0, 0, 10, 2, 1</column>
<column name="r_fu_1465_p2">+, 0, 0, 15, 8, 2</column>
<column name="ap_block_state5">and, 0, 0, 2, 1, 1</column>
<column name="exitcond1_i_fu_1317_p2">icmp, 0, 0, 9, 3, 3</column>
<column name="exitcond2_i_fu_1301_p2">icmp, 0, 0, 9, 2, 3</column>
<column name="exitcond3_i_fu_1365_p2">icmp, 0, 0, 11, 5, 6</column>
<column name="exitcond_i_fu_1471_p2">icmp, 0, 0, 11, 5, 6</column>
<column name="tmp_2_i_fu_1381_p2">icmp, 0, 0, 9, 3, 3</column>
<column name="tmp_6_i_fu_1531_p2">icmp, 0, 0, 18, 32, 32</column>
<column name="tmp_9_i_fu_1567_p2">icmp, 0, 0, 18, 32, 32</column>
<column name="tmp_i_21_fu_1609_p2">icmp, 0, 0, 18, 32, 32</column>
<column name="tmp_i_fu_1295_p2">icmp, 0, 0, 11, 8, 4</column>
<column name="ap_block_state1">or, 0, 0, 2, 1, 1</column>
<column name="tmp_4_i_fu_1423_p2">or, 0, 0, 3, 3, 1</column>
<column name="max_val_V_3_fu_1573_p3">select, 0, 0, 32, 1, 32</column>
<column name="p_i_fu_1537_p3">select, 0, 0, 32, 1, 32</column>
<column name="pool3_out_V_V_din">select, 0, 0, 32, 1, 32</column>
</table>
</item>
<item name = "Multiplexer"><table name="" hasTotal="1">
<keys size="5">Name, LUT, Input Size, Bits, Total Bits</keys>
<column name="ap_NS_fsm">50, 11, 1, 11</column>
<column name="ap_done">9, 2, 1, 2</column>
<column name="c7_i_reg_1272">9, 2, 3, 6</column>
<column name="c_i_reg_1250">9, 2, 3, 6</column>
<column name="ch8_i_reg_1284">9, 2, 5, 10</column>
<column name="ch_i_reg_1261">9, 2, 5, 10</column>
<column name="conv3_out_V_V_blk_n">9, 2, 1, 2</column>
<column name="i_i_reg_1239">9, 2, 2, 4</column>
<column name="line_buffer_0_0_V_address0">15, 3, 3, 9</column>
<column name="line_buffer_0_10_V_address0">15, 3, 3, 9</column>
<column name="line_buffer_0_11_V_address0">15, 3, 3, 9</column>
<column name="line_buffer_0_12_V_address0">15, 3, 3, 9</column>
<column name="line_buffer_0_13_V_address0">15, 3, 3, 9</column>
<column name="line_buffer_0_14_V_address0">15, 3, 3, 9</column>
<column name="line_buffer_0_15_V_address0">15, 3, 3, 9</column>
<column name="line_buffer_0_1_V_address0">15, 3, 3, 9</column>
<column name="line_buffer_0_2_V_address0">15, 3, 3, 9</column>
<column name="line_buffer_0_3_V_address0">15, 3, 3, 9</column>
<column name="line_buffer_0_4_V_address0">15, 3, 3, 9</column>
<column name="line_buffer_0_5_V_address0">15, 3, 3, 9</column>
<column name="line_buffer_0_6_V_address0">15, 3, 3, 9</column>
<column name="line_buffer_0_7_V_address0">15, 3, 3, 9</column>
<column name="line_buffer_0_8_V_address0">15, 3, 3, 9</column>
<column name="line_buffer_0_9_V_address0">15, 3, 3, 9</column>
<column name="line_buffer_1_0_V_address0">15, 3, 3, 9</column>
<column name="line_buffer_1_10_V_address0">15, 3, 3, 9</column>
<column name="line_buffer_1_11_V_address0">15, 3, 3, 9</column>
<column name="line_buffer_1_12_V_address0">15, 3, 3, 9</column>
<column name="line_buffer_1_13_V_address0">15, 3, 3, 9</column>
<column name="line_buffer_1_14_V_address0">15, 3, 3, 9</column>
<column name="line_buffer_1_15_V_address0">15, 3, 3, 9</column>
<column name="line_buffer_1_1_V_address0">15, 3, 3, 9</column>
<column name="line_buffer_1_2_V_address0">15, 3, 3, 9</column>
<column name="line_buffer_1_3_V_address0">15, 3, 3, 9</column>
<column name="line_buffer_1_4_V_address0">15, 3, 3, 9</column>
<column name="line_buffer_1_5_V_address0">15, 3, 3, 9</column>
<column name="line_buffer_1_6_V_address0">15, 3, 3, 9</column>
<column name="line_buffer_1_7_V_address0">15, 3, 3, 9</column>
<column name="line_buffer_1_8_V_address0">15, 3, 3, 9</column>
<column name="line_buffer_1_9_V_address0">15, 3, 3, 9</column>
<column name="pool3_out_V_V_blk_n">9, 2, 1, 2</column>
<column name="r_i_reg_1227">9, 2, 8, 16</column>
<column name="real_start">9, 2, 1, 2</column>
</table>
</item>
<item name = "Register"><table name="" hasTotal="1">
<keys size="5">Name, FF, LUT, Bits, Const Bits</keys>
<column name="ap_CS_fsm">10, 0, 10, 0</column>
<column name="ap_done_reg">1, 0, 1, 0</column>
<column name="c7_i_reg_1272">3, 0, 3, 0</column>
<column name="c_1_reg_1638">3, 0, 3, 0</column>
<column name="c_i_reg_1250">3, 0, 3, 0</column>
<column name="ch8_i_reg_1284">5, 0, 5, 0</column>
<column name="ch_1_reg_1806">5, 0, 5, 0</column>
<column name="ch_i_reg_1261">5, 0, 5, 0</column>
<column name="ch_reg_2465">5, 0, 5, 0</column>
<column name="i_i_reg_1239">2, 0, 2, 0</column>
<column name="i_reg_1626">2, 0, 2, 0</column>
<column name="line_buffer_0_0_V_2_reg_2142">32, 0, 32, 0</column>
<column name="line_buffer_0_0_V_4_reg_2222">32, 0, 32, 0</column>
<column name="line_buffer_0_0_V_s_reg_1643">3, 0, 3, 0</column>
<column name="line_buffer_0_10_V_1_reg_1693">3, 0, 3, 0</column>
<column name="line_buffer_0_10_V_3_reg_2192">32, 0, 32, 0</column>
<column name="line_buffer_0_10_V_5_reg_2272">32, 0, 32, 0</column>
<column name="line_buffer_0_11_V_1_reg_1698">3, 0, 3, 0</column>
<column name="line_buffer_0_11_V_3_reg_2197">32, 0, 32, 0</column>
<column name="line_buffer_0_11_V_5_reg_2277">32, 0, 32, 0</column>
<column name="line_buffer_0_12_V_1_reg_1703">3, 0, 3, 0</column>
<column name="line_buffer_0_12_V_3_reg_2202">32, 0, 32, 0</column>
<column name="line_buffer_0_12_V_5_reg_2282">32, 0, 32, 0</column>
<column name="line_buffer_0_13_V_1_reg_1708">3, 0, 3, 0</column>
<column name="line_buffer_0_13_V_3_reg_2207">32, 0, 32, 0</column>
<column name="line_buffer_0_13_V_5_reg_2287">32, 0, 32, 0</column>
<column name="line_buffer_0_14_V_1_reg_1713">3, 0, 3, 0</column>
<column name="line_buffer_0_14_V_3_reg_2212">32, 0, 32, 0</column>
<column name="line_buffer_0_14_V_5_reg_2292">32, 0, 32, 0</column>
<column name="line_buffer_0_15_V_1_reg_1718">3, 0, 3, 0</column>
<column name="line_buffer_0_15_V_3_reg_2217">32, 0, 32, 0</column>
<column name="line_buffer_0_15_V_5_reg_2297">32, 0, 32, 0</column>
<column name="line_buffer_0_1_V_2_reg_2147">32, 0, 32, 0</column>
<column name="line_buffer_0_1_V_4_reg_2227">32, 0, 32, 0</column>
<column name="line_buffer_0_1_V_s_reg_1648">3, 0, 3, 0</column>
<column name="line_buffer_0_2_V_2_reg_2152">32, 0, 32, 0</column>
<column name="line_buffer_0_2_V_4_reg_2232">32, 0, 32, 0</column>
<column name="line_buffer_0_2_V_s_reg_1653">3, 0, 3, 0</column>
<column name="line_buffer_0_3_V_2_reg_2157">32, 0, 32, 0</column>
<column name="line_buffer_0_3_V_4_reg_2237">32, 0, 32, 0</column>
<column name="line_buffer_0_3_V_s_reg_1658">3, 0, 3, 0</column>
<column name="line_buffer_0_4_V_2_reg_2162">32, 0, 32, 0</column>
<column name="line_buffer_0_4_V_4_reg_2242">32, 0, 32, 0</column>
<column name="line_buffer_0_4_V_s_reg_1663">3, 0, 3, 0</column>
<column name="line_buffer_0_5_V_2_reg_2167">32, 0, 32, 0</column>
<column name="line_buffer_0_5_V_4_reg_2247">32, 0, 32, 0</column>
<column name="line_buffer_0_5_V_s_reg_1668">3, 0, 3, 0</column>
<column name="line_buffer_0_6_V_2_reg_2172">32, 0, 32, 0</column>
<column name="line_buffer_0_6_V_4_reg_2252">32, 0, 32, 0</column>
<column name="line_buffer_0_6_V_s_reg_1673">3, 0, 3, 0</column>
<column name="line_buffer_0_7_V_2_reg_2177">32, 0, 32, 0</column>
<column name="line_buffer_0_7_V_4_reg_2257">32, 0, 32, 0</column>
<column name="line_buffer_0_7_V_s_reg_1678">3, 0, 3, 0</column>
<column name="line_buffer_0_8_V_2_reg_2182">32, 0, 32, 0</column>
<column name="line_buffer_0_8_V_4_reg_2262">32, 0, 32, 0</column>
<column name="line_buffer_0_8_V_s_reg_1683">3, 0, 3, 0</column>
<column name="line_buffer_0_9_V_2_reg_2187">32, 0, 32, 0</column>
<column name="line_buffer_0_9_V_4_reg_2267">32, 0, 32, 0</column>
<column name="line_buffer_0_9_V_s_reg_1688">3, 0, 3, 0</column>
<column name="line_buffer_1_0_V_2_reg_2302">32, 0, 32, 0</column>
<column name="line_buffer_1_0_V_4_reg_2382">32, 0, 32, 0</column>
<column name="line_buffer_1_0_V_s_reg_1723">3, 0, 3, 0</column>
<column name="line_buffer_1_10_V_1_reg_1773">3, 0, 3, 0</column>
<column name="line_buffer_1_10_V_3_reg_2352">32, 0, 32, 0</column>
<column name="line_buffer_1_10_V_5_reg_2432">32, 0, 32, 0</column>
<column name="line_buffer_1_11_V_1_reg_1778">3, 0, 3, 0</column>
<column name="line_buffer_1_11_V_3_reg_2357">32, 0, 32, 0</column>
<column name="line_buffer_1_11_V_5_reg_2437">32, 0, 32, 0</column>
<column name="line_buffer_1_12_V_1_reg_1783">3, 0, 3, 0</column>
<column name="line_buffer_1_12_V_3_reg_2362">32, 0, 32, 0</column>
<column name="line_buffer_1_12_V_5_reg_2442">32, 0, 32, 0</column>
<column name="line_buffer_1_13_V_1_reg_1788">3, 0, 3, 0</column>
<column name="line_buffer_1_13_V_3_reg_2367">32, 0, 32, 0</column>
<column name="line_buffer_1_13_V_5_reg_2447">32, 0, 32, 0</column>
<column name="line_buffer_1_14_V_1_reg_1793">3, 0, 3, 0</column>
<column name="line_buffer_1_14_V_3_reg_2372">32, 0, 32, 0</column>
<column name="line_buffer_1_14_V_5_reg_2452">32, 0, 32, 0</column>
<column name="line_buffer_1_15_V_1_reg_1798">3, 0, 3, 0</column>
<column name="line_buffer_1_15_V_3_reg_2377">32, 0, 32, 0</column>
<column name="line_buffer_1_15_V_5_reg_2457">32, 0, 32, 0</column>
<column name="line_buffer_1_1_V_2_reg_2307">32, 0, 32, 0</column>
<column name="line_buffer_1_1_V_4_reg_2387">32, 0, 32, 0</column>
<column name="line_buffer_1_1_V_s_reg_1728">3, 0, 3, 0</column>
<column name="line_buffer_1_2_V_2_reg_2312">32, 0, 32, 0</column>
<column name="line_buffer_1_2_V_4_reg_2392">32, 0, 32, 0</column>
<column name="line_buffer_1_2_V_s_reg_1733">3, 0, 3, 0</column>
<column name="line_buffer_1_3_V_2_reg_2317">32, 0, 32, 0</column>
<column name="line_buffer_1_3_V_4_reg_2397">32, 0, 32, 0</column>
<column name="line_buffer_1_3_V_s_reg_1738">3, 0, 3, 0</column>
<column name="line_buffer_1_4_V_2_reg_2322">32, 0, 32, 0</column>
<column name="line_buffer_1_4_V_4_reg_2402">32, 0, 32, 0</column>
<column name="line_buffer_1_4_V_s_reg_1743">3, 0, 3, 0</column>
<column name="line_buffer_1_5_V_2_reg_2327">32, 0, 32, 0</column>
<column name="line_buffer_1_5_V_4_reg_2407">32, 0, 32, 0</column>
<column name="line_buffer_1_5_V_s_reg_1748">3, 0, 3, 0</column>
<column name="line_buffer_1_6_V_2_reg_2332">32, 0, 32, 0</column>
<column name="line_buffer_1_6_V_4_reg_2412">32, 0, 32, 0</column>
<column name="line_buffer_1_6_V_s_reg_1753">3, 0, 3, 0</column>
<column name="line_buffer_1_7_V_2_reg_2337">32, 0, 32, 0</column>
<column name="line_buffer_1_7_V_4_reg_2417">32, 0, 32, 0</column>
<column name="line_buffer_1_7_V_s_reg_1758">3, 0, 3, 0</column>
<column name="line_buffer_1_8_V_2_reg_2342">32, 0, 32, 0</column>
<column name="line_buffer_1_8_V_4_reg_2422">32, 0, 32, 0</column>
<column name="line_buffer_1_8_V_s_reg_1763">3, 0, 3, 0</column>
<column name="line_buffer_1_9_V_2_reg_2347">32, 0, 32, 0</column>
<column name="line_buffer_1_9_V_4_reg_2427">32, 0, 32, 0</column>
<column name="line_buffer_1_9_V_s_reg_1768">3, 0, 3, 0</column>
<column name="max_val_V_3_reg_2470">32, 0, 32, 0</column>
<column name="max_val_V_4_reg_2476">32, 0, 32, 0</column>
<column name="r_i_reg_1227">8, 0, 8, 0</column>
<column name="start_once_reg">1, 0, 1, 0</column>
<column name="tmp_reg_1631">1, 0, 1, 0</column>
</table>
</item>
</section>
</item>
</section>

<section name = "Interface" level="0">
<item name = "Summary"><table name="" hasTotal="0">
<keys size="6">RTL Ports, Dir, Bits, Protocol, Source Object, C Type</keys>
<column name="ap_clk">in, 1, ap_ctrl_hs, max_pooling2d, return value</column>
<column name="ap_rst">in, 1, ap_ctrl_hs, max_pooling2d, return value</column>
<column name="ap_start">in, 1, ap_ctrl_hs, max_pooling2d, return value</column>
<column name="start_full_n">in, 1, ap_ctrl_hs, max_pooling2d, return value</column>
<column name="ap_done">out, 1, ap_ctrl_hs, max_pooling2d, return value</column>
<column name="ap_continue">in, 1, ap_ctrl_hs, max_pooling2d, return value</column>
<column name="ap_idle">out, 1, ap_ctrl_hs, max_pooling2d, return value</column>
<column name="ap_ready">out, 1, ap_ctrl_hs, max_pooling2d, return value</column>
<column name="start_out">out, 1, ap_ctrl_hs, max_pooling2d, return value</column>
<column name="start_write">out, 1, ap_ctrl_hs, max_pooling2d, return value</column>
<column name="conv3_out_V_V_dout">in, 32, ap_fifo, conv3_out_V_V, pointer</column>
<column name="conv3_out_V_V_empty_n">in, 1, ap_fifo, conv3_out_V_V, pointer</column>
<column name="conv3_out_V_V_read">out, 1, ap_fifo, conv3_out_V_V, pointer</column>
<column name="pool3_out_V_V_din">out, 32, ap_fifo, pool3_out_V_V, pointer</column>
<column name="pool3_out_V_V_full_n">in, 1, ap_fifo, pool3_out_V_V, pointer</column>
<column name="pool3_out_V_V_write">out, 1, ap_fifo, pool3_out_V_V, pointer</column>
</table>
</item>
</section>
</profile>
