<profile>

<section name = "Vivado HLS Report for 'max_pooling1d'" level="0">
<item name = "Date">Mon Aug 11 03:11:58 2025
</item>
<item name = "Version">2018.3 (Build 2405991 on Thu Dec 06 23:56:15 MST 2018)</item>
<item name = "Project">CNN_HLS2</item>
<item name = "Solution">solution1</item>
<item name = "Product family">zynq</item>
<item name = "Target device">xc7z020clg484-1</item>
</section>

<section name = "Performance Estimates" level="0">
<item name = "Timing (ns)">
<section name = "" level="1">
<item name = "Summary"><table name="" hasTotal="0">
<keys size="4">Clock, Target, Estimated, Uncertainty</keys>
<column name="ap_clk">10.00, 6.805, 1.25</column>
</table>
</item>
</section>
</item>
<item name = "Latency (clock cycles)">
<section name = "" level="1">
<item name = "Summary"><table name="" hasTotal="0">
<keys size="6">, min, max, min, max, Type</keys>
<column name="">28001, 49001, 28001, 49001, none</column>
</table>
</item>
<item name = "Detail">
<section name = "" level="1">
<item name = "Instance"><table name="" hasTotal="0">
<keys size="7">Instance, Module, min, max, min, max, Type</keys>
</table>
</item>
<item name = "Loop"><table name="" hasTotal="0">
<keys size="8">Loop Name, min, max, Latency, achieved, target, Count, Pipelined</keys>
<column name="- Loop 1">28000, 49000, 56 ~ 98, -, -, 500, no</column>
<column name=" + Loop 1.1">54, 96, 9 ~ 16, -, -, 6, no</column>
</table>
</item>
</section>
</item>
</section>
</item>
</section>

<section name = "Utilization Estimates" level="0">
<item name = "Summary"><table name="" hasTotal="1">
<keys size="5">Name, BRAM_18K, DSP48E, FF, LUT</keys>
<column name="DSP">-, -, -, -</column>
<column name="Expression">-, -, 0, 3578</column>
<column name="FIFO">-, -, -, -</column>
<column name="Instance">-, -, 0, 520</column>
<column name="Memory">-, -, -, -</column>
<column name="Multiplexer">-, -, -, 191</column>
<column name="Register">-, -, 2061, -</column>
<specialColumn name="Available">280, 220, 106400, 53200</specialColumn>
<specialColumn name="Utilization (%)">0, 0, 1, 8</specialColumn>
</table>
</item>
<item name = "Detail">
<section name = "" level="1">
<item name = "Instance"><table name="" hasTotal="1">
<keys size="6">Instance, Module, BRAM_18K, DSP48E, FF, LUT</keys>
<column name="cnn_stream_top_muxdS_U77">cnn_stream_top_muxdS, 0, 0, 0, 65</column>
<column name="cnn_stream_top_muxdS_U78">cnn_stream_top_muxdS, 0, 0, 0, 65</column>
<column name="cnn_stream_top_muxdS_U79">cnn_stream_top_muxdS, 0, 0, 0, 65</column>
<column name="cnn_stream_top_muxdS_U80">cnn_stream_top_muxdS, 0, 0, 0, 65</column>
<column name="cnn_stream_top_muxdS_U81">cnn_stream_top_muxdS, 0, 0, 0, 65</column>
<column name="cnn_stream_top_muxdS_U82">cnn_stream_top_muxdS, 0, 0, 0, 65</column>
<column name="cnn_stream_top_muxdS_U83">cnn_stream_top_muxdS, 0, 0, 0, 65</column>
<column name="cnn_stream_top_muxdS_U84">cnn_stream_top_muxdS, 0, 0, 0, 65</column>
</table>
</item>
<item name = "DSP48"><table name="" hasTotal="0">
<keys size="3">Instance, Module, Expression</keys>
</table>
</item>
<item name = "Memory"><table name="" hasTotal="1">
<keys size="9">Memory, Module, BRAM_18K, FF, LUT, Words, Bits, Banks, W*Bits*Banks</keys>
</table>
</item>
<item name = "FIFO"><table name="" hasTotal="1">
<keys size="7">Name, BRAM_18K, FF, LUT, Depth, Bits, Size:D*B</keys>
</table>
</item>
<item name = "Expression"><table name="" hasTotal="1">
<keys size="7">Variable Name, Operation, DSP48E, FF, LUT, Bitwidth P0, Bitwidth P1</keys>
<column name="c_fu_320_p2">+, 0, 0, 12, 3, 1</column>
<column name="r_fu_308_p2">+, 0, 0, 15, 1, 9</column>
<column name="ap_block_state18">and, 0, 0, 2, 1, 1</column>
<column name="ap_block_state3">and, 0, 0, 2, 1, 1</column>
<column name="exitcond3_i_fu_314_p2">icmp, 0, 0, 9, 3, 3</column>
<column name="exitcond4_i_fu_302_p2">icmp, 0, 0, 13, 9, 5</column>
<column name="sel_tmp1_fu_476_p2">icmp, 0, 0, 9, 3, 2</column>
<column name="sel_tmp2_fu_482_p2">icmp, 0, 0, 9, 3, 2</column>
<column name="sel_tmp3_fu_488_p2">icmp, 0, 0, 9, 3, 1</column>
<column name="sel_tmp4_fu_494_p2">icmp, 0, 0, 9, 3, 1</column>
<column name="sel_tmp_fu_470_p2">icmp, 0, 0, 9, 3, 4</column>
<column name="tmp_16_1_i_fu_1532_p2">icmp, 0, 0, 18, 32, 32</column>
<column name="tmp_16_2_i_fu_1562_p2">icmp, 0, 0, 18, 32, 32</column>
<column name="tmp_16_3_i_fu_1592_p2">icmp, 0, 0, 18, 32, 32</column>
<column name="tmp_16_4_i_fu_1622_p2">icmp, 0, 0, 18, 32, 32</column>
<column name="tmp_16_5_i_fu_1652_p2">icmp, 0, 0, 18, 32, 32</column>
<column name="tmp_16_6_i_fu_1682_p2">icmp, 0, 0, 18, 32, 32</column>
<column name="tmp_16_7_i_fu_1712_p2">icmp, 0, 0, 18, 32, 32</column>
<column name="tmp_16_i_fu_1502_p2">icmp, 0, 0, 18, 32, 32</column>
<column name="ap_block_state1">or, 0, 0, 2, 1, 1</column>
<column name="or_cond2_fu_506_p2">or, 0, 0, 2, 1, 1</column>
<column name="or_cond6_fu_519_p2">or, 0, 0, 2, 1, 1</column>
<column name="or_cond_fu_500_p2">or, 0, 0, 2, 1, 1</column>
<column name="line_buffer_5_0_V_14_fu_593_p3">select, 0, 0, 32, 1, 32</column>
<column name="line_buffer_5_0_V_15_fu_601_p3">select, 0, 0, 32, 1, 32</column>
<column name="line_buffer_5_0_V_2_49_fu_540_p3">select, 0, 0, 32, 1, 32</column>
<column name="line_buffer_5_0_V_5_50_fu_563_p3">select, 0, 0, 32, 1, 32</column>
<column name="line_buffer_5_0_V_7_fu_578_p3">select, 0, 0, 32, 1, 32</column>
<column name="line_buffer_5_0_V_9_fu_586_p3">select, 0, 0, 32, 1, 32</column>
<column name="line_buffer_5_0_V_fu_525_p3">select, 0, 0, 32, 1, 32</column>
<column name="line_buffer_5_1_V_14_fu_683_p3">select, 0, 0, 32, 1, 32</column>
<column name="line_buffer_5_1_V_15_fu_691_p3">select, 0, 0, 32, 1, 32</column>
<column name="line_buffer_5_1_V_2_51_fu_630_p3">select, 0, 0, 32, 1, 32</column>
<column name="line_buffer_5_1_V_5_52_fu_653_p3">select, 0, 0, 32, 1, 32</column>
<column name="line_buffer_5_1_V_7_fu_668_p3">select, 0, 0, 32, 1, 32</column>
<column name="line_buffer_5_1_V_9_fu_676_p3">select, 0, 0, 32, 1, 32</column>
<column name="line_buffer_5_1_V_fu_615_p3">select, 0, 0, 32, 1, 32</column>
<column name="line_buffer_5_2_V_14_fu_773_p3">select, 0, 0, 32, 1, 32</column>
<column name="line_buffer_5_2_V_15_fu_781_p3">select, 0, 0, 32, 1, 32</column>
<column name="line_buffer_5_2_V_2_53_fu_720_p3">select, 0, 0, 32, 1, 32</column>
<column name="line_buffer_5_2_V_5_54_fu_743_p3">select, 0, 0, 32, 1, 32</column>
<column name="line_buffer_5_2_V_7_fu_758_p3">select, 0, 0, 32, 1, 32</column>
<column name="line_buffer_5_2_V_9_fu_766_p3">select, 0, 0, 32, 1, 32</column>
<column name="line_buffer_5_2_V_fu_705_p3">select, 0, 0, 32, 1, 32</column>
<column name="line_buffer_5_3_V_14_fu_863_p3">select, 0, 0, 32, 1, 32</column>
<column name="line_buffer_5_3_V_15_fu_871_p3">select, 0, 0, 32, 1, 32</column>
<column name="line_buffer_5_3_V_2_55_fu_810_p3">select, 0, 0, 32, 1, 32</column>
<column name="line_buffer_5_3_V_5_56_fu_833_p3">select, 0, 0, 32, 1, 32</column>
<column name="line_buffer_5_3_V_7_fu_848_p3">select, 0, 0, 32, 1, 32</column>
<column name="line_buffer_5_3_V_9_fu_856_p3">select, 0, 0, 32, 1, 32</column>
<column name="line_buffer_5_3_V_fu_795_p3">select, 0, 0, 32, 1, 32</column>
<column name="line_buffer_5_4_V_14_fu_953_p3">select, 0, 0, 32, 1, 32</column>
<column name="line_buffer_5_4_V_15_fu_961_p3">select, 0, 0, 32, 1, 32</column>
<column name="line_buffer_5_4_V_2_57_fu_900_p3">select, 0, 0, 32, 1, 32</column>
<column name="line_buffer_5_4_V_5_58_fu_923_p3">select, 0, 0, 32, 1, 32</column>
<column name="line_buffer_5_4_V_7_fu_938_p3">select, 0, 0, 32, 1, 32</column>
<column name="line_buffer_5_4_V_9_fu_946_p3">select, 0, 0, 32, 1, 32</column>
<column name="line_buffer_5_4_V_fu_885_p3">select, 0, 0, 32, 1, 32</column>
<column name="line_buffer_5_5_V_14_fu_1043_p3">select, 0, 0, 32, 1, 32</column>
<column name="line_buffer_5_5_V_15_fu_1051_p3">select, 0, 0, 32, 1, 32</column>
<column name="line_buffer_5_5_V_2_59_fu_990_p3">select, 0, 0, 32, 1, 32</column>
<column name="line_buffer_5_5_V_5_60_fu_1013_p3">select, 0, 0, 32, 1, 32</column>
<column name="line_buffer_5_5_V_7_fu_1028_p3">select, 0, 0, 32, 1, 32</column>
<column name="line_buffer_5_5_V_9_fu_1036_p3">select, 0, 0, 32, 1, 32</column>
<column name="line_buffer_5_5_V_fu_975_p3">select, 0, 0, 32, 1, 32</column>
<column name="line_buffer_5_6_V_14_fu_1133_p3">select, 0, 0, 32, 1, 32</column>
<column name="line_buffer_5_6_V_15_fu_1141_p3">select, 0, 0, 32, 1, 32</column>
<column name="line_buffer_5_6_V_2_61_fu_1080_p3">select, 0, 0, 32, 1, 32</column>
<column name="line_buffer_5_6_V_5_62_fu_1103_p3">select, 0, 0, 32, 1, 32</column>
<column name="line_buffer_5_6_V_7_fu_1118_p3">select, 0, 0, 32, 1, 32</column>
<column name="line_buffer_5_6_V_9_fu_1126_p3">select, 0, 0, 32, 1, 32</column>
<column name="line_buffer_5_6_V_fu_1065_p3">select, 0, 0, 32, 1, 32</column>
<column name="line_buffer_5_7_V_14_fu_1228_p3">select, 0, 0, 32, 1, 32</column>
<column name="line_buffer_5_7_V_15_fu_1236_p3">select, 0, 0, 32, 1, 32</column>
<column name="line_buffer_5_7_V_2_63_fu_1172_p3">select, 0, 0, 32, 1, 32</column>
<column name="line_buffer_5_7_V_5_64_fu_1196_p3">select, 0, 0, 32, 1, 32</column>
<column name="line_buffer_5_7_V_7_fu_1212_p3">select, 0, 0, 32, 1, 32</column>
<column name="line_buffer_5_7_V_9_fu_1220_p3">select, 0, 0, 32, 1, 32</column>
<column name="line_buffer_5_7_V_fu_1156_p3">select, 0, 0, 32, 1, 32</column>
<column name="newSel10_fu_698_p3">select, 0, 0, 32, 1, 32</column>
<column name="newSel11_fu_713_p3">select, 0, 0, 32, 1, 32</column>
<column name="newSel12_fu_728_p3">select, 0, 0, 32, 1, 32</column>
<column name="newSel13_fu_735_p3">select, 0, 0, 32, 1, 32</column>
<column name="newSel14_fu_751_p3">select, 0, 0, 32, 1, 32</column>
<column name="newSel15_fu_788_p3">select, 0, 0, 32, 1, 32</column>
<column name="newSel16_fu_803_p3">select, 0, 0, 32, 1, 32</column>
<column name="newSel17_fu_818_p3">select, 0, 0, 32, 1, 32</column>
<column name="newSel18_fu_825_p3">select, 0, 0, 32, 1, 32</column>
<column name="newSel19_fu_841_p3">select, 0, 0, 32, 1, 32</column>
<column name="newSel1_fu_623_p3">select, 0, 0, 32, 1, 32</column>
<column name="newSel20_fu_878_p3">select, 0, 0, 32, 1, 32</column>
<column name="newSel21_fu_893_p3">select, 0, 0, 32, 1, 32</column>
<column name="newSel22_fu_908_p3">select, 0, 0, 32, 1, 32</column>
<column name="newSel23_fu_915_p3">select, 0, 0, 32, 1, 32</column>
<column name="newSel24_fu_931_p3">select, 0, 0, 32, 1, 32</column>
<column name="newSel25_fu_968_p3">select, 0, 0, 32, 1, 32</column>
<column name="newSel26_fu_983_p3">select, 0, 0, 32, 1, 32</column>
<column name="newSel27_fu_998_p3">select, 0, 0, 32, 1, 32</column>
<column name="newSel28_fu_1005_p3">select, 0, 0, 32, 1, 32</column>
<column name="newSel29_fu_1021_p3">select, 0, 0, 32, 1, 32</column>
<column name="newSel2_fu_548_p3">select, 0, 0, 32, 1, 32</column>
<column name="newSel30_fu_1058_p3">select, 0, 0, 32, 1, 32</column>
<column name="newSel31_fu_1073_p3">select, 0, 0, 32, 1, 32</column>
<column name="newSel32_fu_1088_p3">select, 0, 0, 32, 1, 32</column>
<column name="newSel33_fu_1095_p3">select, 0, 0, 32, 1, 32</column>
<column name="newSel34_fu_1111_p3">select, 0, 0, 32, 1, 32</column>
<column name="newSel35_fu_1148_p3">select, 0, 0, 32, 1, 32</column>
<column name="newSel36_fu_1164_p3">select, 0, 0, 32, 1, 32</column>
<column name="newSel37_fu_1180_p3">select, 0, 0, 32, 1, 32</column>
<column name="newSel38_fu_1188_p3">select, 0, 0, 32, 1, 32</column>
<column name="newSel39_fu_1204_p3">select, 0, 0, 32, 1, 32</column>
<column name="newSel3_fu_512_p3">select, 0, 0, 32, 1, 32</column>
<column name="newSel4_fu_555_p3">select, 0, 0, 32, 1, 32</column>
<column name="newSel5_fu_638_p3">select, 0, 0, 32, 1, 32</column>
<column name="newSel6_fu_571_p3">select, 0, 0, 32, 1, 32</column>
<column name="newSel7_fu_645_p3">select, 0, 0, 32, 1, 32</column>
<column name="newSel8_fu_608_p3">select, 0, 0, 32, 1, 32</column>
<column name="newSel9_fu_661_p3">select, 0, 0, 32, 1, 32</column>
<column name="newSel_fu_533_p3">select, 0, 0, 32, 1, 32</column>
<column name="tmp_V_17_fu_1687_p3">select, 0, 0, 32, 1, 32</column>
<column name="tmp_V_18_fu_1718_p3">select, 0, 0, 32, 1, 32</column>
<column name="tmp_V_4_fu_1507_p3">select, 0, 0, 32, 1, 32</column>
<column name="tmp_V_5_fu_1537_p3">select, 0, 0, 32, 1, 32</column>
<column name="tmp_V_6_fu_1567_p3">select, 0, 0, 32, 1, 32</column>
<column name="tmp_V_7_fu_1597_p3">select, 0, 0, 32, 1, 32</column>
<column name="tmp_V_8_fu_1627_p3">select, 0, 0, 32, 1, 32</column>
<column name="tmp_V_9_fu_1657_p3">select, 0, 0, 32, 1, 32</column>
</table>
</item>
<item name = "Multiplexer"><table name="" hasTotal="1">
<keys size="5">Name, LUT, Input Size, Bits, Total Bits</keys>
<column name="ap_NS_fsm">93, 19, 1, 19</column>
<column name="ap_done">9, 2, 1, 2</column>
<column name="c_i_reg_286">9, 2, 3, 6</column>
<column name="conv2_out_V_V_blk_n">9, 2, 1, 2</column>
<column name="pool2_out_V_V_blk_n">9, 2, 1, 2</column>
<column name="pool2_out_V_V_din">44, 9, 32, 288</column>
<column name="r_i_reg_275">9, 2, 9, 18</column>
<column name="real_start">9, 2, 1, 2</column>
</table>
</item>
<item name = "Register"><table name="" hasTotal="1">
<keys size="5">Name, FF, LUT, Bits, Const Bits</keys>
<column name="ap_CS_fsm">18, 0, 18, 0</column>
<column name="ap_done_reg">1, 0, 1, 0</column>
<column name="c_i_reg_286">3, 0, 3, 0</column>
<column name="c_reg_2029">3, 0, 3, 0</column>
<column name="line_buffer_5_0_V_11_fu_230">32, 0, 32, 0</column>
<column name="line_buffer_5_0_V_1_fu_70">32, 0, 32, 0</column>
<column name="line_buffer_5_0_V_3_fu_102">32, 0, 32, 0</column>
<column name="line_buffer_5_0_V_4_fu_134">32, 0, 32, 0</column>
<column name="line_buffer_5_0_V_6_fu_166">32, 0, 32, 0</column>
<column name="line_buffer_5_0_V_8_fu_198">32, 0, 32, 0</column>
<column name="line_buffer_5_1_V_11_fu_234">32, 0, 32, 0</column>
<column name="line_buffer_5_1_V_1_fu_74">32, 0, 32, 0</column>
<column name="line_buffer_5_1_V_3_fu_106">32, 0, 32, 0</column>
<column name="line_buffer_5_1_V_4_fu_138">32, 0, 32, 0</column>
<column name="line_buffer_5_1_V_6_fu_170">32, 0, 32, 0</column>
<column name="line_buffer_5_1_V_8_fu_202">32, 0, 32, 0</column>
<column name="line_buffer_5_2_V_11_fu_238">32, 0, 32, 0</column>
<column name="line_buffer_5_2_V_1_fu_78">32, 0, 32, 0</column>
<column name="line_buffer_5_2_V_3_fu_110">32, 0, 32, 0</column>
<column name="line_buffer_5_2_V_4_fu_142">32, 0, 32, 0</column>
<column name="line_buffer_5_2_V_6_fu_174">32, 0, 32, 0</column>
<column name="line_buffer_5_2_V_8_fu_206">32, 0, 32, 0</column>
<column name="line_buffer_5_3_V_11_fu_242">32, 0, 32, 0</column>
<column name="line_buffer_5_3_V_1_fu_82">32, 0, 32, 0</column>
<column name="line_buffer_5_3_V_3_fu_114">32, 0, 32, 0</column>
<column name="line_buffer_5_3_V_4_fu_146">32, 0, 32, 0</column>
<column name="line_buffer_5_3_V_6_fu_178">32, 0, 32, 0</column>
<column name="line_buffer_5_3_V_8_fu_210">32, 0, 32, 0</column>
<column name="line_buffer_5_4_V_11_fu_246">32, 0, 32, 0</column>
<column name="line_buffer_5_4_V_1_fu_86">32, 0, 32, 0</column>
<column name="line_buffer_5_4_V_3_fu_118">32, 0, 32, 0</column>
<column name="line_buffer_5_4_V_4_fu_150">32, 0, 32, 0</column>
<column name="line_buffer_5_4_V_6_fu_182">32, 0, 32, 0</column>
<column name="line_buffer_5_4_V_8_fu_214">32, 0, 32, 0</column>
<column name="line_buffer_5_5_V_11_fu_250">32, 0, 32, 0</column>
<column name="line_buffer_5_5_V_1_fu_90">32, 0, 32, 0</column>
<column name="line_buffer_5_5_V_3_fu_122">32, 0, 32, 0</column>
<column name="line_buffer_5_5_V_4_fu_154">32, 0, 32, 0</column>
<column name="line_buffer_5_5_V_6_fu_186">32, 0, 32, 0</column>
<column name="line_buffer_5_5_V_8_fu_218">32, 0, 32, 0</column>
<column name="line_buffer_5_6_V_11_fu_254">32, 0, 32, 0</column>
<column name="line_buffer_5_6_V_1_fu_94">32, 0, 32, 0</column>
<column name="line_buffer_5_6_V_3_fu_126">32, 0, 32, 0</column>
<column name="line_buffer_5_6_V_4_fu_158">32, 0, 32, 0</column>
<column name="line_buffer_5_6_V_6_fu_190">32, 0, 32, 0</column>
<column name="line_buffer_5_6_V_8_fu_222">32, 0, 32, 0</column>
<column name="line_buffer_5_7_V_11_fu_258">32, 0, 32, 0</column>
<column name="line_buffer_5_7_V_1_fu_98">32, 0, 32, 0</column>
<column name="line_buffer_5_7_V_3_fu_130">32, 0, 32, 0</column>
<column name="line_buffer_5_7_V_4_fu_162">32, 0, 32, 0</column>
<column name="line_buffer_5_7_V_6_fu_194">32, 0, 32, 0</column>
<column name="line_buffer_5_7_V_8_fu_226">32, 0, 32, 0</column>
<column name="r_i_reg_275">9, 0, 9, 0</column>
<column name="r_reg_2021">9, 0, 9, 0</column>
<column name="start_once_reg">1, 0, 1, 0</column>
<column name="tmp_8_reg_2014">1, 0, 1, 0</column>
<column name="tmp_V_17_reg_2148">32, 0, 32, 0</column>
<column name="tmp_V_18_reg_2153">32, 0, 32, 0</column>
<column name="tmp_V_19_reg_2046">32, 0, 32, 0</column>
<column name="tmp_V_20_reg_2058">32, 0, 32, 0</column>
<column name="tmp_V_21_reg_2070">32, 0, 32, 0</column>
<column name="tmp_V_22_reg_2082">32, 0, 32, 0</column>
<column name="tmp_V_23_reg_2094">32, 0, 32, 0</column>
<column name="tmp_V_24_reg_2106">32, 0, 32, 0</column>
<column name="tmp_V_4_reg_2118">32, 0, 32, 0</column>
<column name="tmp_V_5_reg_2123">32, 0, 32, 0</column>
<column name="tmp_V_6_reg_2128">32, 0, 32, 0</column>
<column name="tmp_V_7_reg_2133">32, 0, 32, 0</column>
<column name="tmp_V_8_reg_2138">32, 0, 32, 0</column>
<column name="tmp_V_9_reg_2143">32, 0, 32, 0</column>
<column name="tmp_V_reg_2034">32, 0, 32, 0</column>
</table>
</item>
</section>
</item>
</section>

<section name = "Interface" level="0">
<item name = "Summary"><table name="" hasTotal="0">
<keys size="6">RTL Ports, Dir, Bits, Protocol, Source Object, C Type</keys>
<column name="ap_clk">in, 1, ap_ctrl_hs, max_pooling1d, return value</column>
<column name="ap_rst">in, 1, ap_ctrl_hs, max_pooling1d, return value</column>
<column name="ap_start">in, 1, ap_ctrl_hs, max_pooling1d, return value</column>
<column name="start_full_n">in, 1, ap_ctrl_hs, max_pooling1d, return value</column>
<column name="ap_done">out, 1, ap_ctrl_hs, max_pooling1d, return value</column>
<column name="ap_continue">in, 1, ap_ctrl_hs, max_pooling1d, return value</column>
<column name="ap_idle">out, 1, ap_ctrl_hs, max_pooling1d, return value</column>
<column name="ap_ready">out, 1, ap_ctrl_hs, max_pooling1d, return value</column>
<column name="start_out">out, 1, ap_ctrl_hs, max_pooling1d, return value</column>
<column name="start_write">out, 1, ap_ctrl_hs, max_pooling1d, return value</column>
<column name="conv2_out_V_V_dout">in, 32, ap_fifo, conv2_out_V_V, pointer</column>
<column name="conv2_out_V_V_empty_n">in, 1, ap_fifo, conv2_out_V_V, pointer</column>
<column name="conv2_out_V_V_read">out, 1, ap_fifo, conv2_out_V_V, pointer</column>
<column name="pool2_out_V_V_din">out, 32, ap_fifo, pool2_out_V_V, pointer</column>
<column name="pool2_out_V_V_full_n">in, 1, ap_fifo, pool2_out_V_V, pointer</column>
<column name="pool2_out_V_V_write">out, 1, ap_fifo, pool2_out_V_V, pointer</column>
</table>
</item>
</section>
</profile>
