<profile>

<section name = "Vivado HLS Report for 'max_pooling1d'" level="0">
<item name = "Date">Mon Aug 11 03:11:43 2025
</item>
<item name = "Version">2018.3 (Build 2405991 on Thu Dec 06 23:56:15 MST 2018)</item>
<item name = "Project">CNN_HLS2</item>
<item name = "Solution">solution1</item>
<item name = "Product family">zynq</item>
<item name = "Target device">xc7z020clg484-1</item>
</section>

<section name = "Performance Estimates" level="0">
<item name = "Timing (ns)">
<section name = "" level="1">
<item name = "Summary"><table name="" hasTotal="0">
<keys size="4">Clock, Target, Estimated, Uncertainty</keys>
<column name="ap_clk">10.00, 6.805, 1.25</column>
</table>
</item>
</section>
</item>
<item name = "Latency (clock cycles)">
<section name = "" level="1">
<item name = "Summary"><table name="" hasTotal="0">
<keys size="6">, min, max, min, max, Type</keys>
<column name="">28001, 49001, 28001, 49001, none</column>
</table>
</item>
<item name = "Detail">
<section name = "" level="1">
<item name = "Instance"><table name="" hasTotal="0">
<keys size="7">Instance, Module, min, max, min, max, Type</keys>
</table>
</item>
<item name = "Loop"><table name="" hasTotal="0">
<keys size="8">Loop Name, min, max, Latency, achieved, target, Count, Pipelined</keys>
<column name="- Loop 1">28000, 49000, 56 ~ 98, -, -, 500, no</column>
<column name=" + Loop 1.1">54, 96, 9 ~ 16, -, -, 6, no</column>
</table>
</item>
</section>
</item>
</section>
</item>
</section>
</profile>
